S0210000525A5432485F4556425F435235325F305F7363695F756172742E73726563AA
S3151006000018F09FE518F09FE518F09FE518F09FE5A4
S3151006001018F09FE518F09FE518F09FE518F09FE594
S31510060020B07907105D1006105D1006105D100610EB
S315100600305D1006105D100610D81006105D1006101D
S315100600400000000000000000000000000000000094
S315100600500000000000000000000000000000000084
S315100600600000000000000000000000000000000074
S315100600700000000000000000000000000000000064
S3151006100083070BE3000040E3300F81EE111F91EECC
S31510061010021281E3111F81EE34009FE5100F0CEECC
S31510061020101F1FEE021081E3011081E34FF07FF5CA
S31510061030101F0FEE6FF07FF500000FE11F00C0E3E3
S31510061040130080E300F36EE108109FE501F32EE12D
S315100610506E0060E1000006106010061000BE7047B4
S31510061060E83E06E3063041E3E82E05E3062041E3B3
S31510061070E81E08E3061041E3E80E07E3060041E31F
S31510061080E8CE03E306C041E3E8EE04E306E041E3F7
S31510061090110002F103D0A0E1120002F102D0A0E184
S315100610A0170002F101D0A0E11B0002F100D0A0E169
S315100610B01F0002F10CD0A0E1130002F10ED0A0E140
S315100610C0FFFFFFEA10402DE9200000FA270000FB7B
S315100610D0B80400EA1080BDE804E04EE21F056DF97B
S315100610E01F0002F10F102DE9100AF1EE01002DE98D
S315100610F004D04DE2200B2DED200B6DED5C3F1CEE62
S315100611001C0F1CEE04002DE50D10A0E1041001E2E3
S3151006111001D04DE002402DE92C109FE531FF2FE15D
S315100611200240BDE801D08DE004009DE43C0F0CEEB4
S31510061130200BFDEC200BBDEC04D08DE204009DE4E3
S31510061140100AE1EE0F10BDE8000ABDF823170610C7
S3151006115011EE503F43F4700301EE503FBFF36F8F0D
S31510061160F8EE103A43F08043E8EE103ABFF36F8F6D
S3151006117070471BEE103F43F00303BFF34F8F0BEE82
S31510061180103FBFF36F8F704706EE320FBFF34F8FC8
S3151006119006EE131FBFF34F8F06EE332FBFF34F8F97
S315100611A0704710B511EE103FBFF34F8F01EE103F8B
S315100611B0BFF36F8F4BF6FF33C4F288430AEE123F26
S315100611C04FF48063C0F608430AEE323FBFF34F8FE3
S315100611D000240CE042F2C033C1F2060303EBC4024C
S315100611E0526853F834102046FFF7CEFF0134172CF9
S315100611F0F0D900F069FD00F05CFD00F044FD00F04A
S315100612004DFD10BDF82304EE163F01230CEEFC3FF0
S315100612101CEE9C3F43F001030CEE9C3FBFF36F8F11
S31510061220704708B5002001F0B2F800F01EFB012049
S3151006123001F0ADF800F04BF900F063F900F0BEFDD1
S3151006124000F08DFD00F09FFAFFF7ABFF00F09FF957
S31510061250022001F09CF800F098FC00F009F8FFF760
S31510061260D1FF00F08EFC00F064F90FF0A7F808BD68
S3151006127008B5032000F0D9FC002321E149F6744194
S31510061280C1F2070151F833004FF4A052C8F22912E1
S3151006129042F8330001EBC301496802EBC302516001
S315100612A049F6F431C1F2070151F833004FF4A8524A
S315100612B0C8F2291242F8330001EBC301496802EB62
S315100612C0C302516049F67431C1F2070151F8330071
S315100612D04FF4B052C8F2291242F8330001EBC3019B
S315100612E0496802EBC302516049F6F421C1F20701BF
S315100612F051F833004FF4B852C8F2291242F83300A7
S3151006130001EBC301496802EBC302516049F6742129
S31510061310C1F2070151F833004FF4C052C8F2291230
S3151006132042F8330001EBC301496802EBC302516070
S3151006133049F6F411C1F2070151F833004FF4C852B9
S31510061340C8F2291242F8330001EBC301496802EBD1
S31510061350C302516049F67411C1F2070151F8330000
S315100613604FF4D052C8F2291242F8330001EBC301EA
S31510061370496802EBC302516049F6F401C1F207014E
S3151006138051F833004FF4D852C8F2291242F83300F6
S3151006139001EBC301496802EBC302516049F67401B9
S315100613A0C1F2070151F833004FF4E052C8F2291280
S315100613B042F8330001EBC301496802EBC3025160E0
S315100613C049F2F471C1F2070151F833004FF4E852AD
S315100613D0C8F2291242F8330001EBC301496802EB41
S315100613E0C302516049F27471C1F2070151F8330014
S315100613F04FF48062C8F2291242F8330001EBC3019A
S31510061400496802EBC302516049F2F461C1F2070161
S3151006141051F833004FF4A062C8F2291242F833008D
S3151006142001EBC301496802EBC302516049F27461CC
S31510061430C1F2070151F833004FF4C062C8F22912FF
S3151006144042F8330001EBC301496802EBC30251604F
S3151006145049F2F451C1F2070151F833004FF4E06234
S31510061460C8F2291242F8330001EBC301496802EBB0
S31510061470C302516049F27451C1F2070151F83300A3
S315100614804FF40062C8F2291242F8330001EBC30189
S31510061490496802EBC302516049F2F441C1F20701F1
S315100614A051F833004FF41062C8F2291242F833008D
S315100614B001EBC301496802EBC30251600133DBB28B
S315100614C00F2B7FF6DBAE032000F077FB08BD7047C7
S315100614D08C4669B18908002303E0002240F8042BE4
S315100614E001338B42F9D31CF0030202D1BFF34F8F9F
S315100614F0704700239342F9D2002100F8011B0133ED
S31510061500F8E708B542F6E861C1F2060142F218504C
S31510061510C1F20600091AFFF7DBFF4AF2F021C1F203
S3151006152007014AF2E000C1F20700091AFFF7D0FFD9
S3151006153008BD38B5012000F078FB14EE161F0025FD
S3151006154004EE165F2B46C8F22803D3F8082322F0BA
S315100615502002C3F80823D3F808332C46C9F201042F
S31510061560237A237A237A237A237A04EE161F012006
S3151006157000F023FB237965F300032371237965F3C2
S3151006158005132371637965F30413637138BD38B592
S315100615904AF2E005C1F207054AF2E003C1F2070373
S315100615A0ED1AAD10002407E04AF2E003C1F2070374
S315100615B053F8243098470134AC42F5DB4AF2E0057D
S315100615C0C1F207054AF2E003C1F20703ED1AAD10A0
S315100615D0002407E04AF2E003C1F2070353F8243069
S315100615E098470134AC42F5DB38BD00220FE06FF0A8
S315100615F0FC2321B140F2FF3040EA01410B400021A5
S31510061600C8F22A0102F5837041F8203001324F2ABA
S3151006161015D802F1C003500000F2811048F240714D
S31510061620C1F2070131F8233031F81010002BDED045
S3151006163023F0FC2343F07F7343F44033D9E7704716
S315100616408446002318460F2B26D800B506E0590007
S3151006165002228A40104301330F2B1BD803EB0C11C1
S3151006166048F24072C1F2070232F811204FEA121EF2
S3151006167002F00F014900002AE9D049F20042C1F2F0
S31510061680070252F82E20CA4002F0030259008A4079
S315100616901043E0E75DF804FB704710B5FFF7A5FFAA
S315100616A04FF01442136843F0020313600022C9F286
S315100616B01042002353610CE049F20042C1F20702C0
S315100616C052F8230003F202314FF0144242F8210079
S315100616D00133172BF0D9182409E02046FFF7B0FF7F
S315100616E004F202324FF0144343F822000134212C3F
S315100616F0F3D900220EE002F1A0039B0003F1144376
S315100617004FF0FF31596002F1E0039B0003F11443D9
S31510061710596001320C2AEED962B661B6BFF36F8FE5
S3151006172010BD08B51FFA80FCC0F30900A0F1200110
S3151006173042F29C53C1F206031A7802F1010E83F89F
S3151006174000E042F2A053C1F2060323F81210BFF3CB
S315100617505F8F1CF4787F0ED048F68033C1F20703EC
S3151006176053F82130984742F29C53C1F206031A7871
S31510061770013A1A7008BD42F21853C1F2060353F81D
S3151006178020309847EFE70023C8F228135A6802F06C
S3151006179003024FF4CA43C1F6CD53934042F2985210
S315100617A0C1F206021360704700B583B00023C8F273
S315100617B028130122C0F20F025A605A6801925A681B
S315100617C001925A6801925A6801925A6801925A68A9
S315100617D001925A6801925B6801930023C8F22803A6
S315100617E040F20662C0F202021A601A6801921A687C
S315100617F001921A6801921A6801921A6801921A6879
S3151006180001921A6801921A6801924FF6FF72C0F297
S3151006181010029A609A6801929A6801929A680192E1
S315100618209A6801929A6801929A6801929A68019248
S315100618309A6801924FF6EC72C0F2FF12DA60DA6815
S315100618400192DA680192DA680192DA680192DA6828
S315100618500192DA680192DA680192DB680193019BBC
S31510061860FFF791FF03B05DF804FB10B582B00024B4
S3151006187001944FF48043C8F229034AF20352C3F87F
S3151006188000224FF4C043C8F229131A60FFF77BFFF4
S31510061890FFF78AFF2346C8F2281301221A67234642
S315100618A002E000BF01339BB249F63F429342F8D994
S315100618B00023C8F228133F22C3F880204FF40043B2
S315100618C0C8F2281301221A8140F2FF329A8107E0E4
S315100618D04FF40043C8F228131B7D13F0010F16D0E0
S315100618E04FF40043C8F22813A5221A7401221A705F
S315100618F0FE2119701A701B78DBB29342E8D04FF4AA
S315100619000043C8F228131B7DDBB20193E0E74FF4C0
S315100619100043C8F2281301221A8540F2FF329A852F
S3151006192008E04FF40043C8F2281393F8343013F046
S31510061930010F1CD04FF40043C8F22813A52283F8D2
S315100619403020012283F82020FE2183F8201083F808
S31510061950202093F82030DBB29342E2D04FF40043B6
S31510061960C8F2281393F83430DBB20193D9E74FF453
S315100619700043C8F228130122A3F8482040F2FF328A
S31510061980A3F84C2008E04FF40043C8F2281393F846
S31510061990543013F0010F1CD04FF40043C8F228132D
S315100619A0A52283F85020012283F84020FE2183F8D1
S315100619B0401083F8402093F84030DBB29342E2D0D1
S315100619C04FF40043C8F2281393F85430DBB2019350
S315100619D0D9E74FF40043C8F228130122A3F868206A
S315100619E040F2FF32A3F86C2008E04FF40043C8F229
S315100619F0281393F8743013F0010F1CD04FF40043DC
S31510061A00C8F22813A52283F87020012283F86020D5
S31510061A10FE2183F8601083F8602093F86030DBB2FD
S31510061A209342E2D04FF40043C8F2281393F8743069
S31510061A30DBB20193D9E74FF40043C8F2281301220B
S31510061A40A3F8882040F2FF32A3F88C2008E04FF462
S31510061A500043C8F2281393F8943013F0010F1CD0E4
S31510061A604FF40043C8F22813A52283F890200122CA
S31510061A7083F88020FE2183F8801083F8802093F85F
S31510061A808030DBB29342E2D04FF40043C8F22813FB
S31510061A9093F89430DBB20193D9E74FF40043C8F2BA
S31510061AA028130122A3F8A82040F2FF32A3F8AC208F
S31510061AB008E04FF40043C8F2281393F8B43013F035
S31510061AC0010F1CD04FF40043C8F22813A52283F841
S31510061AD0B020012283F8A020FE2183F8A01083F8F7
S31510061AE0A02093F8A030DBB29342E2D04FF4004325
S31510061AF0C8F2281393F8B430DBB20193D9E74FF442
S31510061B000043C8F228130122A3F8C82040F2FF3278
S31510061B10A3F8CC2008E04FF40043C8F2281393F834
S31510061B20D43013F0010F1CD04FF40043C8F228131B
S31510061B30A52283F8D020012283F8C020FE2183F83F
S31510061B40C01083F8C02093F8C030DBB29342E2D0BF
S31510061B504FF40043C8F2281393F8D430DBB201933E
S31510061B60D9E74FF48043C8F229034FF42542C3F848
S31510061B7000224FF4C043C8F229131A60019B02B023
S31510061B8010BD08B5FFF789FD08BD08B5032000F09E
S31510061B904CF80023C8F22403FF221A62002306E03B
S31510061BA00022C8F22402012142F823100B44072B07
S31510061BB0F6D9032000F001F808BD42F6E063C1F23B
S31510061BC0060333F810309BB253B142F6E062C1F207
S31510061BD0060232F810309BB2013B9BB222F8103047
S31510061BE042F6E063C1F2060333F810309BB2DBB956
S31510061BF04FF48041C8F22901D1F8002242F4254259
S31510061C0042F28043C1F2060333F81030DB439BB22F
S31510061C101A40C1F800224FF4C041C8F229110A68C9
S31510061C2042F4254213400B60704742F6E063C1F258
S31510061C30060333F810309BB2CBB94FF48042C8F284
S31510061C402902D2F8003242F28041C1F2060131F879
S31510061C5010100B4343F42543C2F800324FF4C0422A
S31510061C60C8F2291213680B4343F42543136042F650
S31510061C70E062C1F2060232F810309BB201339BB213
S31510061C8022F81030704711EE103F43F48053BFF31D
S31510061C904F8F01EE103FBFF36F8F704711EE103F57
S31510061CA043F00403BFF34F8F01EE103FBFF36F8F60
S31510061CB0704711EE103F43F00103BFF34F8F01EE4D
S31510061CC0103FBFF36F8F70472DE9F041BFF34F8F6B
S31510061CD0002307EE153FBFF35F8F30EE306FC6F366
S31510061CE0026716F0E06F33D1BDE8F0811F240DE0D0
S31510061CF0013A02FA04F343EA0E0300FA0CF10B4317
S31510061D0007EE563F002AF3D110B101384246F0E7E6
S31510061D100135BD421ED205EB450326FA03F313F031
S31510061D20060FF5D04FEA450E40EE10EFBFF34F8F74
S31510061D3030EE100F00F0070C0CF1040CC0F3C908B6
S31510061D40C0F34E30B8F1000FD0D0B8FA88F4DDE7FC
S31510061D500025DEE7BFF34F8FBFF36F8FC4E7002072
S31510061D6029E000F5012303F580731B0342F288412F
S31510061D70C1F206014FEA001C01EB001251F80C10D5
S31510061D80996092F804C0517941EA4C01D96092F8EB
S31510061D900AC0D17AC90741EA8C7192F80CC041EA99
S31510061DA00C01C3F81011D188128941EA0242C3F810
S31510061DB014210130C0B20828D3D9704708B50320BC
S31510061DC0FFF733FF4FF48072C8F229124FF00073F3
S31510061DD0136053609360D360136153614FF4885256
S31510061DE0C8F22912136053609360D360136153616E
S31510061DF093610320FFF7E1FE08BD14EE162F0023AC
S31510061E0004EE163F4AF26C13C1F207031B688BB930
S31510061E104FF48043C8F22903D3F800124AF204504D
S31510061E200143C3F800124FF4C043C8F229131968C8
S31510061E30014319604AF26C13C1F20703196801319E
S31510061E40196004EE162F704714EE163F002204EEA4
S31510061E50162F4AF26C12C1F20702126832B14AF212
S31510061E606C12C1F207021168013911604AF26C123E
S31510061E70C1F207021268AAB94FF48041C8F22901C5
S31510061E80D1F8002245F6FB20024042F42542C1F85D
S31510061E9000224FF4C041C8F229110A68024042F4E2
S31510061EA025420A6004EE163F704770B50B0AC9B292
S31510061EB0032936D803F5A07C50F83C504FEAC10EDC
S31510061EC0FF2404FA0EF425EA04055478A40804FA45
S31510061ED00EF42C4340F83C40147814F0080F4FD0FB
S31510061EE0032935D803F1C00C50F83C504FEAC10E01
S31510061EF03F2404FA0EF425EA04051488C4F30514DF
S31510061F0004FA0EF42C4340F83C40034493F80004BC
S31510061F101278C2F3C0028A40D2B2024383F8002472
S31510061F2070BD03F5A07E00EBCE0EDEF80450A1F1CF
S31510061F30040C4FEACC0CFF2404FA0CF425EA04052B
S31510061F405478A40804FA0CF42C43CEF80440C3E7DC
S31510061F5003F1C00500EBC5056C68A1F1040C4FEA48
S31510061F60CC0C4FF03F0E0EFA0CFE24EA0E0E148819
S31510061F70C4F3051404FA0CF444EA0E046C60C4E7C0
S31510061F80C51895F800E401248C40E4B26FEA040CF7
S31510061F905FFA8CF60CEA0E0C85F800C492F800C0AF
S31510061FA00CF00605022D1DD01578C5F34105012D39
S31510061FB0B6D91CF0010F26D1C45C3440C45403F5BF
S31510061FC0807330F81340A4B2490003258D4024EAE5
S31510061FD005041278C2F341028A40224392B220F8CF
S31510061FE013209DE703F5807330F8132092B24D0047
S31510061FF00324AC4022EA04020121A9400A4392B204
S3151006200020F813208CE7C55C2C43C454D7E770B56B
S315100620100B0AC9B2032936D803F5A07C50F83C50F2
S315100620204FEAC10EFF2404FA0EF425EA0405547885
S31510062030A40804FA0EF42C4340F83C40147814F025
S31510062040080F4FD0032935D803F1C00C50F83C5071
S315100620504FEAC10E3F2404FA0EF425EA0405148845
S31510062060C4F3051404FA0EF42C4340F83C4003441A
S3151006207093F800041278C2F3C0028A40D2B2024321
S3151006208083F8002470BD03F5A07E00EBCE0EDEF8B5
S315100620900450A1F1040C4FEACC0CFF2404FA0CF4FC
S315100620A025EA04055478A40804FA0CF42C43CEF851
S315100620B00440C3E703F1C00500EBC5056C68A1F142
S315100620C0040C4FEACC0C4FF03F0E0EFA0CFE24EA27
S315100620D00E0E1488C4F3051404FA0CF444EA0E041E
S315100620E06C60C4E7C51895F800E401248C40E4B288
S315100620F06FEA040C5FFA8CF60CEA0E0C85F800C42F
S3151006210092F800C00CF00605022D1DD01578C5F301
S315100621104105012DB6D91CF0010F26D1C45C3440F9
S31510062120C45403F5807330F81340A4B2490003254E
S315100621308D4024EA05041278C2F341028A402243EE
S3151006214092B220F813209DE703F5807330F813201A
S3151006215092B24D000324AC4022EA04020121A940A2
S315100621600A4392B220F813208CE7C55C2C43C4545C
S31510062170D7E710B503460A46010A5FFA80FC90783F
S3151006218010F0010F1DD00C2906D919460020C8F2E9
S315100621902C00FFF73CFF10BD01F1014101F530118E
S315100621A091F800EC012000FA0CF0C0B24EEA0000DD
S315100621B081F8000C19460020C8F22B00FFF775FEB1
S315100621C0E9E70020C8F22C10014491F800EC01242E
S315100621D004FA0CFC2EEA0C0C81F800CC1946FFF713
S315100621E064FED8E738B50546FFF707FE002407E074
S315100621F0696801EBC4018888FFF7BBFF0134A4B2F6
S315100622002B88A342F4D8FFF71FFE38BD70B50446D7
S31510062210FFF7F3FD4FF0000C6346624623E043F0EA
S31510062220080343EA000E01EB410004EB4000C37BB2
S31510062230012B34D001EB410304EB43039B7C5B017A
S31510062240DBB243EA0E03DBB201F1004000F53010B3
S3151006225080F80C3E01EB410004EB4000807B012820
S315100622602FD00132D2B2032A31D8114602EB4203DD
S3151006227004EB43031B8A4FEA132ED8B202F100432E
S3151006228003F5301393F80C3E03F08003BEF10E0FE0
S31510062290C5D0BEF11E0FC4D143F01003C1E7C07CF2
S315100622A04001C0B240EA0E03DBB20025C8F22C0587
S315100622B095F8106E01208840C0B2304385F8100E8E
S315100622C0C2E700FA01F1C9B241EA0C0CC9E74FF0B0
S315100622D0000E72460DE004EB410040780001C0B2D4
S315100622E0034301F1004101F5301181F8023E013236
S315100622F0D2B2012A2DD8114602EB82002044C679A5
S3151006230014F812502E4302F1004505F5301585F8DE
S31510062310006E00790128DED10020C8F22C00831841
S3151006232093F8023E03F0880302EB820525446E7984
S315100623301E43AB799B00DBB233432D7A02F56076EA
S3151006234000EB8600057101209040C0B240EA0E0EE1
S31510062350C1E74FEA8E0E4EEA0C1E0EF0FC0E002357
S31510062360C8F22C0383F811EEFFF76EFD70BD10B59B
S315100623700C4645F25423C5F24F03036081600846A6
S31510062380FFF730FFA068FFF741FF002010BD0228B7
S3151006239000D0704708B548F2A423C1F207039B681C
S315100623A04BB148F2A421C1F207014AF20010C1F25C
S315100623B00700FFF7DCFF08BD04F01FE52312061021
S315100623C012000000C7FF070012001000C7FF10001A
S315100623D002000010C3FF0F1012001010C7FF1F10C7
S315100623E012000021C9FF072112001021C9FF102172
S315100623F012000040C7FFFF5F12000070C7FFFF7F85
S3151006240013000080CBFFFF8113000088CBFFFF89E6
S315100624101300008CC9FFFF8C13000090CBFF3F9072
S3151006242013000092CBFFFF9213000094C9FF1F946E
S31510062430130000A0CBFFFFBF020000C0C3FFFFFFC3
S315100624400000000000000000000000000000000070
S315100624500000000000000000000000000000000060
S315100624600000000000000000000000000000000050
S315100624700000000000000000000000000000000040
S3151006248001000200040008000300000000000F000F
S315100624900F000101030000000100000000000F00FC
S315100624A00F000101010000000300000000000F00EC
S315100624B00F000101030000000100000000000F00DC
S315100624C00F000101010000000100000000000F00CE
S315100624D00F000101010000000F00000000000F00B0
S315100624E00F0001010F0000000100000000000F00A0
S315100624F00F000101010000000300000000000F009C
S315100625000F000101030000000300000000000F0089
S315100625100F0001010300000000000000000000008B
S31510062520000000000000000000000000000000008F
S31510062530000000000000000000000000000000007F
S31510062540000000000000000000000000000000006F
S31510062550000000000000000000000000000000005F
S31510062560000000000000000000000000000000004F
S31510062570000000000000000000000000000000003F
S31510062580000000000000000000000000000000002F
S31510062590000000000000000000000000000000001F
S315100625A0000000000000000000000000000000000F
S315100625B000000000000000000000000000000000FF
S315100625C000000000000000000000000000000000EF
S315100625D000000000000000000000000000000000DF
S315100625E000000000000000000000000000000000CF
S315100625F000000000000000000000000000000000BF
S3151006260000000000000000000000000000000000AE
S31510062610000000000000000000000000000000009E
S31510062620000000000000000000000000000000008E
S31510062630000000000000000000000000000000007E
S31510062640000000000000000000000000000000006E
S31510062650000000000000000000000000000000005E
S31510062660000000000000000000000000000000004E
S31510062670000000000000000000000000000000003E
S31510062680000000000000000000000000000000002E
S31510062690000000000000000000000000000000001E
S315100626A0000000000000000000000000000000000E
S315100626B000000000000000000000000000000000FE
S315100626C000000000000000000000000000000000EE
S315100626D000000000000000000000000000000000DE
S315100626E000000000000000000000000000000000CE
S315100626F000000000000000000000000000000000BE
S3151006270000000000000000000000000000000000AD
S31510062710000000000000000000000000000000009D
S31510062720000000000000000000000000000000008D
S31510062730000000000000000000000000000000007D
S31510062740000000000000000000000000000000006D
S31510062750000000000000000000000000000000005D
S31510062760000000000000000000000000000000004D
S31510062770000000000000000000000000000000003D
S31510062780000000000000000000000000000000002D
S31510062790000000000000000000000000000000001D
S315100627A0000000000000000000000000000000000D
S315100627B000000000000000000000000000000000FD
S315100627C000000000000000000000000000000000ED
S315100627D000000000000000000000000000000000DD
S315100627E000000000000000000000000000000000CD
S315100627F000000000000000000000000000000000BD
S3151006280000000000000000000000000000000000AC
S31510062810000000000000000000000000000000009C
S31510062820000000000000000000000000000000008C
S31510062830000000000000000000000000000000007C
S31510062840000000000000000000000000000000006C
S31510062850000000000000000000000000000000005C
S31510062860000000000000000000000000000000004C
S31510062870000000000000000000000000000000003C
S31510062880000000000000000000000000000000002C
S31510062890000000000000000000000000000000001C
S315100628A0000000000000000000000000000000000C
S315100628B000000000000000000000000000000000FC
S315100628C000000000000000000000000000000000EC
S315100628D000000000000000000000000000000000DC
S315100628E000000000000000000000000000000000CC
S315100628F000000000000000000000000000000000BC
S3151006290000000000000000000000000000000000AB
S31510062910000000000000000000000000000000009B
S31510062920000000000000000000000000000000008B
S31510062930000000000000000000000000000000007B
S31510062940000000000000000000000000000000006B
S31510062950000000000000000000000000000000005B
S31510062960000000000000000000000000000000004B
S31510062970000000000000000000000000000000003B
S31510062980000000000000000000000000000000002B
S31510062990000000000000000000000000000000001B
S315100629A0000000000000000000000000000000000B
S315100629B000000000000000000000000000000000FB
S315100629C000000000000000000000000000000000EB
S315100629D000000000000000000000000000000000DB
S315100629E000000000000000000000000000000000CB
S315100629F000000000000000000000000000000000BB
S31510062A0000000000000000000000000000000000AA
S31510062A10000000000000000000000000000000009A
S31510062A20000000000000000000000000000000008A
S31510062A30000000000000000000000000000000007A
S31510062A40000000000000000000000000000000006A
S31510062A50000000000000000000000000000000005A
S31510062A60000000000000000000000000000000004A
S31510062A70000000000000000000000000000000003A
S31510062A80000000000000000000000000000000002A
S31510062A90000000000000000000000000000000001A
S31510062AA0000000000000000000000000000000000A
S31510062AB000000000000000000000000000000000FA
S31510062AC000000000000000000000000000000000EA
S31510062AD000000000000000000000000000000000DA
S31510062AE000000000000000000000000000000000CA
S31510062AF000000000000000000000000000000000BA
S31510062B0000000000000000000000000000000000A9
S31510062B100000000000000000000000000000000099
S31510062B200000000000000000000000000000000089
S31510062B300000000000000000000000000000000079
S31510062B400000000000000000000000000000000069
S31510062B500000000000000000000000000000000059
S31510062B600000000000000000000000000000000049
S31510062B700000000000000000000000000000000039
S31510062B800000000000000000000000000000000029
S31510062B900000000000000000000000000000000019
S31510062BA00000000000000000000000000000000009
S31510062BB000000000000000000000000000000000F9
S31510062BC000000000000000000000000000000000E9
S31510062BD000000000000000000000000000000000D9
S31510062BE000000000000000000000000000000000C9
S31510062BF000000000000000000000000000000000B9
S31510062C0000000000000000000000000000000000A8
S31510062C100000000000000000000000000000000098
S31510062C200000000000000000000000000000000088
S31510062C300000000000000000000000000000000078
S31510062C400000000000000000000000000000000068
S31510062C500000000000000000000000000000000058
S31510062C600000000000000000000000000000000048
S31510062C700000000000000000000000000000000038
S31510062C800000000000000000000000000000000028
S31510062C900000000000000000000000000000000018
S31510062CA00000000000000000000000000000000008
S31510062CB000000000000000000000000000000000F8
S31510062CC000000000000000000000000000000000E8
S31510062CD000000000000000000000000000000000D8
S31510062CE000000000000000000000000000000000C8
S31510062CF000000000000000000000000000000000B8
S31510062D0000000000000000000000000000000000A7
S31510062D100000000000000000000000000000000097
S31510062D200000000000000000000000000000000087
S31510062D300000000000000000000000000000000077
S31510062D400000000000000000000000000000000067
S31510062D500000000000000000000000000000000057
S31510062D600000000000000000000000000000000047
S31510062D700000000000000000000000000000000037
S31510062D800000000000000000000000000000000027
S31510062D900000000000000000000000000000000017
S31510062DA00000000000000000000000000000000007
S31510062DB000000000000000000000000000000000F7
S31510062DC000000000000000000000000000000000E7
S31510062DD000000000000000000000000000000000D7
S31510062DE000000000000000000000000000000000C7
S31510062DF000000000000000000000000000000000B7
S31510062E0000000000000000000000000000000000A6
S31510062E100000000000000000000000000000000096
S31510062E200000000000000000000000000000000086
S31510062E300000000000000000000000000000000076
S31510062E400000000000000000000000000000000066
S31510062E500000000000000000000000000000000056
S31510062E600000000000000000000000000000000046
S31510062E700000000000000000000000000000000036
S31510062E800000000000000000000000000000000026
S31510062E900000000000000000000000000000000016
S31510062EA00000000000000000000000000000000006
S31510062EB000000000000000000000000000000000F6
S31510062EC000000000000000000000000000000000E6
S31510062ED000000000000000000000000000000000D6
S30D10062EE00000000000000000CE
S3151007000010B586B0002301930293039304930593C7
S3151007001048F22C21C1F207014AF20C10C1F207006F
S3151007002000F0A5FB48F26821C1F207014AF23C101D
S31510070030C1F2070000F09BFB62B648F2B800C1F2A6
S31510070040070001F0AFF948F2C404C1F207042046CD
S3151007005001F0A8F948F21410C1F2070001F0A2F94D
S3151007006048F25810C1F2070001F09CF948F27010D7
S31510070070C1F2070001F096F948F28810C1F207009D
S3151007008001F090F9204601F08DF95BE0202247F642
S31510070090DC11C1F207014AF23C10C1F2070000F069
S315100700A033FA4AF2F403C1F20703196848F29C10AF
S315100700B0C1F2070001F014F944E008224AF2E401FC
S315100700C0C1F207014AF23C10C1F2070000F018FA14
S315100700D000E000BF4AF2F003C1F207031B68002BCA
S315100700E0F7D0082148F2B410C1F2070001F0F8F86A
S315100700F000240BE04AF2E403C1F20703195D48F244
S31510070100C810C1F2070001F0EBF80134072CF1DD36
S3151007011048F2D010C1F2070001F044F912E048F294
S31510070120D410C1F2070001F03DF90BE048F2F410C4
S31510070130C1F2070001F036F90023019302930393E6
S315100701400493059301A801F0C3F89DF90530002B18
S31510070150ECD19DF90430732BE1D0772B96D0722B07
S31510070160ABD048F2E410C1F2070001F01BF9E9E73A
S315100701700379022B3FD0042B02D0012B2AD07047CC
S315100701804AF2EC03C1F207031B68002BF7D148F2BA
S315100701902C22C1F207025278023AD2B2012A0CD99E
S315100701A04AF2F802C1F207020189D1524AF2EC0269
S315100701B0C1F207020233136070474AF2EC02C1F22A
S315100701C00702591C1160017A4AF2F802C1F20702B6
S315100701D0D15470474AF2F003C1F2070301221A609D
S315100701E04AF2EC03C1F207031A684AF2E003C1F2B6
S315100701F007031A6070474AF2F403C1F20703012294
S315100702001A60BCE700B583B001220DF107014AF267
S315100702100C10C1F2070000F073F988B94AF2F0031F
S31510070220C1F207031B68002BF8D04AF2F003C1F29C
S31510070230070300221A609DF8070003B05DF804FB58
S315100702404FF0FF30F9E700B583B00190012201A9FD
S315100702504AF20C10C1F2070000F056F94AF2F403FD
S31510070260C1F207031B68002BF8D04AF2F403C1F258
S31510070270070300221A6003B05DF804FB0138012852
S3151007028004D870B50D461646002409E04FF0FF3026
S3151007029070470D20FFF7D7FF0A20FFF7D4FF013469
S315100702A0B4420FD228570A2809D1002CF1D0631E61
S315100702B0EB560D2BF0D00D20FFF7C5FFECE7FFF738
S315100702C0C2FFECE7204670BD08B5FFF7D7FF08BD9C
S315100702D028B970B582B00E46154600241BE04FF0BC
S315100702E0FF3070474AF2FC03C1F2070300221A6077
S315100702F0012201A91046FFF7C1FF9DF904303355B6
S31510070300013408E0012201A91046FFF7B7FF9DF94E
S31510070310043033550134AC4249D2FFF773FF0190CD
S31510070320B0F1FF3F44D04AF2FC03C1F207031B6842
S31510070330012BD7D0A0F120025E2AE3D9082819D0BD
S315100703400D282CD0A0F18002A0F1E0031D2B88BF49
S315100703501F2AE0D8012201A91046FFF78FFF9DF942
S315100703600430335501344AF2FC03C1F20703012264
S315100703701A60D0E7002CCED020230093012201A9C2
S315100703801046FFF77BFF012269461046FFF776FFF7
S31510070390012201A91046FFF771FF013CBBE70A23AB
S315100703A03355012231191046FFF768FF01342046ED
S315100703B002B070BD08B5FFF78BFF08BD08B5FFF78C
S315100703C01FFE002008BD00280ADB00F01F024009A7
S315100703D001239340A030800000F11440436070471A
S315100703E02030012383400022C9F21142C2F880321D
S315100703F0704710B5002827DB43094FF01442203306
S315100704009B0013445C6800F01F0E4FF0010C0CFAAA
S315100704100EFC44EA0C045C60830803F5847352F8F7
S31510070420234000F00300C0004FF0FF0C0CFA00FC4D
S3151007043024EA0C0442F8234052F823400330814043
S31510070440214342F8231010BD00F120030022C9F200
S315100704501142D2F880404FF0010C0CFA03FC44EA23
S315100704600C04C2F880409B0803F5807352F82340AA
S3151007047000F00300C0004FF0FF0C0CFA00FC24EA52
S315100704800C0442F8234052F823400330814021439D
S3151007049042F82310D7E700280CDB430940339B00AB
S315100704A003F114435A6800F01F00012181400A43E3
S315100704B05A60704720300023C9F21143D3F8002140
S315100704C0012181400A43C3F80021704700280EDB3B
S315100704D000F01F024009012393406030800000F1AD
S315100704E014404360BFF34F8FBFF36F8F70472030B1
S315100704F0012383400022C9F21142C2F88031F1E785
S31510070500416182610020704710B4046AA36823F41E
S315100705104013A360837803F00303D21A02610B44D6
S31510070520C360026A936843F480139360837803F079
S315100705300303022B09D0036A09785A6861F3080284
S315100705405A6000205DF8044B70470988036A5A6899
S3151007055061F308025A60F4E770B505460E4614466D
S315100705601046FFF7B3FF31462046FFF742FF203408
S3151007057042F2E053C1F2060343F8245070BD38B572
S3151007058005460C46B1F91220097CFFF7E5FFB4F9C9
S31510070590062021792846FFF7DFFFB4F90A20217ACA
S315100705A02846FFF7D9FFB4F90E20217B2846FFF717
S315100705B0D3FF38BD02698F23C0F2CE0313400A68F2
S315100705C022F44E0222F08F0213430361704738B5A7
S315100705D005460A7840F2FF33D34013F0010F04D0D3
S315100705E0026A0023C1F61F7353624B78032B04D09C
S315100705F0002B47D041F2032201E041F20332CB78B8
S3151007060042EA83324C6A23781B0603F0407313437E
S315100706106278D20392B21A43637B5B0503F4001325
S315100706201343627C062A30D02A6A5361237B03F070
S31510070630030343F030038A7822B1022A28D04FF4F5
S3151007064040721343A27842B102F00702013A12062A
S3151007065002F0E062134343F080532A6AD36023788B
S31510070660023BDBB2012B16D82A6A136943F47F4380
S3151007067013612378022B12D12A6A136943F02003D8
S3151007068013610CE041F20302B9E743F08003CBE7AD
S315100706904FF48072D5E76168286AFFF78BFFA37B53
S315100706A003F00103E27B02F01F0243EA0223227CD6
S315100706B002F01F0243EA02432A6A136338BD70B574
S315100706C084B005460E469446846ACCB194E80F006A
S315100706D00DF1100E0EE90F00EB691B782360A6606B
S315100706E084F804C0EB6AE3606B6A20469847AC6AE5
S315100706F024B104AB13E90F0084E80F0004B070BDF2
S315100707006C46E9E708B5C3699B6913B103690BB36F
S3151007071008BD0369002BF9D0837803F00303022B76
S3151007072010D0C268036A11785A6861F308025A60D2
S315100707300269837803F00303D21A0261C2681A4466
S31510070740C260E3E7C3681988036A5A6861F3080247
S315100707505A60EDE7026A936823F4801343F4001393
S3151007076093600021C1608022FFF7A9FFD0E7F8B593
S3151007077004460E4600230370C161CA6942620A6ABB
S31510070780C26283624D6A8378012262F30103837022
S315100707904B7823B98378022262F3010383703146BB
S315100707A02046FFF7ECFE0120F1F73FFA14EE162F5D
S315100707B0002304EE163F3378042B00F2B2804FF471
S315100707C04071C8F228010868042B00F2AF8008337D
S315100707D0012707FA03F3DB4303400B603378042B37
S315100707E000F2A7804FF44071C8F228010968002B60
S315100707F040F0A4804FF4A041C8F200010968002B0D
S3151007080040F0C2804FF4A041C8F200010968002BDE
S3151007081040F0E0804FF4A041C8F200010968002BB0
S3151007082040F0FE804FF4A041C8F200010968002B82
S3151007083040F01C814FF4A043C8F200031B6804EE76
S31510070840162F0120F1F7B9F93378052B00F034810B
S3151007085003F5001314339B022362236A00229A605E
S31510070860236A9A6812F0010FFAD19A6812F0100FDC
S31510070870FBD11022DA60226A4FF60473CFF60073A3
S315100708801361236A41F203225A61236A00279F6183
S3151007089031462046FFF79BFE226A1023CBF60753F5
S315100708A09366E76027616761A761E369B3F9066035
S315100708B03046FFF788FD3046FFF7EDFDE369B3F9DC
S315100708C012603046FFF77FFD3046FFF7E4FDE36918
S315100708D0B3F90A603046FFF776FD3046FFF7DBFDC2
S315100708E0E369B3F90E603046FFF76DFD3046FFF743
S315100708F0D2FD226A40F21143C0F201039360236AC4
S315100709009A6812F0010FFAD09A6812F0100FFBD0FE
S315100709106B89238144F65513C5F243336360002070
S31510070920F8BD4FF44671C8F228114CE76FF0010372
S3151007093052E74FF44671C8F2281157E7012B07D92A
S31510070940022B0BD84FF4B041C8F20001096856E7DD
S315100709504FF4A841C8F20001096850E7032B05D8E0
S315100709604FF4B841C8F20001096848E7042B05D8C7
S315100709704FF4C041C8F20001096840E74FF4A0419F
S31510070980C8F2001109683AE7012B07D9022B0BD8D1
S315100709904FF4B041C8F20001096838E74FF4A8418F
S315100709A0C8F20001096832E7032B05D84FF4B8419E
S315100709B0C8F2000109682AE7042B05D84FF4C0418D
S315100709C0C8F20001096822E74FF4A041C8F20011E6
S315100709D009681CE7012B07D9022B0BD84FF4B04136
S315100709E0C8F2000109681AE74FF4A841C8F20001D6
S315100709F0096814E7032B05D84FF4B841C8F200016C
S31510070A0009680CE7042B05D84FF4C041C8F200015A
S31510070A10096804E74FF4A041C8F200110968FEE619
S31510070A20012B07D9022B0BD84FF4B041C8F200019E
S31510070A300968FCE64FF4A841C8F200010968F6E612
S31510070A40032B05D84FF4B841C8F200010968EEE642
S31510070A50042B05D84FF4C041C8F200010968E6E631
S31510070A604FF4A041C8F200110968E0E6012B07D937
S31510070A70022B0BD84FF4B043C8F200031B68DEE60F
S31510070A804FF4A843C8F200031B68D8E6032B05D812
S31510070A904FF4B843C8F200031B68D0E6042B05D8F9
S31510070AA04FF4C043C8F200031B68C8E64FF4A043CF
S31510070AB0C8F200131B68C2E64FF4A043C8F200132E
S31510070AC02362CAE610B582B00446036A1968C1F3F1
S31510070AD008010191836923B90422FFF7F0FD02B0DB
S31510070AE010BD827802F0030201A9406900F0ACFC40
S31510070AF06369A27802F0030213446361A3699B1A20
S31510070B00A361002BEBD1012200212046FFF7D7FD69
S31510070B10E5E708B542F29C53C1F206031A78013A83
S31510070B2042F2A053C1F2060333F91220203242F2E1
S31510070B30E053C1F2060353F82200FFF7E3FD08BDA1
S31510070B4008B542F29C53C1F206031A78013A42F2EB
S31510070B50A053C1F2060333F91220203242F2E053B2
S31510070B60C1F2060353F82200FFF7ACFF08BD00B524
S31510070B7083B042F29C53C1F206031A78013A42F245
S31510070B80A053C1F2060333F91220203242F2E05382
S31510070B90C1F2060353F82200026A936823F440133E
S31510070BA09360036A9B680193019B02220021FFF75A
S31510070BB086FD03B05DF804FB10B582B042F29C5374
S31510070BC0C1F206031A78013A42F2A053C1F206039C
S31510070BD033F91220203242F2E053C1F2060353F8DA
S31510070BE02200036A1968C1F308019C6C14F0807F10
S31510070BF01FD1002214F0805F01D042F0100214F0CA
S31510070C00006F01D042F0080212F0100F05D09C6C4D
S31510070C1014F4004F01D142F040029C6E44F0C854C0
S31510070C209C66036A9B6C0193019BFFF748FD02B014
S31510070C3010BD2022DEE708B503464AF27012C1F24C
S31510070C4007021268A2B14AF27012C1F207021068BF
S31510070C50033323F00303034442F2F022C1F20802DE
S31510070C6093420FD84AF27012C1F20702136008BDF9
S31510070C704AF27012C1F207024AF2F021C1F20701D5
S31510070C801160E0E700F0C4FB0C2303604FF0FF3060
S31510070C90EDE70000704700BF2DE9F04F01F10B0398
S31510070CA0074685B0162B26D8102900F2C38000F008
S31510070CB0B9FA10251823022147F61026C1F207069E
S31510070CC03344A3F108025C68944200F04B816368D1
S31510070CD03846D4E9021223F003032344CA600834C2
S31510070CE091605A6842F001025A6000F0A1FA204654
S31510070CF005B0BDE8F08F23F00705A94294BF002180
S31510070D00012151EAD37140F0958000F08BFAB5F5C1
S31510070D10FC7FC0F076816B0A00F09080042B00F2FE
S31510070D204C81AB0903F1390103F1380CCB0047F6B7
S31510070D301026C1F207063344A3F108005C68A042E7
S31510070D4006D10CE0002A80F20881E468A04206D09A
S31510070D50636823F003035A1B0F2AF3DD6146DFF896
S31510070D60C0E43469744508BF726823D0626822F0FC
S31510070D700302531B0F2B00F35281002BC6E904EE17
S31510070D8080F24381B2F5007F80F0F3804FEAD20CF0
S31510070D9053090CF1010C01229A40736856F83C006E
S31510070DA01A4306EBCC037260083BA060E36046F873
S31510070DB03C40C4608B1001209840904244D81042A2
S31510070DC005D121F00301400004311042FBD006EB98
S31510070DD0C10988464C46D4F80CC0644508D1F8E0DA
S31510070DE0002B80F2FE80DCF80CC0644500F0F18021
S31510070DF0DCF8042022F00302531B0F2BF0DD3846D4
S31510070E000CEB0501DCE9027445F00105CCF804503A
S31510070E10FC60A76043F00104C6E904114C600CF1AD
S31510070E200804C1F808E0C1F80CE04CF8023000F0ED
S31510070E30FFF95CE70C233B60002458E74FF4007377
S31510070E4040214FF03F0C72E7B468636823F003093B
S31510070E50A945A9EB05022CBF002301230F2AD8BFEA
S31510070E6043F00103002B67D04AF2A413C1F207031C
S31510070E7047F6082BC1F2070B08201B6803F1100869
S31510070E8000F0D4FA04EB09020192DBF80020A8441B
S31510070E900290013205D008F1FF384242804402EA37
S31510070EA008084146384600F09FFA8246B0F1FF3FE0
S31510070EB000F0D080019B834200F2CA804AF2741276
S31510070EC0C1F20702029B116808EB010C03F1FF310F
S31510070ED06046C2F800C040F0E7801AEA010F40F0FA
S31510070EE0E380D6F808A0C84448F00101CAF80410F0
S31510070EF04AF2A013C1F2070354461A68624538BF6F
S31510070F00C3F800C04AF29C13C1F207031A68624578
S31510070F1038BFC3F800C021F00308A845A8EB05029F
S31510070F202CBF002301230F2AD8BF43F001031BB19F
S31510070F30384600F07DF97FE7631942F0010238461B
S31510070F4045F00105083444F8045CB3605A6000F0B4
S31510070F506FF9204605B0BDE8F08FD4E90212234495
S31510070F603846BBE6DC68A34208BF02313FF4F7AE4A
S31510070F70ADE6530AB2F5206F64D3142B00F2FF8047
S31510070F8003F15C005B33C00006EB000C3058ACF184
S31510070F90080C844503D1DAE08068844504D0436899
S31510070FA023F003039342F7D8D0F80CC07268C4E94C
S31510070FB0020CCCF80840C460FCE6142B4DD9542B10
S31510070FC000F2E5802B0B03F16F0103F16E0CCB00DA
S31510070FD0ADE608F10108083418F0030F7FF4FBAEED
S31510070FE047E064466244DCF80C10384654F8085F4C
S31510070FF0536843F001035360E9608D6000F018F9F8
S3151007100075E6E90805F1080356E62244384608341A
S31510071010536843F00103536000F00AF967E6611954
S31510071020384645F001056560C6E9041143F0010528
S31510071030C1F808E0C1F80CE04D60A350083400F081
S31510071040F7F854E6930903F139003833C0009BE7E4
S31510071050B44220D0B46861685DE703F15C0103F11F
S315100710605B0CCB0063E659F8083901394B4540F05C
S31510071070D4808C07F7D1736823EA000373604000A6
S31510071080421E9A4203D3DFE6400008F104081842CD
S31510071090FAD041469BE64AF27412C1F20702029B46
S315100710A01068591E40441060DBF800300392013374
S315100710B00FBFCBF800A0019BAAEB03031B1818BFA1
S315100710C013601AF00703019348D0C3F10803029A75
S315100710D09A443846D0441A4408EA010CA2EB0C038A
S315100710E003EA010B594600F07FF9421C039A78D0A0
S315100710F0A0EB0A0000EB0B08136848F00101C6F8CD
S3151007110008A0B4420BEB030CCAF80410C2F800C0CF
S315100711103FF4EEAEB9F10F0F9CBF0123CAF80430A6
S315100711207FF606AF6068A9F10C0121F0070100F000
S3151007113001030F2943EA0103636004EB01034FF030
S3151007114005005860986040D8DAF80410D0E69B106E
S3151007115001229A4073681A43726028E7029A0AEBCB
S3151007116008030B403846D31A03EA010B594600F019
S315100711703BF9039A431CBBD1DDF804B0BCE7542BEB
S315100711800FD8130B03F16F006E33C000FCE6B3F5EF
S31510071190AA7F0FD8EB0B03F1780103F1770CCB007D
S315100711A0C5E5B3F5AA7F24D8D30B03F178007733B7
S315100711B0C000E9E640F25452934228D8AB0C03F12B
S315100711C07D0103F17C0CCB00B1E504F1080138462B
S315100711D0019200F03DFA019AD6F808A0D2F800C09D
S315100711E0B2E7019B4FF0000B083B9844A8EB0A089F
S315100711F082E740F25450834295BF930C4FF47E70AA
S3151007120003F17D007E239CBF7C33C000BCE64FF400
S315100712107E737F214FF07E0C89E573682FE700BF39
S31510071220187A07104AF2A810C1F2070000F0FAB8A8
S315100712304AF2A810C1F2070000F0F6B8F8B507464B
S31510071240436B44680E46002B32D0636EDB0702D41D
S31510071250A3899D0523D5354607E023685A1C2260C6
S315100712601B780A2B11D005F8013B6368013B6360B5
S31510071270002BF2DA2146384600F09CF80A2804D0EB
S31510071280C3B20130EFD1B54215D000232B70636E70
S31510071290D80702D4A3899B0505D53046F8BDA06D9E
S315100712A000F0C0F8D7E7A06D00F0BEF83046F5E7B6
S315100712B003F074FBC9E7636ED90701D50020F8BDA3
S315100712C0A3899A05FAD4A06D00F0AEF8F6E700BF29
S315100712D047F61863C1F2070301461868FFF7AEBF52
S315100712E00FB447F61862C1F2070200B583B010684B
S315100712F004AB816853F8042B019300F0ADFA03B0E1
S315100713005DF804EB04B0704730B50546084689B05A
S315100713100C4600F00FF96A6B012148F2D013C1F29F
S315100713200703CDE90440CDE906310844022304A991
S31510071330AC680390CDE90113002A2FD0636E13F022
S31510071340010FB4F90C3001D1980521D5990406D4AB
S31510071350626E43F40053A38122F400526266284654
S3151007136001AA214603F04EFB636E00280CBF0A251F
S315100713704FF0FF35DA0702D4A3899B0502D5284615
S3151007138009B030BDA06D00F04FF8284609B030BD42
S31510071390A06D00F047F8B4F90C30D7E7284603F0EC
S315100713A0FDFACBE747F61863C1F20703014618683B
S315100713B0FFF7AABF38B50C46054608B1436B63B1AC
S315100713C02146284603F0CCFC50B9D4E90023511C1A
S315100713D0013BC4E90013107838BD03F0DFFAEFE7D5
S315100713E04FF0FF3038BD00BF38B54AF2EC24C1F2D2
S315100713F007040546084600232360FFF71CFC431C19
S3151007140000D038BD2368002BFBD02B6038BD00BF3A
S3151007141047F61863C1F2070318687047704700BF8D
S31510071420704700BF704700BF704700BF082802D13A
S315100714304FF48050704708B5FFF7EAFF03461622A8
S315100714404FF0FF301A6008BD844641EA000313F0D7
S31510071450030349D1403A23D30B6803604B684360B3
S315100714608B688360CB68C3600B6903614B69436103
S315100714708B698361CB69C3610B6A03624B6A4362EB
S315100714808B6A8362CB6AC3620B6B03634B6B4363D3
S315100714908B6B8363CB6BC36340304031403ADBD2EF
S315100714A030320BD30B6803604B6843608B688360DD
S315100714B0CB68C36010301031103AF3D20C3205D313
S315100714C051F8043B40F8043B043AF9D2043208D0E9
S315100714D0D2071CBF11F8013B00F8013B01D30B885B
S315100714E003806046704700BF082A13D38B07B1D015
S315100714F010F00303AED0C3F10403D21ADB071CBFE7
S3151007150011F8013B00F8013BA4D331F8023B20F850
S31510071510023B9FE7043AD9D3013A11F8013B00F889
S31510071520013BF9D20B7803704B7843708B78837035
S315100715306046704720F0030110F00300C0F1000069
S3151007154051F8043B00F1040C4FEACC0C6FF0000283
S315100715501CBF22FA0CF213434FF0010C4CEA0C2C69
S315100715604CEA0C4CA3EB0C0222EA030212EACC1249
S3151007157004BF51F8043B0430F4D0C2F1000102EA6B
S315100715800102B2FA82F2C2F11F0200EBD2007047D3
S315100715902DE9F04147F61028C1F20708064608203C
S315100715A00D46FFF743FF04463046FFF73BFED8F8D4
S315100715B0083021465F6827F00307A7F11100401B83
S315100715C0204405F025FF451E04FB05F5AC4208DC53
S315100715D000213046FFF708FFD8F808303B449842F9
S315100715E005D03046FFF724FE0020BDE8F08169429A
S315100715F03046FFF7F9FE013012D0D8F808204AF224
S315100716007413C1F207037F1B47F001073046576073
S315100716101A68521B1A60FFF70BFE0120BDE8F0810E
S3151007162000213046FFF7E0FED8F80820831A0F2B63
S31510071630D7DD43F00103536047F60823C1F20703CA
S315100716404AF27411C1F207011B68C01A0860C8E78D
S3151007165000297FD0F8B50C460646FFF7E3FDA4F13F
S31510071660080554F8042C47F61020C1F2070022F09B
S31510071670010105EB010C8768DCF80430674523F098
S31510071680030300F08D80CCF80430D70732D454F812
S31510071690082C00F10804AD1A1144AA68A2426AD0B0
S315100716A00CEB0307D7F804E0EF68D7601EF0010FBD
S315100716B0BA6000F0948041F001036B60CCF800101B
S315100716C0B1F5007F24D2CB080122490901338A409C
S315100716D041680A4350F83310426000EBC302083AD8
S315100716E0C5E9021240F83350CD603046BDE8F840E0
S315100716F0FFF79EBD0CEB03025268D2072BD541F0BC
S315100717000103B1F5007F44F8043CCCF80010DAD396
S315100717104B0AB1F5206F64D28B0903F1390403F133
S315100717203802E300C418C358083C9C4203D169E049
S315100717309B689C4204D05A6822F003028A42F7D863
S31510071740DC68C5E902343046A560DD60BDE8F840BF
S31510071750FFF76EBD7047194400F10804DCF808302E
S31510071760A34257D0DCF80C20DA60936041F00103EE
S315100717706B606950A4E70CEB03025268D00742BFAF
S3151007178041F001036B60CCF80010AED40B44DCE9D2
S315100717900212CA60916043F001026A60EB50A4E737
S315100717A00B44D20707D454F8082CAD1A1344D5E9BD
S315100717B00212CA60916043F001026A6047F60C2272
S315100717C0C1F20702856012689A428ED84AF2A413AC
S315100717D0C1F2070330461968FFF7DAFE85E71944A1
S315100717E0BCE7142B08D9542B1DD80B0B03F16F0428
S315100717F003F16E02E30095E703F15C0403F15B0264
S31510071800E3008FE70121921001FA02F241680A43B9
S31510071810426096E7056141F001034561AC60EC60F3
S315100718206B60695061E7B3F5AA7F06D8CB0B03F156
S31510071830780403F17702E30074E740F254529342B7
S3151007184097BF8B0C4FF47E7303F17D0403F17C0273
S315100718508CBF7E22E30065E72DE9F04F1C4617463D
S315100718602DED048BD3B08246039103F031FD036847
S31510071870119318460994FFF75DFE08221090002170
S3151007188022A803F08FFCBAF1000F04D0DAF834302F
S31510071890002B01F08A80039A536EDD0748BFB2F911
S315100718A00C3005D4039BB3F90C30980540F12C87FF
S315100718B0990407D4039943F400534A6E8B8122F493
S315100718C000524A661A0740F1D480039A1269002A11
S315100718D000F0CF8003F01A020A2A00F0D9800023FD
S315100718E047F64C7BC1F2070B9FED9F8B0DF1A408B2
S315100718F09E46CDE9273329ABCDE913EE269349F654
S315100719003853C1F20703CDE916EE1293CDF854E01A
S31510071910CDF814E0CDF838E03D46DBF8E44022AECA
S3151007192003F0CEFC2A4603461EA950460096A0474A
S31510071930002800F0CE800346C0F2C3801E9A252ADF
S3151007194001D01D44E9E70446EE1B40F0C58000238D
S315100719508DF86F301A4607936B786F1C4FF0FF3967
S3151007196002920137A3F120025A2A00F20581DFE815
S3151007197012F02003030103011A03030103010301F4
S315100719806A0003010301C702F6020301D20201032B
S315100719900301FB025B005B005B005B005B005B0007
S315100719A05B005B005B0003010301030103010301F5
S315100719B0030103018801030144028B03880188018F
S315100719C088010301030103010301850303010301D1
S315100719D02A030301030103016002030172030301D2
S315100719E00301720703010301030103010301030145
S315100719F0030103018801030144029D02880188013E
S31510071A008801E7029D023E020301D8020301B803CB
S31510071A109507A3033E02030160027E0098070301A0
S31510071A2003019C0703017E00A3F1300200230A215C
S31510071A30184617F8013B01FB0020A3F13002092ACB
S31510071A40F7D907908EE7504603F042FC4368159383
S31510071A501846FFF76FFD04461790504603F038FCFB
S31510071A6083681693002C18BF002B40F0D5863B7859
S31510071A7077E7039D5046294603F040FA002841F0C0
S31510071A80D283B5F90C3003F01A020A2A7FF427AF6E
S31510071A900399B1F90E20002AFFF621AF4A6ED60731
S31510071AA002D49D0541F1F981039923463A465046DA
S31510071AB001F020FD0590059853B0BDEC048BBDE8E9
S31510071AC0F08F0822002122A803F06CFB01231D4486
S31510071AD023E70446EE1B12D0279B289A0133C8E941
S31510071AE00076072B3244D8BF08F1080827932892A7
S31510071AF00FDC059B33440593002C7FF428AF289BF6
S31510071B00002B41F0AA81039B00222792B3F90C30D0
S31510071B1019E0039926AA504601F068FD80B90DF120
S31510071B20A408E6E7039926AA504601F05FFD0028A8
S31510071B3000F09C80089B1BB108995046FFF788FD5B
S31510071B40039BB3F90C30039A526ED50740F14581C2
S31510071B50580601F17483059853B0BDEC048BBDE8A4
S31510071B60F08F00BFAFF300800000000000000000F8
S31510071B70FFFFFFFFFFFFEF7F0B93002BBFD0002167
S31510071B808DF8E430894601238DF86F100493069378
S31510071B9039AB08910F91CDE90C110A93029B13F0FB
S31510071BA002031EBF049A02320492029A12F08405A7
S31510071BB005D1079A0498141A002C00F30B84289A57
S31510071BC089B10121C8F80410279901320DF16F0068
S31510071BD028920131C8F8000007292791D8BF08F1C4
S31510071BE0080800F3EC8083B1279B1CA90232C8F8BA
S31510071BF0001001330221072BC8F804102892D8BF0A
S31510071C0008F10808279300F32484802D00F0DF825B
S31510071C10069BA9EB0304002C00F32183029BDE0528
S31510071C2000F176820A9BC8F80030069BC8F8043084
S31510071C301A44279B289201332793072B00F3BE8359
S31510071C4008F10808029B5E0705D5079B04995C1ADD
S31510071C50002C00F31E84059B079904988142ACBF9C
S31510071C605B181B180593002A7FF45CAF0023279394
S31510071C70089B1BB108995046FFF7EAFC0DF1A4081B
S31510071C804AE60B93099B1FED466B073323F00703B1
S31510071C90B3EC028BB0EEC87B0993B4EE467BF1EE3C
S31510071CA010FA00F39285B4EE488BF1EE10FA81F133
S31510071CB094830B9B23F02004412C40F0DF87612B84
S31510071CC04FF030038DF870300CBF78235823B9F1D5
S31510071CD0630F8DF8713001F3E5800023089339AB54
S31510071CE00A9318EE903A002B81F2D882B1EE480B80
S31510071CF02D2318931DA803F097FBB4EE007B0B99C1
S31510071D0049F60450C1F2070020EE077B49F6185230
S31510071D10C1F20702B3EE004BB5EE407BF1EE10FAB7
S31510071D2004BF01231D93612918BF104609F1FF331C
S31510071D300A9A05E0B5EE407BF1EE10FA11D00B4684
S31510071D4027EE047B1546591E5E1CFDEEC76B16EE75
S31510071D50904AB8EEE65B045D37EE457B02F8014B19
S31510071D60E8D1B6EE005BB4EEC57BF1EE10FA01F3DF
S31510071D70FE82B4EE457BF1EE10FA04D116EE901AF8
S31510071D80CC0701F1F482002BA2BF013330219B1837
S31510071D90C1F2058302F8011B9342FBD10A9A9B1ADB
S31510071DA00E93029B01210B9A43F0020302930F3203
S31510071DB01D9B0C93D2B2013B1D9300F0BCBF039938
S31510071DC026AA5046189301F011FC00287FF4B2AEEC
S31510071DD0289A0DF1A408189B05E79C053FF5B8AEA0
S31510071DE0039CA06DFFF720FBB4F90C30B0E6029BFD
S31510071DF043F0200302933B78B3E5432B0B9300F094
S31510071E007B85029BDC0600F17785099B012239AE9B
S31510071E100492069253F8042B8DF8E42009930021B7
S31510071E200A9689468DF86F1008910F91CDE90C1116
S31510071E30B4E6099E0B9300238DF86F3056F8043BD2
S31510071E400A93002B00F044850B9B532B00F0D68585
S31510071E50029B13F010030C9340F0D085B9F1FF3FA6
S31510071E6001F005800C994A460A9803F091FA0890F2
S31510071E70002801F09E82089B0A9A9DF86F109B1AFC
S31510071E80DDF830900693099623EAE373CDF83C9074
S31510071E9004937323CDF83490CDF820900B93002933
S31510071EA03FF47CAE049B0133049377E60B93029BB6
S31510071EB0980640F1F280099B073323F007031A4669
S31510071EC0596852F8083B09920A460029C0F2B984A4
S31510071ED0B9F1FF3F00F01983029921F080010291B1
S31510071EE043EA0201002908BFB9F1000F14BF012107
S31510071EF0002140F00A8352AB89460A9306919DE06A
S31510071F00099B53F8042B0792002A80F20A84079A32
S31510071F10099352420792029B43F0040302933B78BC
S31510071F201FE53B786C2B09BF029B029A43F02003EF
S31510071F30029315BF42F010027B780292013710E523
S31510071F403B78682B09BF029B029A43F400730293EE
S31510071F5015BF42F040027B780292013701E52B2329
S31510071F608DF86F303B78FCE4029B43F080030293B5
S31510071F703B78F6E4394611F8013B2A2B01F09E828D
S31510071F80A3F130020F46092A4FF0000998BF0A211C
S31510071F903FF6E8AC17F8013B01FB0929A3F130021C
S31510071FA0092AF7D9DEE4029B43F0010302933B7833
S31510071FB0D7E49DF86F30002B7FF459AD20238DF8A9
S31510071FC06F303B78CDE40B93029B43F010030293DB
S31510071FD0029B13F0200200F08883099B073323F036
S31510071FE0070319465A6851F8083B099102990020C8
S31510071FF021F480650021B9F1FF3F8DF86F1000F0CD
S31510072000718143EA020125F08004002908BFB9F15E
S31510072010000F029414BF0121002140F062810028AD
S315100720207FF469AF15F001038146069317BF302376
S3151007203052AB8DF847310DF247130A93069A0023D0
S315100720409DF86F104A450893B8BF4A460F930492F6
S31510072050CDE90C3323E70B93029B43F0100515F0DC
S31510072060200200F03583099B0120073323F007036D
S3151007207019465A6851F8083B0991BBE7029B43F08A
S31510072080080302933B786CE40B93029B43F010030F
S315100720900293029B98063FF50EAF029BD90600F1F5
S315100720A0C783029B5A0640F1D685099A32F9043B33
S315100720B00992DA17114608E7099A7821029B022036
S315100720C00B9143F0020547F63003ADF8703049F629
S315100720D00453C1F20703139352F8043B09920022E3
S315100720E088E7029B9C0600F16683029BD80600F1DF
S315100720F05785029B590600F1A086029B9A0540F167
S315100721004F85099B059953F8042B0993117003E41E
S315100721100B9B652B40F30981B5EE408BF1EE10FA58
S3151007212040F00382279B01210132C8F804100133BE
S3151007213049F63451C1F20701072BC8F80010D8BF6A
S3151007214008F108082892279300F34B841D9B0E99D4
S315100721508B4280F2E182109B11991A44C8E9001349
S31510072160279B289201332793072BD8BF08F1080816
S3151007217000F3A2830E9B5C1E002C7FF763AD49F616
S315100721803856C1F20706279B102C40F39184DDF8C9
S315100721900C90102503E0103C102C40F38984013372
S315100721A01032072BC8E90065CDE92732D8BF08F1E9
S315100721B00808F0DD26AA494650460DF1A40801F095
S315100721C015FA00287FF4B6ACDDE92732E3E7079B5B
S315100721D004995C1A002C7FF71BAD49F63856C1F2E5
S315100721E00706279B102C20DD1025194602E0103C08
S315100721F0102C19DD013110320729C8E90065CDE920
S315100722002712D8BF08F10808F1DD039926AA504608
S315100722100DF1A40801F0EAF900287FF48BAC103C05
S31510072220DDE92712102CE5DC0B4601332244072B78
S31510072230C8F80060C8F80440D8BF08F10808CDE907
S3151007224027327FF7E5AC039926AA504601F0CEF957
S3151007225000287FF46FAC289A0DF1A408D8E4279BC1
S31510072260102C40F30585129D4FF0100919462E467E
S3151007227002E0103C102C19DD013110320729C8E98C
S315100722800059CDE92712D8BF08F10808F1DD0399DF
S3151007229026AA50460DF1A40801F0A8F900287FF4E4
S315100722A049AC103CDDE92712102CE5DC0B4601334F
S315100722B02244072BC8F80060C8F80440D8BF08F1B5
S315100722C00808CDE927327FF7A9AC039926AA504605
S315100722D001F08CF900287FF42DAC289A0DF1A4088B
S315100722E09CE42546012800F0118152A9022800F026
S315100722F0BD800846DC0803F0070144EA4273D2089A
S315100723003031044653EA020600F8011DF2D130298E
S315100723100CBF002305F001030A90002B40F05583EC
S3151007232052AB02951B1A069388E60E9B012B40F3B8
S3151007233084810A9B0132C8F800300121279BC8F80F
S31510072340041001332892072B2793D8BF08F10808E2
S3151007235000F30283109901331198072B0A44C8E931
S315100723600001CDE92732D8BF08F1080800F3E78244
S31510072370B5EE408BF1EE10FA00F07E810A99013323
S31510072380072B279301F10101C8F800100E9901F1E7
S31510072390FF31C8F804100A44289200F3608108F147
S315100723A0080814990133C8F80410072B0A4420A902
S315100723B0CDE92732C8F800107FF742AC039926AA51
S315100723C0504601F013F900287FF4B4AB289A0DF1A3
S315100723D0A40837E449F64856C1F20706DDE927127D
S315100723E0102C25DDCDE91835039D02E0103C102C85
S315100723F01CDD0131102307291A44C8F80060C8F8F4
S315100724000430D8BF08F10808CDE92712EEDD26AA51
S31510072410294650460DF1A40801F0E8F800287FF484
S3151007242089AB103CDDE92712102CE2DCDDE9183503
S31510072430013122440729C8F80060C8F80440CDE9DD
S31510072440271200F396829DF86F1008F10808FFF718
S31510072450B7BB039926AA504601F0C8F800287FF49F
S3151007246069AB289A0DF1A408FFF7CFBB139C03F0AD
S315100724700F001B0943EA02731209205C01F8010DCC
S3151007248053EA0200F3D152AB0A915B1A02950693EF
S31510072490D4E549F64856C1F20706279B102C20DDCE
S315100724A0DDF80C90102502E0103C102C19DD0133D5
S315100724B01032072BC8E90065CDE92732D8BF08F1D6
S315100724C00808F1DD26AA494650460DF1A40801F081
S315100724D08DF800287FF42EAB103CDDE92732102C3F
S315100724E0E5DC01332244072BC8E90064CDE927321E
S315100724F07FF7B1AB039926AA504601F077F8002863
S315100725007FF418AB289AFFF7A6BB029D0A2B72F128
S31510072510000180F0D982303302958DF847310123B7
S3151007252006930DF247130A9388E51D99002940F380
S31510072530FC800C9D0E9B0A999D42A8BF1D46CB1881
S31510072540002D06930CDD279B2A44C8E90015013395
S315100725502892072B2793D8BF08F1080800F3EC85B4
S315100725600C9C002DA8BF641B002C00F32D830A9B1F
S315100725700C990B449946029B580500F1BB841D9C88
S315100725800E9B9C4203DB029BD90740F14C84109BA0
S3151007259011991A44C8E90013279B289201332793E8
S315100725A0072BD8BF08F1080800F3F6850E9B1C1BEE
S315100725B0069BA3EB0905A542A8BF2546002D0EDDF0
S315100725C0279B2A44C8F800900133C8F80450072BF4
S315100725D02892D8BF08F10808279300F3FB85002D2A
S315100725E0A8BF641B002C7FF72DAB49F63856C1F2EE
S315100725F00706279B102C40F35B82DDF80C901025FD
S3151007260003E0103C102C40F3538201331032072B92
S31510072610C8E90065CDE92732D8BF08F10808F0DD0B
S3151007262026AA494650460DF1A40800F0DFFF0028F8
S315100726307FF480AADDE92732E3E7029BDB073FF544
S3151007264078AE0A9B0132C8F800300121279B2892E1
S315100726500133C8F80410072B27937FF7A0AE039909
S3151007266026AA504600F0C2FF00287FF463AADDE9C8
S3151007267027320DF1A40894E60E994C1E002C7FF70D
S3151007268090AE102C49F63856C1F20706C4BF10256E
S31510072690DDF80C9004DC8BE2103C102C40F388829A
S315100726A001331032072BC8E90065CDE92732D8BFA9
S315100726B008F10808F0DD26AA4946504600F096FFAD
S315100726C000287FF437AADDE927320DF1A408E3E7DE
S315100726D0099915F0100364D115F040005DD01A461C
S315100726E031F8043B0120099184E4029B13F010038F
S315100726F05CD1029A12F0400000F08E8209991A46B0
S3151007270031F8043B099171E4039DA86DFEF78AFE23
S31510072710B5F90C30FFF7CCB8029BDD077FF592AA07
S3151007272019E509933B78FFF71CB9279B012001325E
S31510072730C8F80400013349F63450C1F20700072BD5
S31510072740C8F80000D8BF08F108082892279300F3A5
S31510072750A2840E9B0B4300F00C85109B11981A440C
S31510072760C8E90003279B289201332793072BD8BF65
S3151007277008F1080800F3D1840029C0F26A850A997E
S315100727800133C8F80010072B0E99C8F804100A442D
S31510072790CDE927327FF754AA10E615F4007240F0F8
S315100727A0548351F8043B0120099123E4099951F800
S315100727B0043B09911AE4099B059853F8041BC217A1
S315100727C00993C1E90002FFF7A7B8B5EEC08BF1EE82
S315100727D010FA58BF9DF86F1002D52D218DF86F107E
S315100727E0029B49F6F442C1F20702002023F0800348
S315100727F0029349F6F843C1F2070303240890049499
S315100728000B9D81460694472DC8BF1A460F900A920C
S31510072810CDE90C00FFF743BB169B1B78002B3FF443
S3151007282026A9029B43F4806302933B78FFF799B876
S31510072830099A52F8043B0992DA1711460029BFF68E
S3151007284047AB5B42029D4FF02D014FF0010062EB43
S315100728504202FFF7D0BB0B9349F61853C1F2070391
S315100728601393029B13F0200260D0099B073323F0C2
S31510072870070319465A6851F8083B099153EA0201AA
S31510072880029901F0010108BF0021002940F082805A
S315100728900299022021F48065FFF7ACBB0B93FFF773
S315100728A097BB029D0B93FFF7DABB0B9349F60453BD
S315100728B0C1F207031393D4E7039926AA504600F0EB
S315100728C095FE00287FF436A9289A0DF1A40851E43D
S315100728D04B460A99062B099628BF06238946049361
S315100728E0069349F62C53C1F2070308910A930F91E1
S315100728F0CDE90C11FFF7D3BA099C0822002124A8A9
S3151007290039AE02F04FFC24AB54F8042B314650462F
S3151007291004F0A4FA03460133069000F01185069BCE
S31510072920099423EAE3730493FFF779BA029B13F02A
S3151007293010033FD0099951F8043B09919EE7039973
S3151007294026AA504600F052FE00287FF4F3A8DDE9C8
S3151007295027320DF1A4080BE5039926AA504600F075
S3151007296045FE00287FF4E6A8DDE927320DF1A40815
S31510072970F0E4039926AA5046189300F037FE00286C
S315100729807FF4D8A89DF86F100DF1A408289A189B04
S31510072990FFF716B9029941F0020102910B998DF8CA
S315100729A0711030218DF8701072E7504601F0F6FF5E
S315100729B0FEF771BF029A12F0400000F03D810999A7
S315100729C01A4631F8043B099158E70A99A31E302293
S315100729D002950A9301F8012C52AAD21A0692FFF70A
S315100729E02DBB039926AA504600F000FE00287FF457
S315100729F0A1A8289A0DF1A408FFF7A8BB24AD0A9B36
S31510072A000822002128461F9302F0CCFBB9F1FF3F9D
S31510072A1000F061820024CDF81080A0460CE039A999
S31510072A20504604F01BFA431C404400F0898448457D
S31510072A3008DC00F0CC8480461F9A2B4612590434C2
S31510072A40002AECD1CDF81880DDF81080069B002BF4
S31510072A5000F05783632B40F3F783591C5046FEF754
S31510072A601BF90A90002800F06B840A9B089308222A
S31510072A700021284602F096FB069C0A991FAA2346B0
S31510072A805046009504F010FA844240F028850A99BA
S31510072A900023069A99460996CDF83C908B5422EA5C
S31510072AA0E273CDE90C999DF86F100493FFF7F7B908
S31510072AB001332244C8F80060072BC8F80440CDE953
S31510072AC027327FF7BDA879E405F4806100204CF61C
S31510072AD0CD46CCF6CC46CDF810900DF5A47C0C97C8
S31510072AE08646DDF858900F460295CDF81880CDF832
S31510072AF020A006E00A2B72F100023ED32B4622468F
S31510072B00C44698184FF0050A40F100000EF1010E61
S31510072B100CF1FF38A6FB001424F0030101EB940116
S31510072B204FF0CC34401A191A62F1000504FB01F470
S31510072B3006FB0544A1FB06510C4405F001016D087F
S31510072B4045EAC4756408A1FB0A1A091830310CF84E
S31510072B50011C002FCED099F80010A1EB0E00FF290B
S31510072B60B0FA80F04FEA501008BF00200028C1D0F5
S31510072B700A2B72F1000280F01D83424652AB9B1A54
S31510072B80CDF82880CDF85890DDF81880DDF810902C
S31510072B90DDF820A00C9FCDF838E00693FFF74EBA64
S31510072BA0099B059953F8042B11600993FEF7B4BED8
S31510072BB001332244072BC8F80060C8F80440CDE952
S31510072BC027327FF7ECAB4AE549F63856C1F20706C6
S31510072BD0279B102C40F30C81DDF80C90102503E091
S31510072BE0103C102C40F3048101331032072BC8E92F
S31510072BF00065CDE92732D8BF08F10808F0DD26AA07
S31510072C00494650460DF1A40800F0F0FC00287EF462
S31510072C1091AFDDE92732E3E7029B099913F40072B6
S31510072C201BBF024651F8043B51F8043B099114BFE8
S31510072C30DBB20991FFF7DAB9029B099913F400720F
S31510072C401BBF024651F8043B51F8043B099114BFC8
S31510072C50DBB2099112E6029B099A9B054CBF12F942
S31510072C60043B52F8043B0992DA171146FFF72DB9C0
S31510072C7049F63856C1F20706FFF719BBB9F1FF3FF8
S31510072C8008BF4FF0060906D0B9F1000F08BF472C49
S31510072C9008BF4FF00109029B43F4807618EE903A6D
S31510072CA0002BC0F20C81B0EE489B00231893B0EEB0
S31510072CB0490B462C00F0FD81452C40F0F58209F1B1
S31510072CC0010224AB0221019350461FAB00931DABA3
S31510072CD015460E9202F080FCB5EE409B41190A90FC
S31510072CE0F1EE10FA00F0D083249B8B4206D23020E7
S31510072CF05A1C24921870249B8B42F9D30A9A472C94
S31510072D00A3EB02030E9340F0BC831D9A0C92D11CC1
S31510072D10ACBF002301234A45C8BF43F00103002B6C
S31510072D2000F097810B9B023B0B93531E9DF82C20AB
S31510072D3000211D930891002B8DF88020B4BF2D22FA
S31510072D402B228DF88120BCBF0C9BC3F10103092BE5
S31510072D5040F3FE820DF1970C4CF6CD45CCF6CC45DB
S31510072D6062460A261146A5FB03021C46632C4FEA48
S31510072D70D20206FB1230134600F1300201F8012C7D
S31510072D8001F1FF32EEDC303302F8013C8B1E63454E
S31510072D9080F09E830DF1810213F8010B02F8010FE3
S31510072DA06345F9D152AB591AA1F1AD0314930E9B92
S31510072DB0149A012B1A44069240F3F682069B109A30
S31510072DC013440693029B069A23F4806343F4807395
S31510072DD0029322EAE272002304920F93CDE90C3391
S31510072DE0189B002B70D19DF86F109946FFF757B8AF
S31510072DF001332244072BC8F80060C8F80440D8BF2F
S31510072E0008F10808CDE927327FF7B1AB039926AA4F
S31510072E10504600F0EBFB00287EF48CAE289A0DF195
S31510072E20A408FFF7A4BB069BA3EB09050E9B1C1B67
S31510072E30A542A8BF2546FFF7D2BB099B059953F8AC
S31510072E40042B09931180FEF767BD51F8043B024620
S31510072E5009910120DBB2FFF7CDB8039926AA504690
S31510072E6000F0C4FB00283EF44EAEFEF769BE0A9882
S31510072E700996FEF75FFBDDF8309020EAE0739DF8C0
S31510072E806F10049373230690CDF83C90CDF83490C9
S31510072E90CDF820900B93FFF702B8886DFEF7C4FAAA
S31510072EA0FEF702BE09F101015046FDF7F5FE0A903D
S31510072EB0002800F045820A9B0893FEF712BF2D23C0
S31510072EC0B1EE489B1893F2E62D214FF000098DF8C5
S31510072ED06F10FEF7E7BF00231FAA19465046009545
S31510072EE003F0E2FF03460133069000F029820A9B9E
S31510072EF01F93ABE50F990D9B002BD8BF002946DD15
S31510072F00CDF83CB049F63856C1F20706179BDDF8DF
S31510072F1058B00C974F468946B9F1000F3DD009F1C5
S31510072F20FF3927981A4415990130C8E9001307285D
S31510072F302892D8BF08F1080827905ADC06999BF8FB
S31510072F400000CD1B8542A8BF0546002D0CDD27982E
S31510072F502A44C8E90075013028920728279068DCAB
S31510072F609BF8000008F10808002DACBF441B044667
S31510072F70002C18DC0D990744B9F1000FD8BF0029AA
S31510072F80CADCB946CDF858B00C9FDDF83CB0069BA5
S31510072F90994528BF9946FFF7F2BA0D990BF1FF3BF2
S31510072FA001390D91BDE72798102C40F36582039DD3
S31510072FB0CDE90A3602E0103C102C28DD013010232B
S31510072FC007281A44C8F80060C8F80430D8BF08F1B3
S31510072FD00808CDE92702EEDD26AA294650460DF147
S31510072FE0A40800F003FB00287EF4A4ADDDE9270250
S31510072FF0E1E7039926AA50460A9300F0F7FA002844
S315100730007EF498AD289A0DF1A4080A9B96E7DDE998
S315100730100A35013022440728C8F80050C8F804407A
S31510073020CDE9270200F395809BF8000008F1080800
S31510073030A0E7039926AA50460A9300F0D7FA002864
S315100730407EF478AD9BF800000DF1A408289A0A9B28
S315100730508AE70C9B0E9A9342C0F23E81029B13F0AD
S31510073060010F0C9B08BF069302D0109A13440693C0
S31510073070029B5D0503D50C9B002B00F3CC81069BA9
S3151007308023EAE373049367230B93002302960893AB
S315100730900F930D93A4E6039926AA504600F0A6FAB5
S315100730A000287EF447AD1D990DF1A408289AFFF75D
S315100730B050BB24AB4A46019303211FAB50460093DE
S315100730C01DAB02F089FAB5EE409B027803460A90CB
S315100730D0F1EE10FA14BF01230023302A14BF002380
S315100730E003F00103002B40F0F6811D9BB5EE409BC4
S315100730F04B44F1EE10FA08BF0E937BD00A9AD118FB
S31510073100F2E5069B9DF86F109946099604930F935F
S31510073110CDE90C330893FEF7C2BE039926AA50468B
S3151007312000F064FA00287EF405AD1D990DF1A40888
S31510073130DDE92732FFF720BB039926AA504600F090
S3151007314055FA00287EF4F6AC289A0DF1A408FFF775
S3151007315007BA039926AA50460A9300F047FA002899
S315100731607EF4E8AC9BF800000DF1A408289A0A9B98
S3151007317000E7029BDC077EF565AD109B11991A4493
S31510073180C8E90013279B289201332793072BC4DC22
S3151007319008F10808FFF7F3BA039926AA504600F074
S315100731A025FA00287EF4C6AC1D9C0DF1A408289AB2
S315100731B0FFF7FCB9179B1599A8EB03081A46404663
S315100731C002F044F899F801300BB109F101094FF0F3
S315100731D0000E93E4039926AA504600F007FA002832
S315100731E07EF4A8AC1D9C0DF1A4080E9B289A1C1BF7
S315100731F0FFF7F5B91D9A029B002A0C9203F00103FB
S3151007320040F3498153EA090340F02F810C9B06933B
S3151007321066230B93029B590500F1FF80069B23EA51
S31510073220E373049331E7039B5B6EDB0707D4039BBA
S315100732309B899F0503D4039B986DFEF7F5F84FF00E
S31510073240FF330593FEF787BC0023089339AB0A9320
S315100732500DE44C42103149F63856C1F20706B8BF8D
S31510073260102503DB53E0103C102C50DD01331032D0
S31510073270072BC8E90065CDE92732D8BF08F108083A
S31510073280F1DD039926AA504600F0B0F900287EF41E
S3151007329051ACDDE927320DF1A408E4E70023B0EEBF
S315100732A0480B1893FEF726BD24AB4A460193022115
S315100732B01FAB504600931DAB02F08EF9029B0A9086
S315100732C0DA071FD5B5EE409BF1EE10FA00F0E08055
S315100732D00A9B03EB090107E5109A0E9B1344069305
S315100732E01A460C9B002BC4BF67230B9392DCC3F1C2
S315100732F001031A440692134667220B9223EAE373D5
S315100733000493C2E6249B0A9A9B1A0E93FDE4013393
S315100733102244072BC8F80060C8F80440CDE92732C5
S315100733207FF736AF039926AA504600F05FF90028B3
S315100733307EF400ACDDE927320DF1A408FFF71FBABA
S31510073340039AB2F90C3043F040039381FEF7FBBBA7
S315100733500DF1820221B930228DF882200DF18302F8
S31510073360303302F8013B20ABD31A14931FE524958B
S315100733701146C47B12F8013C9C4209D1302501F84D
S31510073380015C24994B1E249311F8013C9C42F6D0FC
S31510073390392B16BF0133837ADBB201F8013C0A9B3E
S315100733A0D31A0E93FEF7FDBC029BDE077FF50AAD17
S315100733B004E57323CDF81090CDF8189081469DF843
S315100733C06F1009960F900D900B93FEF768BDDDF8F9
S315100733D01080CDF81890FFF739BB18EE903A0324F2
S315100733E049F6FC42C1F207020494002B029BBCBFAC
S315100733F02D218DF86F1023F0800302934FF00003F1
S31510073400A8BF9DF86F101846089349F60053C1F2E6
S315100734100703FFF7F5B967230B9316990B78FF2B5D
S3151007342064D000200C9A044603E001340131FF2BC7
S3151007343008D0934206DAD21A4B78002BF5D10B78BF
S315100734400130F4E70F901691CDE90C240F9A0D9BD6
S3151007345017991344069A029601FB03230022069333
S31510073460089223EAE3730493BAE4109BD3184B44E8
S31510073470069366230B93CDE649F63855C1F2070531
S31510073480C7E5462C3FF4B6AE1D9B0C93013B4DE4A6
S31510073490CDF8389039E453EA090305D1012366229A
S315100734A004930B920693F0E5109B66220B92013359
S315100734B04B44069323EAE3730493E6E5099A7B786C
S315100734C00F4652F8041B099241EAE179FEF749BA09
S315100734D0022314936BE4C9F101031D9306E6039ABD
S315100734E0938943F040039381FEF724BB00230F9380
S315100734F00D93ABE7F0B51F468B89ADF26C4D1546AC
S3151007350023F00203064616A80C46ADF80C304B6E90
S315100735101993CB89ADF80E30CB6907934B6A09938C
S315100735201AAB009304934FF4806302930593002319
S315100735300693FDF773FF2A463B4669463046FEF764
S315100735408BF9051E07DB6946304601F053F900284B
S3151007355018BF4FF0FF35BDF80C3016985B0642BF03
S31510073560A38943F04003A381FDF75AFF28460DF2BE
S315100735706C4DF0BD2DE9F84F90464B6E9C042DD53A
S3151007358093680D461268064602F1080923B359E9EE
S31510073590022A5FEA9A0715D0A2F1040B002401E06C
S315100735A0A7420DD05BF8041F2A463046013401F0B6
S315100735B049FD431CF4D10023C8E90133BDE8F88F50
S315100735C0D8F808302AF0030A09F10809A3EB0A0309
S315100735D0C8F80830002BDAD10020ECE701F012FA10
S315100735E00023C8E90133BDE8F88F00BF10B494680B
S315100735F01CB15DF8044BFFF7BDBF204654605DF85C
S31510073600044B70472DE9F04F83461C46C9B018AFD7
S31510073610384604910021079208220B9301F0C2FD48
S31510073620BBF1000F04D0DBF83430002B00F0E9862D
S31510073630049A536EDB0748BFB2F90C2005D4049BD6
S31510073640B3F90C20960540F1A085950407D4049983
S3151007365042F400524B6E8A8123F400534B661007CF
S3151007366040F1D280049B1B69002B00F0CD8002F03D
S315100736701A030A2B00F0D78047F64C7AC1F2070ACD
S315100736800DF17C0900231FAACDE91D331C9249F6BB
S315100736905852C1F207020F930E92CDE910331293C7
S315100736A00993079DDAF8E44001F00AFE2A46034615
S315100736B016A958460097A047002800F0D38003465E
S315100736C0C0F2C880169A252A01D01D44EAE7079B3F
S315100736D00446EE1A40F0CA8069786C1C00234FF036
S315100736E0FF328DF853300A93069203930134A1F1F2
S315100736F020035A2B00F20081DFE813F0C702FE0001
S31510073700FE00C102FE00FE00FE006A00FE00FE007B
S3151007371021023202FE002C02A502FE009F025B0068
S315100737205B005B005B005B005B005B005B005B00A4
S31510073730FE00FE00FE00FE00FE00FE00FE00FE007C
S31510073740FE00D201D102FE00FE00FE00FE00FE00C2
S31510073750FE00FE00FE00FE00FE001203FE00FE0045
S31510073760FE00A201FE00F702FE00FE008A05FE001B
S31510073770FE00FE00FE00FE00FE00FE00FE00FE003C
S31510073780FE00D201F501FE00FE00FE00E902F5017A
S315100737908000FE009102FE0079028805370280003C
S315100737A0FE00A2017E008505FE00FE00AA05FE00AA
S315100737B07E000022A1F1300310460A2214F8011BDD
S315100737C002FB0030A1F13003092BF7D90A908EE7D7
S315100737D0584601F07DFD436812931846FDF7AAFE79
S315100737E005461190584601F073FD83681093002D16
S315100737F018BF002B40F0EB84217877E7039B2178DD
S3151007380043F02003039371E7049D5846294601F0B8
S3151007381075FB002840F0E286B5F90C2002F01A0372
S315100738200A2B7FF429AF0499B1F90E30002BFFF656
S3151007383023AF4B6EDB0702D4970540F18086079AB4
S3151007384023460499584600F0F7FE0990099849B09F
S31510073850BDE8F08F08220021384601F0A3FC0123AA
S315100738601D441FE7079B0446EE1A1ED0079BC9E99E
S3151007387000361D9B1E9A01331D93072B3244D8BF62
S3151007388009F108091E920ADD002A00F05A840499E4
S315100738901CAA5846FFF76EFEF8B90DF17C09099B6D
S315100738A033440993002C7FF417AF1E9B002B40F06F
S315100738B07C86049B00221D92B3F90C3010E0049904
S315100738C01CAA5846FFF756FE002800F0A4800C9B4A
S315100738D01BB10C995846FDF7BBFE049BB3F90C3088
S315100738E0049A526ED10740F1A1805B0600F18286D9
S315100738F0099849B0BDE8F08F07940029D5D0012360
S315100739002FAC1A4605938DF8BC10002308928DF834
S31510073910533000230C930693039B13F002031EBF29
S31510073920059A02320592039A12F084020D9205D176
S315100739300A9A0599551A002D00F32C83DDE91D21E6
S31510073940501C9DF8535085B101220131C9F8042046
S3151007395007280DF15302CDE91D01C9F8002000F320
S31510073960F982024609F108090130EBB115AB0231AC
S31510073970C9F8003007284FF00203CDE91D01C9F831
S31510073980043040F3028301200A460DF17C0959B130
S3151007399004991CAA5846FFF7EDFD002897D1DDE9D3
S315100739A01D210DF17C09501C0D9B802B00F01B82ED
S315100739B0069B089D5D1B002D00F37382089B072845
S315100739C0C9F800401944C9F80430CDE91D0140F380
S315100739D00782002900F0548304991CAA5846FFF75A
S315100739E0C9FD00287FF473AF1E990DF17C09039B5F
S315100739F0580705D50A9B059A9C1A002C00F34B838A
S31510073A00DDE9093205988242ACBF9B181B1809934A
S31510073A1000297FF454AF00231D930C9B1BB1194645
S31510073A205846FDF715FE0DF17C093AE69A053FF55E
S31510073A305CAF049CA06DFDF7F7FCB4F90C3054E7A6
S31510073A400B9E002307948DF8533056F8044B002C21
S31510073A5000F0E484532900F01C84039B13F010052F
S31510073A6040F01784069B5A1C00F091851A46294682
S31510073A70204601F08DFC0C90002800F06585031B8D
S31510073A809DF853100893069523EAE3730B9605934F
S31510073A900C9500293FF440AF059B013305933BE78F
S31510073AA04329079403D0039BDE0640F1D8830B9D69
S31510073AB0082200211AA82FAC01F074FB1AAB55F88F
S31510073AC0042B2146584603F0C9F9034601330890DB
S31510073AD000F07C85089B0B9523EAE3730593002377
S31510073AE08DF8533015E7039B07949D0640F1E08048
S31510073AF00B9B073323F007031A46596852F8083BFE
S31510073B000B920A460029C0F246810699013100F048
S31510073B1050810399069821F08001039143EA020127
S31510073B20002908BF002814BF0121002140F0418158
S31510073B300B46069148AC9DF8531008934EE00B9B25
S31510073B4053F8042B0A92002A80F21B830A9A5242D0
S31510073B50CDE90A23039B217843F004030393C5E5B4
S31510073B602B2321788DF85330C0E50B9A039B0794C6
S31510073B7043F0020047F63003ADF8543049F60453C4
S31510073B80C1F207030F9352F8043B0B920022002150
S31510073B908DF853100699013118BF022100F05C8287
S31510073BA020F080050395069D43EA0204002C08BF02
S31510073BB0002D14BF0124002440F04782002940F04D
S31510073BC0BA8210F00103089304BF48AC069105D0DA
S31510073BD00DF21F14302306918DF81F31069B089A94
S31510073BE09342B8BF1346059300230C9351E7039BE3
S31510073BF007949B0600F1F782039BDE0600F1068405
S31510073C00039B5D0600F18A84039B9C0540F1FE83A6
S31510073C100B9B099953F8042B0B93117041E52178E7
S31510073C20039B6C2909BF43F0200343F0100303934A
S31510073C3061780CBF0134039358E5039B217843F051
S31510073C408003039352E5224612F8011B2A2900F036
S31510073C50E084A1F130031446092B84BF0023069391
S31510073C603FF645AD002210460A2214F8011B02FB47
S31510073C700030A1F13003092BF7D9069037E5039BDE
S31510073C80217843F00103039330E59DF85330002B59
S31510073C907FF4B2AD202321788DF8533026E5039BA8
S31510073CA0079443F010030393039B9D063FF520AF3C
S31510073CB0039BDC0600F18482039B580640F1CA83F6
S31510073CC00B9A32F9043B0B92DA1711461AE7217849
S31510073CD0039B682909BF43F4007343F0400303931A
S31510073CE061780CBF0134039300E5039B079443F0F7
S31510073CF0100010F0200200F036820B9B073323F0DA
S31510073D00070319465A6851F8083B0B9100218DF89D
S31510073D1053100699013108BF03904AD001213FE796
S31510073D20039B079443F010030393039B13F020029E
S31510073D3000F00A820B9B073323F0070319465A68CC
S31510073D4051F8083B0B910399069821F4806103916A
S31510073D5001304FF000018DF8531040F0108248AC37
S31510073D60D80803F0070140EA4273D20830312046DB
S31510073D7053EA020504F8011DF2D1039B30290CBF43
S31510073D80002303F00103002B40F0B182194648AB1C
S31510073D901B1B089322E75B424FF02D018DF853103A
S31510073DA0069962EB4202013103D0039921F0800193
S31510073DB003910A2B72F1000180F0B88230339DF817
S31510073DC053108DF81F310DF21F140123089305E7C1
S31510073DD008990DF17C0901231F9420911E911D93BB
S31510073DE009F1080903E60A9B059D5D1B002D7FF760
S31510073DF0DFAD102D40F3038449F65858C1F2070872
S31510073E0043461026A0461C4607E002F1020C09F1AC
S31510073E1008090246103D102D1BDD501C10310728CE
S31510073E20C9E90046CDE91D01EFDD0DF17C091CAA94
S31510073E30002900F08B8004995846FFF79BFB002852
S31510073E407FF445ADDDE91D21103D102D02F1010C62
S31510073E50E3DC2346444698462944BCF1070FC9F8C4
S31510073E600080C9F80450CDE91DC140F396810120A1
S31510073E700A460DF17C0900293FF49AAD04991CAA4C
S31510073E805846FFF777FB00287FF421ADDDE91D21A2
S31510073E900DF17C09069B089D501C5D1B002D7FF7B5
S31510073EA08DAD102DDCBF49F65858C1F2070829DD2C
S31510073EB00E9B1026069498461C4607E002F1020C44
S31510073EC009F108090246103D102D19DD501C103155
S31510073ED00728C9E90046CDE91D01EFDD0DF17C097B
S31510073EE01CAA79B304995846FFF744FB00287FF4B8
S31510073EF0EEACDDE91D21103D102D02F1010CE5DCBC
S31510073F00069C604607282944C9F80080C9F804505A
S31510073F10D8BF09F10809CDE91D01D8BF01307FF7D0
S31510073F204DAD00293FF454AF04991CAA5846FFF724
S31510073F3021FB00287FF4CBAC1D980DF17C091E9947
S31510073F4001303BE54FF0010C0A46BCE74FF0010C78
S31510073F500A465FE779B104991CAA58461393FFF7E7
S31510073F6009FB00287FF4B3ACDDE91D210DF17C09AF
S31510073F70139B501CF9E4002B00F03F8101200DF133
S31510073F807C09022115AB20911F93024609F10809F6
S31510073F90013009E5102D40F3F282DDE91DC149F61E
S31510073FA06858C1F207081394102644466246984685
S31510073FB007E002F1020C09F108090246103D102D1F
S31510073FC019DD501C10310728C9E90046CDE91D0136
S31510073FD0EFDD0DF17C091CAA99B304995846FFF732
S31510073FE0C9FA00287FF473ACDDE91D21103D102DA9
S31510073FF002F1010CE5DC4346A046139C6246072AEC
S315100740002944C9F80080D8BF501CC9F80450D8BF36
S3151007401009F10809CDE91D217FF793AC002900F0B6
S31510074020298104991CAA58461393FFF7A3FA002867
S315100740307FF44DACDDE91D210DF17C09139B501C56
S315100740407FE40A464FF0010CB8E701293FF4B1AEF9
S3151007405002297FF484AE03980F9D48AC03F00F0135
S315100740601B0943EA02731209695C04F8011D53EA36
S315100740700201F3D148AB00211B1B03900893ADE552
S31510074080039B1D915C074DD50A9B059A9C1A002C1C
S3151007409048DD0DF17C09102C40F3918249F66858DA
S315100740A0C1F2070846461D9ADDF81080102506E06E
S315100740B0901C09F108091A46103C102C19DD531CDF
S315100740C01031072BC9E90065CDE91D31F0DD1CAAB2
S315100740D019B341465846FFF74DFA00287FF4F7AB58
S315100740E0DDE91D21103C0DF17C09102C02F10100B0
S315100740F0E5DCB04621440728C9E90084CDE91D014E
S315100741007FF77EAC71B104991CAA5846FFF732FAAD
S3151007411000287FF4DCAB1E9972E401200A460DF1E4
S315100741207C09C9E7DDE9093205998A42ACBF9B18B4
S315100741305B1809936FE423460694194648AC08930F
S315100741404CE51D92FFF7A9BB039B13F0100332D161
S31510074150039A12F0400000F06E810B991A4631F857
S31510074160043B0B91EFE50B9910F010031FD110F0DC
S31510074170400418D01A4631F8043B0B91C6E503984C
S315100741800EE521780B93FFF7B1BA1D46986DFDF72B
S3151007419049F9B5F90C20FFF758BA09F108090CF1D6
S315100741A00100624604E410F4007240F0AA8151F847
S315100741B0043B0B91AAE50B9951F8043B0B91C2E509
S315100741C00B9A52F8043B0B92DA1711469AE4109B96
S315100741D01B78002B3FF410AB039B217843F48063C5
S315100741E00393FFF783BA0B9B099853F8041BC2175F
S315100741F00B93C1E90002FFF754BA0A4601200DF1E5
S315100742007C09FFF7D1BB0398079472E507948CE5F1
S3151007421049F61853C1F2070307940F93039B13F03C
S3151007422020025BD00B9B073323F0070318465A6807
S3151007423050F8083B0B9053EA0200039800F0010070
S3151007424008BF002000285CD1039921F480609EE402
S3151007425049F60453C1F2070307940F93DEE70B9B46
S31510074260012205922FAC089253F8042B8DF8BC2027
S315100742700B9334E49DF85320002A00F0498101205E
S315100742800DF153020DF17C09014620901F92FFF79D
S3151007429068BB082200211AA8179400F083FF069B13
S315100742A0581C00F0F3800025059498462C460CE020
S315100742B02FA9584602F0D2FD411C204400F08681F2
S315100742C0404508DC00F0A1810446179A1AAB5259EB
S315100742D00435002AECD10894059CE5E0039B13F0FE
S315100742E0100318D00B9850F8043B0B90A3E702382D
S315100742F0302304F8013C48AB1B1A044600210893E7
S315100743006CE48DF85510039941F0020103913021A1
S315100743108DF8541098E7039A12F0400400F0A7801E
S315100743200B981A4630F8043B0B9084E703984CF623
S31510074330CD41CCF6CC41CDF8149000F48060994667
S31510074340CDF830A04FF0000EDDF840A00DF5907CAB
S3151007435088460346CDF820B007E0B9F10A0F72F187
S3151007436000023FD3B1462A46A44619EB02004FF086
S31510074370050B40F100000EF1010E0CF1FF34A8FBFE
S31510074380001525F0030101EB95014FF0CC35401AC6
S31510074390B9EB000162F1000605FB01F508FB0655AE
S315100743A0A1FB08610D4406F00101760846EAC576B9
S315100743B06D08A1FB0B1B091830310CF8011C002BDB
S315100743C0CBD09AF80010B1F1FF0018BF0120714544
S315100743D018BF00200028C0D0B9F10A0F72F10002E9
S315100743E080F0BC8048ABDDF820B01B1BCDF840A091
S315100743F0DDF81490DDF830A09DF853100893FFF7F9
S31510074400EDBB584600F0CAFAFFF712B90B9B09998C
S3151007441053F8042B11600B93FFF743B9069B49F624
S315100744202C54C1F207040B96062B28BF06230893B4
S315100744300593FFF76EBA039B0B9913F400721BBF14
S31510074440024651F8043B51F8043B0B9114BFDBB2FB
S315100744500B9178E4039B0B9A99054CBF12F9043B11
S3151007446052F8043B0B92DA171146FFF74BBB039B27
S315100744700B9813F400721BBF224650F8043B50F8F2
S31510074480043B0B9014BFDBB20B90D4E61AAB009328
S31510074490002317AA1946584602F006FD03460133AC
S315100744A0089000F093801794089B0BB3632B3DDCA1
S315100744B02FAC00230C93082200211AA800F072FED5
S315100744C0089D1AAB17AA009321462B46584602F0A9
S315100744D0EBFC854240F0A880089A00230B960693BA
S315100744E0A35422EAE27305939DF85310FFF7D1BA46
S315100744F0089B9DF853100B96CDE905330C93FFF7E0
S31510074500C8BA51F8043B22460B91DBB2FFF7FEBB44
S315100745100A4601200DF17C09FFF727BA0B9B09996B
S3151007452053F8042B0B931180FFF7BBB8591C584649
S31510074530FCF7B2FB0446002848D00C90BBE7886D01
S31510074540FCF772FFFFF77BB9069B059308930C9B45
S315100745509DF853100B960693FFF79BBA0D93119B75
S315100745601299E41A1A46204600F070FE9AF80120AE
S315100745700D9B0AB10AF1010A4FF0000EF2E61D9AD9
S3151007458049F66858C1F207081E99013237E52046E1
S3151007459006950B96FCF7CEFF9DF8531020EAE073AD
S315100745A008900C950593FFF774BA04991CAA5846F8
S315100745B0FEF7E0FF00283FF47CA9FFF78EB91D9898
S315100745C049F66858C1F20708013093E5049AB2F91B
S315100745D00C3043F040039381FFF782B9049B5B6E5F
S315100745E0D90707D4049B9B899A0503D4049B986D16
S315100745F0FCF71AFF4FF0FF330993FFF779B949F61E
S315100746005858C1F20708844626E4DDE9054308939E
S315100746104AE70B9B6178144653F8042B0B9342EA2F
S31510074620E2730693FFF762B8049A938943F040033F
S315100746309381FFF74CB900BFF0B51F468B89ADF2D2
S315100746406C4D154623F00203064616A80C46ADF820
S315100746500C304B6E1993CB89ADF80E30CB69079397
S315100746604B6A09931AAB009304934FF48063029332
S31510074670059300230693FCF7D1FE2A463B46694667
S315100746803046FEF7BFFF051E07DB6946304600F0CA
S31510074690B1F8002818BF4FF0FF35BDF80C30169843
S315100746A05B0642BFA38943F04003A381FCF7B8FE1C
S315100746B028460DF26C4DF0BDB1F90C202DE9F041ED
S315100746C00C468046110751D4616842F40063A381F2
S315100746D000296FDDA56A002D45D012F48052D8F84F
S315100746E000604FF00001C8F8001018BF226D09D1FD
S315100746F00123E1694046A8470246431C6BD0B4F92B
S315100747000C30A56A5F0705D5236B6168521A0BB182
S31510074710E36BD21AE16900234046A847451C4DD1E1
S31510074720D8F800201D2A3CD84FF6FE73CDF6BF7376
S31510074730134113F0010334D16360B4F90C302169C6
S31510074740216023F40061DB04A18150D4216BC8F8E2
S31510074750006041B104F14003994202D04046FCF78C
S3151007476077FF002323630020BDE8F0812669002E1A
S31510074770F9D09107256818BF0023266008BF63691B
S31510074780AD1B002DA36004DCEDE72D1A0644002DA2
S31510074790E9DDE1692B46676A32464046B847002885
S315100747A0F3DCB4F90C304FF0FF3043F04003A3812C
S315100747B0BDE8F081E16B00298CDCD4E7B4F90C3045
S315100747C0226922600022626023F40062A281DA0461
S315100747D0BCD52065BAE7D8F80030002B8FD0162B3A
S315100747E018BF1D2B08BFC8F80060BCD0D9E7002A30
S315100747F0ACD1EEE738B50C46054608B1436B03B3A3
S31510074800B4F90C0088B1636EDB0701D481050FD5A7
S3151007481028462146FFF750FF636E0546DA0702D48E
S31510074820A3899B0508D5284638BD0546284638BDB1
S31510074830A06DFCF7F7FDEBE7A06DFCF7F5FD284635
S3151007484038BD00F0ABF8DBE747F64072C1F2070256
S3151007485046F6C161C1F2070147F62060C1F20700AB
S3151007486000F04EBA41684AF2B013C1F2070310B509
S315100748709942044601D002F023FBA168074B9942DF
S3151007488002D0204602F01CFBE168054B994204D082
S315100748902046BDE8104002F013BB10BD18A2071042
S315100748A080A207102DE9F8434AF2E823C1F207035D
S315100748B04AF2B014C1F2070400250822294604203B
S315100748C0E06044F64900C1F20700186004F15C0085
S315100748D0C4E90055A56044F66D69C1F20709656616
S315100748E0C4E9045544F69168C1F20708A56100F0BA
S315100748F059FC04F15800C4E9074944F6D167C1F2D7
S31510074900070744F6F566C1F20706C4E90987E662A2
S31510074910FCF784FD2946082204F1C400C4E91A5598
S3151007492025670923C0F20103C4F8CC506367C4E9AD
S315100749301E55C4F8805000F035FC04F1C00004F190
S315100749406803C4E92298C4F88430C4E92476FCF7CE
S3151007495065FD294604F596700822C4E93455C4F84E
S31510074960D8501223C0F20203C4F83451C4F8DC300D
S31510074970C4E93855C4F8E85000F014FC04F1D00324
S3151007498004F59470C4F8F090C4E93D87C4F8FC6048
S31510074990C4F8EC30BDE8F843FCF740BD10B5044643
S315100749A04AF2AC10C1F20700FCF73CFD636B53B932
S315100749B04AF2E823C1F2070344F66502C1F2070279
S315100749C062631B683BB14AF2AC10C1F20700BDE83F
S315100749D01040FCF729BDFFF765FF4AF2AC10C1F28C
S315100749E00700BDE81040FCF71FBD00BF4AF2AC1028
S315100749F0C1F20700FCF716BD4AF2AC10C1F2070068
S31510074A00FCF712BD9368002B00F0BA802DE9F04F22
S31510074A108046B1F90C000C4683B01746010729D515
S31510074A2023693BB33D6810F002032FD04FF0000AFD
S31510074A304FF47C4BC7F6FF7B5646B9465E45334661
S31510074A40524628BF5B464046002E00F08580E16936
S31510074A50676AB847002840F38980D9F80830824436
S31510074A60361A1B1AC9F80830002BE7D1002003B0F5
S31510074A70BDE8F08F2146404600F040FA00287AD16B
S31510074A80B4F90C003D6810F00203CFD110F00109FC
S31510074A9078D14E460097002E5AD0D4F808B0820522
S31510074AA040F1BE805A46B34500F2EE8010F4906F7F
S31510074AB008BF206832D062692368216902EB420277
S31510074AC0A3EB010A02EBD2720AF101033344521027
S31510074AD0934292BF93469B461A46430540F1F3808D
S31510074AE011464046FCF7D8F8002800F002815246D6
S31510074AF021690190FCF7A8FCA289019B22F4906218
S31510074B0042F08002A28103EB0A002361C4F814B0B5
S31510074B10ABEB0A033246B346A360206049460192BF
S31510074B2000F0C2FAA368019AB246A3EB0B012368F9
S31510074B300026A16013442360009AD1449368A3EB1F
S31510074B400A039360002B91D0B4F90C00002EA4D160
S31510074B50D5E9009608359EE7D5E900A608356DE72D
S31510074B6021464046FFF746FE002837D0B4F90C30E9
S31510074B7043F04003A3814FF0FF3003B0BDE8F08F39
S31510074B8000207047BA46994618461E461F46009596
S31510074B90002E31D0002838D04A46A168B242636940
S31510074BA028BF3246206803EB010B2169884294BF60
S31510074BB0002101215A45D8BF0021002975D19342FA
S31510074BC066DCE1693A46656A4046A847B0F1000BCC
S31510074BD0CCDDB9EB0B0918BF0120C1D0DAF80830C4
S31510074BE05F44A6EB0B06A3EB0B03CAF80830002BA2
S31510074BF03FF43CAF002ECDD1009A1346083252F837
S31510074C00046C0092002EF7D01F6832460A213846E8
S31510074C1000F0BEFB002869D00130A0EB0709BBE7FF
S31510074C2020682369984217D86169B14214D86FF082
S31510074C30004AB24528BFB246504602F06FFE676A71
S31510074C40AAEB01034A46E1694046B847B0F1000AA4
S31510074C508CDDA6EB0A066FE7B345DA4628BFB246E0
S31510074C604946524600F020FAA3682268A3EB0A03C6
S31510074C70A36052442260002BEBD121464046FFF732
S31510074C80B9FD0028E5D071E72068B346324645E7F7
S31510074C903946019200F008FA019AA36893469B1ABF
S31510074CA0A36023681344236093E739465A4600F0F6
S31510074CB0FBF92368214640465B442360FFF79AFDBC
S31510074CC0002886D052E7404601F0F8FE0346002832
S31510074CD07FF419AF21694046FCF7BAFCB4F90C30DA
S31510074CE00C22C8F8002023F0800341E7721C914676
S31510074CF053E7B4F90C300C22C8F8002038E700BF88
S31510074D002DE9F8430746884616464FF00009D6E9B7
S31510074D100154013D0FD4A389013D012B08D9B4F9DC
S31510074D200E3021463846013302D0C04749EA0009FA
S31510074D3068346B1CEFD13668002EE8D14846BDE8BB
S31510074D40F88300BF8B8903F00903092B01D00020D4
S31510074D50704747F61863C1F207031868FFF74ABD8D
S31510074D6070B50C46054610B1436B002B68D0B4F9E5
S31510074D700C309A0406D4626E43F40053A38122F4CE
S31510074D800052626600229E06626065D4580719D4DF
S31510074D90D90664D51A0742D443F00403A3812369BD
S31510074DA0002B48D0B4F90C60B3071ED122692846E8
S31510074DB0266A6369E1692260B0470028606042DDB0
S31510074DC0002070BD216B0029E9D004F140039942F8
S31510074DD002D02846FCF73CFCE36B00226360226393
S31510074DE0002BDCD0A36B2360EAE7012347F640725A
S31510074DF0C1F20702A38144F64551C1F2070147F6EE
S31510074E002060C1F20700FFF77BFF06F00903092BA5
S31510074E10A681CBD121462846FFF74EFCC6E7214689
S31510074E202846FFF7E7FCB8B9B4F90C30A06023F0B1
S31510074E300803A061B0E72146284602F0A3F8B1E7B8
S31510074E40FFF7ACFD93E7A3891BBF0022626043F00F
S31510074E50200343F04003A3814FF0FF3070BD0922B2
S31510074E6043F040032A60A381F6E700BF10B50C464E
S31510074E70B1F90E1000F05CFA0028A9BF236DA389BB
S31510074E801B182365BCBF23F48053A38110BD00BF35
S31510074E902DE9F0410C46B1F90C101F46054616468A
S31510074EA0CB050BD421F480513B46A1813246B4F988
S31510074EB00E102846BDE8F04100F052BAB4F90E10AC
S31510074EC00223002200F01CFAB4F90C10EAE700BF1F
S31510074ED010B50C46B1F90E1000F012FA421CB4F9CF
S31510074EE00C3016BF206523F4805343F48053A381F7
S31510074EF010BD00BFB1F90E1000F0EEB938B547F680
S31510074F001863C1F2070305460C46186810B1426BC1
S31510074F10002A51D0B4F90C30180748BF226920D49B
S31510074F20D9065EBF092243F040032A6033D55A07D4
S31510074F3058BF226912D5216B51B104F14002914233
S31510074F4004D02846FCF784FBB4F90C300022226300
S31510074F50226923F024030021C4E9002143F0080342
S31510074F60A381E2B113F0010107D198074FF00000B2
S31510074F7058BF6169A16042B138BD61690020A06060
S31510074F8000204942A161002AF6D1190658BF1046DA
S31510074F90F2D543F040034FF0FF30A38138BD03F439
S31510074FA02071B1F5007FDDD02146284601F0EAFFD2
S31510074FB0B4F90C302269D5E7FFF7F0FCAAE700BF72
S31510074FC070B506460D4682B0144600F079F90128E9
S31510074FD01CD16B1EFE2B98BF8DF8045016D8A368EC
S31510074FE09DF80410013BA360002B08DAA2699342CF
S31510074FF0B4BF002301230A2908BF002393B12368EE
S315100750005A1C22601970284602B070BD04F15C0361
S315100750102A4601A9304601F021FF431C0CD000286F
S31510075020DDD1F0E72246304602F01AF80130EAD110
S315100750304FF0FF3002B070BDA38943F04003A38140
S31510075040F6E700BF30B51446536E83B0054613F026
S31510075050010FB2F90C3001D19A051CD5980406D464
S31510075060626E43F40053A38142F4005262662246ED
S315100750702846FFF7A5FF636E0546DA0702D4A3890C
S315100750809B0502D5284603B030BDA06DFCF7CCF9B9
S31510075090284603B030BDA06D0191FCF7C3F9B4F9EA
S315100750A00C300199DAE700BF88420ED98B18834274
S315100750B00BD900EB020C002A73D0624613F801CD08
S315100750C002F801CD9942F9D170470F2A0FD8034636
S315100750D002F1FF3C002A64D00CF1010C013B8C4411
S315100750E011F8012B03F8012F6145F9D1704740EAF2
S315100750F001039B071CBF02F1FF3C0346ECD1A2F14B
S31510075100100370B501F1200C23F00F0601F11004FE
S3151007511000F11005B4444FEA131E54F8103C10342E
S3151007512045F8103C103554F81C3C45F81C3C54F80F
S31510075130183C45F8183C54F8143C644545F8143C9B
S31510075140EBD10EF1010302F00F0412F00C0F4FEA28
S31510075150031308BF22461944034414D0A3F1040EBF
S315100751600D4655F8046B4EF8046FA4EB050C8C44EA
S31510075170BCF1030FF5D8043C02F0030224F0030434
S3151007518004342344214402F1FF3C013B0CF1010C8A
S315100751908C442AB111F8012B03F8012F6145F9D177
S315100751A070BD704730B583074AD0541E002A41D0C8
S315100751B0CAB2034601E0013C3CD303F8012B9D0715
S315100751C0F9D1032C2FD9CDB24FF001320F2C02FB98
S315100751D005F538D9A4F1100203F1100E22F00F0CC1
S315100751E0E6444FEA121C1A461560103242F80C5C58
S315100751F042F8085C42F8045C7245F5D10CF10102DD
S3151007520014F00C0F04F00F0C03EB021213D0ACF1D1
S31510075210040323F003030433134442F8045B934255
S31510075220FBD10CF003042CB1C9B21C4403F8011BC3
S315100752309C42FBD130BD13466446002CF4D1F9E7E6
S3151007524003461446BDE71A46A446E0E740EA0103BB
S31510075250032A10B598BF0024C3F3010388BF01249E
S31510075260002B18BF00248E46844674B901F1FF3E01
S3151007527007E01EF8011F541E03F8011BC1B19C4617
S3151007528022466346002AF4D110BDDEF80040714667
S315100752900EF1040EA4F1013323EA040313F0803F41
S315100752A0E4D1043A4CF8044B032AEED87146DDE7ED
S315100752B09444002CE8D003F8011B6345FBD110BDBD
S315100752C047F64C73C1F2070393F82801704700BFDE
S315100752D0004870473C80071038B54AF2EC24C1F2F3
S315100752E00704054608460023236002F025FB431CE6
S315100752F000D038BD2368002BFBD02B6038BD00BF0C
S3151007530038B54AF2EC24C1F207040D468446114615
S3151007531028461A4665460023236002F03DFB431CC8
S3151007532000D038BD2368002BFBD02B6038BD00BFDB
S3151007533038B54AF2EC24C1F207040D4684461146E5
S3151007534028461A46654600232360FBF733F8431CA5
S3151007535000D038BD2368002BFBD02B6038BD00BFAB
S3151007536038B54AF2EC24C1F207040D4684461146B5
S3151007537028461A46654600232360FAF7A5FF431CFD
S3151007538000D038BD2368002BFBD02B6038BD00BF7B
S315100753905FFA81FC810744D00346511E22B909E002
S315100753A09A0709D0013905D31846013302786245A1
S315100753B0F6D1704700207047184603290CD80029E4
S315100753C0F8D00346014401E08B42F3D0184613F890
S315100753D0012B6245F8D1ECE710B54FF001340246C0
S315100753E004FB0CF402E00439032918D9104652F8C5
S315100753F0043B6340A3F1013E2EEA030313F0803FFB
S31510075400F1D051B10346014401E08B4205D018464D
S3151007541013F8012B6245F8D110BD002010BD1046B8
S31510075420EFE71146C9E700BF30B44FF6FF7CC7F662
S31510075430EF7C82B0002101608DED000B019A22F0FE
S315100754400043634523D8009C1C4320D00C46C7F65F
S31510075450F074144054B99FED107B6FF0350120EEB0
S31510075460077B8DED007B019A22F0004322F0FF4265
S315100754701B1522F4E002A3F2FE33DDE9004542F0E4
S315100754807F550B4445F400150360CDE900459DEDA6
S31510075490000B02B030BC70470000000000005043FC
S315100754A003692DE9F04F0D6985B0AB42B8BF0020EF
S315100754B0C0F28F80013D00F1140801F114048B46E8
S315100754C0AA00814658F825A0A71854F82510504663
S315100754D001920131029101F09BFF019A029906464A
S315100754E008EB020C8A453FD30021C646CDE9024890
S315100754F0A2460B460846A8465AF8044BDEF8005053
S315100755005745A1B24FEA1444AAB206FB01014FEA66
S31510075510114089B2A2EB01021A4406FB040083B2BA
S315100755204FEA1040C3EB224392B203EB154342EA0C
S3151007553003424FEA23434EF8042BDDD2DDE901245B
S315100755404546DDF80C8058F802306BB9ACF1040CFF
S31510075550E04503D306E0013DE04503D25CF8043984
S31510075560002BF8D0C9F810505946484601F062F991
S3151007557000282DDB00224146944654F8040B0B688D
S31510075580A7421FFA80FE4FEA10409AB2A2EB0E020C
S315100755906244C0EB224092B200EB134042EA00424B
S315100755A04FEA204C41F8042BE7D258F8252008EB90
S315100755B0850362B9043B984503D306E0013D984538
S315100755C003D253F80429002AF8D0C9F81050013627
S315100755D0304605B0BDE8F08F2DE9F04F57EC106B4C
S315100755E004462DED028B91B00291816B1C9DCDE97E
S315100755F003328DED000B41B1C26B01234A60934014
S315100756008B6000F0ABFE0023A363B7F10008B6BFAB
S315100756100123002328F000482B604FF00003C7F63C
S31510075620F073B8BFCDF8048033EA080300F0B480EE
S315100756309DED008BB5EE408BF1EE10FA11D1039A62
S31510075640012313601D9B13B11D9AC74B136049F6AF
S315100756503459C1F20709484611B0BDEC028BBDE8B3
S31510075660F08FB0EE480B0EAA0FA9204601F0C2F92B
S315100756705FEA1853054640F0AA80DDE90E130B447E
S3151007568003F23242581E202AC9BFC2F14002C2F1A4
S31510075690200208FA02F803F21242D8BF06FA02F2FB
S315100756A04FF00103C8BFD6400C93C8BF48EA06029D
S315100756B007EE102AB8EE477B17EE906A53EC172BB6
S315100756C0A6F1F87343EC172BB7EE086B9FEDA04BBB
S315100756D037EE466B9FEDA07B9FEDA15B06EE047B35
S315100756E006EE900AB8EEE66B06EE057BB5EEC07BC6
S315100756F0FDEEC76BF1EE10FA16EE909A08D5B8EED6
S31510075700E66BB4EE476BF1EE10FA18BF09F1FF39E5
S31510075710B9F1160F00F2978149F6D063C1F2070364
S3151007572003EBC90393ED007BB4EEC78BF1EE10FACA
S3151007573068D509F1FF39002309930B1AB3F1010A4A
S3151007574049BFC3F1010300234FF0000A069358BF60
S315100757500693B9F1000F5DDA069BCDF81C90A3EB03
S3151007576009030693C9F100030593029B4FF000093D
S31510075770092B57D8052BD8BF012602DD0026043B77
S315100757800293029B023B032B00F28985DFE813F095
S315100757907A0377036B034E03039AC8F3130842F28F
S315100757A00F7358EA0608136021D01D9B49F6CC598A
S315100757B0C1F20709002B3FF44EAF09F103031D9AF7
S315100757C04846136011B0BDEC028BBDE8F08F18EE9A
S315100757D0906AA3F2FF3000230C9353EC182B0E9903
S315100757E0C6F3130646F07F5343F440136AE71D9B2F
S315100757F049F6C059C1F20709002B3FF42CAF09F13E
S315100758000803DCE7091AB1F1010A00F168840023DD
S315100758100993069300230593029BCA44CDF81C905F
S31510075820092BA7D94FF0FF3B0023012602930896B1
S3151007583004930021CDF834B0E163204600F068FDEB
S315100758408046002800F03385BBF10E0F8CBF00266B
S3151007585006F00106A063002E00F0CB8007990029F9
S3151007586040F3F48001F00F0249F6D063C1F2070343
S31510075870CE0503EBC20393ED007B4FEA211340F1EC
S31510075880B48249F6A862C1F2070203F00F03032197
S3151007589092ED086B88EE065B6BB149F6A862C1F20A
S315100758A00702D80704D592ED006B013127EE067B68
S315100758B008325B10F5D185EE076B099B3BB1B7EE46
S315100758C0007BB4EEC76BF1EE10FA00F1E88307EE32
S315100758D0901AB8EEE75BB1EE0C7B05EE067B17EE7A
S315100758E0903A8DED0A7BA3F150730B93BBF1000F22
S315100758F06BD0079E5946089B002B00F0D280FDEE11
S31510075900C64B49F6D063C1F20703B6EE003B03EB6D
S31510075910C1034046B8EEE47B36EE477B13ED026BC8
S3151007592014EE903A83EE065B9DED0A6B303300F862
S31510075930013B35EE465BB4EEC75BF1EE10FA00F3AA
S3151007594038840022B7EE002BB2EE044B26E000BFD8
S3151007595061436F63A787D23FB3C8608B288AC63F58
S31510075960FB799F501344D33F359D071001328A4266
S315100759703FDA27EE047B25EE045BFDEEC76BB8EE28
S31510075980E63B16EE903A37EE437B303300F8013B91
S31510075990B4EEC57BF1EE10FA00F10B8432EE476BCD
S315100759A0B4EEC56BF1EE10FAE0D571E207EE901A78
S315100759B0B1EE0C5BB8EEE77B07EE065B15EE903A99
S315100759C08DED0A5BA3F150730B93B1EE047B9DED3E
S315100759D00A5B36EE477BB4EEC57BF1EE10FA00F3A1
S315100759E09683B1EE455BB4EEC57BF1EE10FA00F186
S315100759F0B9810F9B0799DA430E294FEAD272C8BFAE
S31510075A000022002A40F08E810899002900F095801F
S31510075A100299012940F36C8305990BF1FF339942DB
S31510075A20C0F2B882BBF1000FA1EB03030A93BCBF08
S31510075A30069BA3EB0B06C0F2B782069BDA441E46FB
S31510075A405B440693B0E20123099376E600F09E8243
S31510075A50079B5A4249F6D063C1F2070302F00F01BA
S31510075A6003EBC10393ED005B131128EE055BB0EE54
S31510075A70456B00F0FE8349F6A862C1F207020020C3
S31510075A800221DF0705D592ED007B0131304626EE60
S31510075A90076B08325B10F4D1002808BFB0EE456BD0
S31510075AA00BE7FDEEC65B49F6D063C1F20703424624
S31510075AB003EBC1000129B2EE044BB8EEE57B10EDFE
S31510075AC0023B15EE900A36EE477B9DED0A6B00F109
S31510075AD0300002F8010B08EB010023EE063B00F03D
S31510075AE0B08327EE047BFDEEC76B16EE901AB8EE61
S31510075AF0E65B303102F8011B37EE457B9042F0D159
S31510075B00B6EE006B33EE065BB4EEC75BF1EE10FA3A
S31510075B1000F1BE8136EE436BB4EEC76BF1EE10FAA9
S31510075B2000F3DF810F9A0799D2430E294FEAD272F3
S31510075B30C8BF0022002A40F0F980069E0027059B61
S31510075B4008970A93002EC8BFBAF1000F09DD56450C
S31510075B503346069AA8BF5346F61AAAEB030AD21A71
S31510075B600692059B5BB1089B1BB10A9B002B40F065
S31510075B702E822946059A204600F088FD0546012102
S31510075B80204600F099FC0590B9F1000F40F01781F7
S31510075B90029B012B40F32D810123534413F01F035E
S31510075BA000F0BE80C3F12002042AC8BFC3F11C034C
S31510075BB040F37981069A1E449A441A440692069B24
S31510075BC0002B05DD29461A46204600F0BDFD054681
S31510075BD0BAF1000F05DD05995246204600F0B4FDCF
S31510075BE00590099B002B40F0C180029ABBF1000F6C
S31510075BF0D4BF01230023022AD8BF00232BB3BBF13E
S31510075C00000F00F05681049BC146DE4305992046D6
S31510075C1000F0A4FB1FB13946204600F09FFB29462A
S31510075C20204600F09BFB002388F800300136039BC3
S31510075C301E601D9B002B3FF40EAD4846C3F800802F
S31510075C4011B0BDEC028BBDE8F08F089B002B00F05E
S31510075C504E81002E05DD39463246204600F074FD8A
S31510075C600746BA46B9F1000F40F0A68208F1FF338E
S31510075C7046465B440893009B03F00103CDE90938B8
S31510075C80DDF8148028464146FFF70AFC3946834655
S31510075C90284600F0CFFD41465246814620460BF175
S31510075CA0300800F0E7FDC2680146002A40F0A681D9
S31510075CB00690284600F0BEFD06990490204600F08F
S31510075CC04DFB029B049A52EA030140F0CB81099BD4
S31510075CD0002B00F0AC82B9F1000FC0F2A482B146D6
S31510075CE0089BB34209F8018B00F08E8229460023E0
S31510075CF00A22204600F03CFB3946054600230A22B5
S31510075D002046574500F0A88100F032FB514607465A
S31510075D1000230A22204600F02BFB4E468246AFE7A9
S31510075D201C2347E749F6D063C1F20703079ABBF16D
S31510075D30000F03EBC203049A93ED006BCCBF00234D
S31510075D40012313EAD27300F0E781BBF1000F09D1E3
S31510075D50B1EE047B26EE077BB4EEC78BF1EE10FA95
S31510075D6000F2D581002305931F464CE7059928466F
S31510075D7000F060FD0028BFF638AF079B29460A22B8
S31510075D802046013B0793002300F0F2FA089B0546CD
S31510075D90002B40F05882029B0D9A022BCCBF012391
S31510075DA00023002A9346C8BF0023002B00F09F80CC
S31510075DB0DDF834B0BBF1000F7FF425AF79E001466B
S31510075DC04A46204600F062FC029B0590012B40F3E1
S31510075DD0F1804FF00009059A136902EB83031869DE
S31510075DE000F01AFBC0F12003D7E6B0EE485B02219C
S31510075DF052E5009B002B7FF4CFAEDDE900010A4682
S31510075E00C1F31303002B7FF4C7AE0023C7F6F07355
S31510075E1013402BB1069B0AF1010A0133069301239E
S31510075E20B9F1000F40F0FD819946B5E601230893B5
S31510075E30049B079A13440D9303F1010B5F46012F39
S31510075E40B8BF0127172FDCBF0021E1637FF7F5AC39
S31510075E50012204235B00114603F114000132B842F4
S31510075E60F8D9E163E9E401230893049F002FC4BF1F
S31510075E700D97BB46E6DC012304939B46D9E4002322
S31510075E800893D5E700230893EFE7804500F08E8146
S31510075E90024610F8013D392BF7D00133DBB20370F8
S31510075EA0C1469046BBE618BFC3F13C033FF487AE25
S31510075EB080E605995B460522204600F059FA014609
S31510075EC00590284600F0B6FC0028C8BFC1467FF7E4
S31510075ED09AAE079E312308F1010889F8003001367A
S31510075EE094E6024610F8013D302BFAD0D8E7DDF8D4
S31510075EF014A0C146012607E0294600230A22204698
S31510075F0000F036FA0136054651462846FFF7C8FA15
S31510075F105E4500F1300309F8013BEDDBBBF1000FDD
S31510075F204FF00002CCBFD9464FF00109C144029287
S31510075F30294601222046009300F006FC05990546DE
S31510075F4000F078FC002803DC22E1C84500F0178131
S31510075F50CB4609F1FF391BF8013C392BF5D0079EC3
S31510075F60013389F800300599204600F0F7F9002F1C
S31510075F7000F00B81029B002B18BFBB4203D002997E
S31510075F80204600F0EBF9C146D84644E6B0EE486B1A
S31510075F90022192E40599DA440593591A069B894416
S31510075FA00A921E465B4406930121204600F084FAA6
S31510075FB00746C7E5009B002B7FF40BAFDDE9000111
S31510075FC00A46C1F31303002B3FF41FAF01E71A4626
S31510075FD03946204600F05AFB2A4601460746204610
S31510075FE000F09AFA29460546204600F0B7F9059BB0
S31510075FF00A9A9B1A05933FF4C2ADBAE52046CDF827
S315100760001080DDF8288000F0A9F9049BB9F1000F7C
S3151007601008DB009A029902F0010249EA010952EADD
S31510076020090231D1294601222046029300F08CFB42
S315100760300599054600F0FEFB029B002840F31C81DC
S31510076040392B00F0E7800BF13103B3460297079E11
S3151007605057460BF8013B86E700F08AF94E46074686
S3151007606082460DE6B9F1000FC0F22E81029B49EA6E
S315100760700309099B53EA090900F02681002A7FF7CD
S315100760802EAE4346DDF82880392B00F0C380B34681
S31510076090013302975746079E0BF8013B63E7BBF19F
S315100760A0000F3FF483AC0D9B002B7FF7A2AC013199
S315100760B0B2EE044B07EE901A194626EE046B079AB2
S315100760C0B8EEE75BB1EE0C7B561E05EE067B17EEB8
S315100760D0903A8DED0A7BA3F150730B930BE4C1F144
S315100760E001034FF0000A0693CDF824A0FFF792BBE1
S315100760F00C9A03F2334312B90E9BC3F13603069A71
S315100761009A4416461A44059B06920A934CE70023AF
S31510076110C1461F460593DCE688EE067B4046BBF173
S31510076120010FB2EE044BBDEEC77BB8EEC75B17EE99
S31510076130103A05EE468B03F1300300F8013B4FF09A
S31510076140010311D14EE088EE067B01335B45BDEEA8
S31510076150C77BB8EEC75B17EE102A05EE468B02F122
S31510076160300200F8012B3DD028EE048BB5EE408B9C
S31510076170F1EE10FAE7D1C146079E80464FE5079E16
S31510076180312388F800300136EDE6C146D84646E594
S3151007619003D1009BDB073FF5DBAECB4609F1FF3991
S315100761A01BF8013C302BF8D0079EDCE6013631236D
S315100761B075E6C146804632E57968204600F0A8F8AC
S315100761C0064600285ED03B6907F10C010C300233F6
S315100761D09A00FBF739F931460122204600F0B4FA46
S315100761E0824643E538EE088BB4EEC68BF1EE10FA0D
S315100761F008DCB4EE468BF1EE10FABCD117EE103A66
S31510076200D907B8D5079E43E643460297DDF8288097
S3151007621057468DE6B14639230297574609F8013B8B
S3151007622096E69946D7E54346DDF828800DE74346B7
S31510076230DDF82880392BEDD0B9F1000F3FF703AF02
S3151007624003E710465CE4394600230A22204600F08D
S315100762508FF80D9A02990746002A1346D4BF0123D1
S31510076260002302299346D8BF0023002B3FF4F1AC35
S315100762709EE50221FFF721BB7FF4E7AEDA077FF52C
S31510076280E4AEDDE649F6D053C1F2070349F6E4500A
S31510076290C1F20700324640F2EF2100F061FF0026F7
S315100762A020463146E66300F033F8804698B949F63A
S315100762B0D053C1F2070349F6E450C1F20700002292
S315100762C040F2AF1100F04CFF4346002ADDF8288054
S315100762D07FF7BBAEA6E64FF0FF3301229B46049627
S315100762E0A0630D930892FFF784BB00BF82B051B12C
S315100762F0104632B14BB113780B601278101E18BFC7
S31510076300012002B0704701A9F2E76FF00100F8E724
S3151007631038B50546436C0C464BB153F8240080B18B
S31510076320026843F824200023C360036138BD212285
S31510076330042100F037FF034668640028EDD10020DA
S3151007634038BD0121284601FA04F56A1D920000F0AE
S3151007635029FF0028F3D0C0E90145E4E731B1436CC2
S315100763604A6853F82200086043F82210704700BFA6
S315100763702DE9F04107460D690E461C4601F1140E2C
S315100763800020DEF80010013085428BB24FEA11412A
S3151007639002FB03434FEA134C9BB202FB01CC03EB00
S315100763A00C434FEA1C444EF8043BEADC3CB1B36895
S315100763B0AB4207DD06EB850301355C613561304677
S315100763C0BDE8F081716838460131FFF7A1FF8046B5
S315100763D0A8B1326906F10C010C3002329200FBF7B4
S315100763E033F87B6C726853F82210316043F82260D9
S315100763F0464606EB850301355C613561DFE749F6ED
S31510076400D053C1F2070349F64060C1F2070042466E
S31510076410BA2100F0A5FE00BFB0F5803F034636BF90
S31510076420030400201020B3F1807F3CBF1B02083005
S31510076430B3F1805F3CBF1B010430B3F1804F03D328
S31510076440002B07DB013070479B0004D45B0058BF55
S31510076450202002D47047023070470330704700BFC0
S315100764600368014613F0070209D0DA0720D4980704
S3151007647047BF01205B089B0802200B60704798B244
S3151007648098B11046DAB20AB908301B0A1A0704BFC0
S3151007649004301B099A0704BF02309B08DA0702D497
S315100764A001305B0806D00B6070471B0C1020E9E71C
S315100764B0002070472020704738B50446436C0D46B8
S315100764C04BB15868E0B102685A6000220123456152
S315100764D0C260036138BD2122042100F063FE034622
S315100764E060640028EDD149F6D053C1F2070349F687
S315100764F04060C1F20700002240F2451100F030FE5D
S315100765001C220121204600F04DFE0028EBD0012267
S31510076510022342608360D8E72DE9F04F92460A6955
S315100765200E465146DAF8103085B09A42A9BFB246E0
S315100765301D4698460E46ACBF15469046DAE9011336
S3151007654005EB0804A342B8BF0131FFF7E1FE844605
S31510076550002800F08D8000F1140707EB840E7745AD
S315100765603CBF3B46002203D243F8042B9E45FBD87B
S3151007657014360AF1140906EB880809EB8505464512
S3151007658067D2A5EB0A030AF1150A153BCDF808E001
S3151007659023F00303AE460433039455452CBF9B469D
S315100765A04FF0040BE24604E0090C2BD10437B04533
S315100765B04CD956F8041B8DB2002DF5D0CC463C4667
S315100765C0002301965CF8040B2168E64586B24FEA6C
S315100765D010408AB24FEA114105FB062205FB00114E
S315100765E01A4401EB124192B242EA01424FEA1143B1
S315100765F044F8042BE6D8019E47F80B3056F8041CCE
S31510076600090CD3D03B68002248463D461C469446A3
S3151007661002889BB201FB02C202EB144243EA024311
S3151007662045F8043B50F8043B2C6886454FEA134C53
S31510076630A3B201FB0C3303EB12434FEA134CE7D813
S3151007664047F80B30B04507F10407B2D8DDE902E485
S31510076650D446002C02DC05E0013C03D05EF8043D6D
S31510076660002BF9D06046CCF8104005B0BDE8F08F86
S3151007667049F6D053C1F2070349F64060C1F2070045
S3151007668062464FF4B17100F06BFD00BF12F00303C1
S315100766902DE9F0411446074608BF0D462BD1A41025
S315100766A01CD03E6C9EB34FF00008E30706D4641067
S315100766B014D03068A8B10646E307F8D532462946FE
S315100766C03846FFF729FF35B17B6C696853F82120E7
S315100766D02A6043F8215005466410EAD12846BDE8DA
S315100766E0F081324631463846FFF716FF30600646C8
S315100766F0C0F80080E0E7013B49F69C62C1F2070249
S3151007670052F823200023FFF733FE0546C7E701217A
S315100767103846FFF7FDFD064640B1012340F27122C8
S31510076720C0E90432002338640360BCE749F6D05346
S31510076730C1F2070349F64060C1F20700324640F23C
S31510076740451100F00DFD00BF2DE9F0470C464FEA45
S3151007675062194968904627690646A3684F447D1C07
S315100767609D4203DD5B0001319D42FBDC3046FFF79E
S31510076770CFFD8446002850D01430B9F1000F0EDD36
S3151007678009F10509034600224FEA89090CEB0901AD
S3151007679043F8042B8B42FBD1A9F11409484421690C
S315100767A004F1140318F01F0803EB81012DD0C8F16B
S315100767B0200986464FF0000A1A6802FA08F242EADA
S315100767C00A024EF8042B53F8042B994222FA09FAB7
S315100767D0F2D80B1B04F11502153B23F00303043300
S315100767E0914238BF042340F803A0BAF1000F00D135
S315100767F03D46736C60466268CCF8105053F8221009
S31510076800216043F82240BDE8F087043853F8042B7B
S3151007681040F8042F9942F9D8EAE749F6D053C1F25E
S31510076820070349F64060C1F2070062464FF4EF715D
S3151007683000F096FC0B6984460069C01A18D19B00B4
S315100768400CF1140C14310CEB030210B40B4401E0D9
S3151007685094450AD252F8044D53F8041D8C42F7D0CA
S3151007686038BF4FF0FF3000D301205DF8044B704757
S31510076870704700BF2DE9F04F0C460D69136983B0B9
S315100768809046ED1A002D7ED19B0001F114071432A4
S315100768901A443B4401E09F427DD253F8046D52F8E7
S315100768A0041D8E42F7D071D36168FFF731FD81461B
S315100768B0002800F09180266904F1140BC56004F1D5
S315100768C01001D8F8100008F1140E09F1140A0BEB91
S315100768D08602574600230EEB80008C46CDF804B08F
S315100768E05EF8045B5CF8041F70451FFA85FB8CB2D3
S315100768F0A4EB0B041C444FEA1543C3EB114303EBFC
S315100769002443A4B244EA03444FEA234347F8044B0B
S31510076910E6D8A0EB080125461539DDF804B008F1CD
S31510076920150889084C1CA400404538BF04240BEBF6
S3151007693004075444BA4284BFA446384638D950F897
S31510076940041BCD1882421FFA81FE4FEA1141734488
S31510076950ADB201EB234145EA01454FEA21434CF815
S31510076960045BECD8013AD21B22F00302144425B972
S3151007697054F8043D013E002BFAD04846C9F810607A
S3151007698003B0BDE8F08FA8BF00258DDA2346012591
S315100769904446984688E70021FFF7BAFC814670B14E
S315100769A001220023C0E90423484603B0BDE8F08F4F
S315100769B08900404538BF00210AEB0104D7E749F69D
S315100769C0D053C1F2070349F64060C1F207004A46A1
S315100769D040F2372100F0C4FB49F6D053C1F2070342
S315100769E049F64060C1F207004A4640F2452100F0D9
S315100769F0B7FB00BF2DE9F0430E46012183B059ECD2
S31510076A00108B1546FFF784FC0746002848D0C9F3B4
S31510076A101303C9F30A540CB143F480130193B8F165
S31510076A20000314D101A8FFF71BFD019A7A6100F143
S31510076A30200301223A6124B3A4F2334438461C4496
S31510076A40C3F1350334602B6003B0BDE8F0836846A5
S31510076A500093FFF705FD0346DDE9001240B1019AE1
S31510076A60C0F1200102FA01F1C240009801920143D8
S31510076A70002ABA6179610CBF012202223A61002C01
S31510076A80DAD1A3F23243336007EB82031869FFF7B3
S31510076A90C3FCC0EB421338462B6003B0BDE8F08346
S31510076AA049F6D053C1F2070349F64060C1F2070011
S31510076AB03A4640F20F3100F053FB00BF2DE9F04F75
S31510076AC0174683B0002900F0D88007F10B060C464D
S31510076AD08046FAF7A7FB162EA4F108098CBF26F0F5
S31510076AE00706102154F8042C95BF0023F30F0E4602
S31510076AF0314622F00305BE4238BF43F00103002B8F
S31510076B0040F0C1808D427EDA47F6102AC1F2070A95
S31510076B1009EB0500DAF80830834200F0B980D0F89F
S31510076B2004A02AF0010303445B68DB0700F1998090
S31510076B302AF0030A05EB0A038B425FDAD30711D44F
S31510076B4054F8083CA9EB030BDBF8043023F00302D7
S31510076B509244AA44514540F3498105EB020A51452F
S31510076B6040F3048139464046FAF796F80746002857
S31510076B7000F05B8154F8043CA0F1080223F00103EE
S31510076B804B44934200F0EC802A1F242A00F22A81F4
S31510076B90132A9CBF034622461FD923681B2A036064
S31510076BA098BF04F108026368436098BF00F10803B1
S31510076BB013D9A368242A836014BF04F1100204F1C1
S31510076BC01802E368C36011BF00F11003236903615C
S31510076BD000F1180304BF61694161116819605168B2
S31510076BE0596092689A6021464046FAF731FD404649
S31510076BF0FAF71EFB384603B0BDE8F08F1D46D0E9FD
S31510076C000223D3609A60AB1B0F2B13D8D9F8043025
S31510076C1003F001032B434D44C9F804306B6843F066
S31510076C2001036B6040462746FAF702FB384603B066
S31510076C30BDE8F08FD9F8042009EB06014D4443F05F
S31510076C40010302F0010208313243C9F8042041F862
S31510076C50043C40466B6843F001036B60FAF7F8FC97
S31510076C60E0E7D2073FF57EAF54F8083CA9EB030BD4
S31510076C70DBF8043023F003026FE7114603B0BDE8D3
S31510076C80F04FFAF709B80C23C8F800300027CDE7FC
S31510076C905B6806F1100023F0030C0CEB0503834227
S31510076CA080F2AF80D3073FF55DAF54F8082CA9EBF8
S31510076CB0020BDBF8043023F003020CEB02032B4420
S31510076CC098423FF74AAF5F46DBF80C102A1F242A73
S31510076CD057F8080FC160886000F2AB80132A98BF77
S31510076CE03A4624D921681B2ACBF8081098BF0BF10E
S31510076CF01002616898BF0834CBF80C1017D9A16831
S31510076D00242ACBF8101018BF0BF11802E16818BF28
S31510076D101034CBF8141001BF22691834CBF8182099
S31510076D200BF1200204BF54F8041CCBF81C10216881
S31510076D30116061685160A16891600BEB06029B1B9D
S31510076D40CAF8082043F0010340465360DBF80430C5
S31510076D5003F001033343CBF80430FAF769FA65E712
S31510076D6050F8043C23F003031D444CE72A1F5F46E3
S31510076D70DBF80C30242A57F8081FCB6099603BD8EC
S31510076D80132A98BF3B4623D923681B2ACBF808300A
S31510076D90636898BF0834CBF80C3098BF0BF1100313
S31510076DA016D9A368242ACBF81030E36818BF103415
S31510076DB0CBF8143011BF0BF1180323691834CBF82D
S31510076DC0183002BF0BF1200354F8042CCBF81C2003
S31510076DD022681A6062685A60A2689A603C465546ED
S31510076DE0D94610E72146FEF75FF9FCE6D0E902130C
S31510076DF0CB602A1F9960BAE721463846FEF754F941
S31510076E00ECE709EB06029B1BCAF8082043F00103BF
S31510076E1040462746536054F8043C03F001033343B6
S31510076E2044F8043CFAF704FA00E74046FAF700FA82
S31510076E302CE7214638460193FEF736F9019B7CE786
S31510076E40034649B1FF2A93BF0A708A224FF0FF30D3
S31510076E50012088BF1A6070470846704770B5054607
S31510076E6000F5827484B003B11C4681B147F64C73A2
S31510076E70C1F207032846D3F8E0602346B047431C00
S31510076E8001BF00228A2322602B6004B070BD47F62B
S31510076E904C70C1F207000A46234601A9D0F8E060F4
S31510076EA02846B047EBE700BF10B51C4682B0049BD7
S31510076EB001934FF0FF33009400F030FA02B010BD83
S31510076EC070B5002940D006460C4610B1436B002B0F
S31510076ED03DD0636EDD0733D4A38998053AD521468D
S31510076EE03046FDF7E9FBE36A054633B1E1693046FB
S31510076EF098470028B8BF4FF0FF35A3891A063BD429
S31510076F00216B41B104F14003994202D03046FAF79A
S31510076F109FFB00232363616C21B13046FAF798FB78
S31510076F2000236364FDF762FD636E0022A281DB070F
S31510076F301ED5A06DFAF774FAFDF75EFD284670BDEB
S31510076F40B4F90C30002BCAD10025284670BDFDF7C1
S31510076F5025FDBEE7A06DFAF765FAB4F90C30002BDC
S31510076F60BDD1636ED907EFD4A06DFAF75DFAEBE7DB
S31510076F70A06DFAF759FADCE721693046FAF768FB8C
S31510076F80BEE700BFB1F90C302DE9F0410C4696B0BB
S31510076F90990708D504F1430301222360C4E9043293
S31510076FA016B0BDE8F081B4F90E100646002926DBA7
S31510076FB06A4600F0ABF800281FDB019D4FF4806886
S31510076FC04FF4006705F47045A5F50055B5FA85F534
S31510076FD06D0941463046F9F75FFE08B3B4F90C3030
S31510076FE0C4F8148043F0800320602061A3813DBB61
S31510076FF03B43A38116B0BDE8F081B4F90C3013F00A
S31510077000800504BF4FF480682F46E2D04FF0400842
S315100770100025414630462F46F9F73EFE0028DDD1BA
S31510077020B4F90C309A05BBD423F0030304F14302D9
S3151007703043F002030121A3812260C4E90421AFE7CB
S31510077040B4F90E10304600F077F810B9B4F90C30D1
S31510077050CEE7A38923F0030343F001031BB2C7E767
S31510077060F8B50D461446064610B1436B002B4AD0A9
S31510077070B4F90C20A369A36010071ED52369E3B1E1
S31510077080EDB291042F4624D522686169D31A994225
S31510077090C8BF01332EDDA1680139A160511C2160DB
S315100770A0157062699A421CD0A3890A2D14BF002352
S315100770B003F00103ABB93846F8BD21463046FDF754
S315100770C01DFFA0B9B4F90C20EDB223692F46910420
S315100770D0DAD442F40052A281626E22F4005262663A
S315100770E0D2E721463046FDF785FB0028E3D04FF05F
S315100770F0FF37E0E721463046FDF77CFB0028F6D13F
S3151007710022680123C7E7FDF749FCB1E738B54AF20C
S31510077110EC24C1F207040D460346114628461D46C0
S315100771200023236000F012FC431C00D038BD2368EF
S31510077130002BFBD02B6038BD38B54AF2EC24C1F2D0
S315100771400704054608460023236000F013FC431C7A
S3151007715000D038BD2368002BFBD02B6038BD00BF8D
S3151007716047F61865C1F2070500B514460E462D6891
S315100771701A4685B00346E8684AF29C05C1F2070528
S3151007718054B14AF2AC01C1F20701CDE90154009698
S3151007719000F0D8F800F0ECF84AF2A805C1F2070596
S315100771A02C46EEE738B5A1FB02148CBBF9F774FD34
S315100771B0054688B350F8042C22F00302043A242A11
S315100771C010D8132A98BF024606D91B2A046098BFFF
S315100771D000F1080244600AD80023136053609360D5
S315100771E0284638BD2146FDF7DDFF284638BD242A37
S315100771F04FF0000314BF00F1100200F1180284606B
S31510077200C46004BF04614461136053609360E7E789
S31510077210FAF7FEF80C2303600025284638BD00BF91
S315100772202DE9F04F86461E468BB0DDE9157A002FFD
S315100772305AD0156800295CD0149B002B69D0741E90
S315100772404EB3043DDDF850B000260491CDE9015E3A
S31510077250039105920BE0039B0BBB019B1868002853
S3151007726036D0DC4557D2013C6646631C13D0019BCA
S3151007727007A90298DAF8E05053F8042F01933B4612
S31510077280D7E90098A847421C37D000EB060CDC4517
S31510077290E1D9C7E9009830460BB0BDE8F08F002852
S315100772A00EDD049B07A9019D18445A1E00F1FF3EE7
S315100772B011F8013B02F8013F7245F9D10195049087
S315100772C0059B1A6804321A60019B18680028C8D1F2
S315100772D00399059A01B110600CF1FF36002230466A
S315100772E03A600BB0BDE8F08F156800F58677002970
S315100772F0A2D14FF0FF331493A1E7DDF808E0064655
S315100773008A2100223046CEF800103A600BB0BDE84D
S31510077310F08F149EBFE76646BDE700BF10B547F668
S315100773204C74C1F2070484B0069800900798019030
S3151007733047F61860C1F2070002940068FFF770FF5E
S3151007734004B010BD0EB447F6186CC1F2070C00B5A1
S31510077350014682B0DCF8000003AB53F8042B019307
S31510077360FCF750F902B05DF804EB03B0704700BFA5
S31510077370062008B500F004F8012000F017FB00BF3F
S3151007738038B547F61863C1F207031F2888BF4FF0B1
S31510077390FF301D6884BF16232B6013D8D5F8182124
S315100773A0044682B152F820306BB1012B09D0591C13
S315100773B002BF162301202B6004D0002142F82410A7
S315100773C09847002038BD284600F01EF82246014689
S315100773D02846BDE8384000F001B800BF38B54AF274
S315100773E0EC24C1F207040D460346114628461D46EE
S315100773F00023236000F0C6FA431C00D038BD23686B
S31510077400002BFBD02B6038BD00F0AABA0000000095
S315100774104A1E08BF7047C0F02481884240F2168181
S31510077420114200F01781B0FA80F3B1FA81F2A2EB9C
S315100774300303C3F11F0304A202EB03134FF0000269
S315100774409F4600BFAFF30080B0EBC17F00BF42EB92
S31510077450020228BFA0EBC170B0EB817F00BF42EBE1
S31510077460020228BFA0EB8170B0EB417F00BF42EB51
S31510077470020228BFA0EB4170B0EB017F00BF42EBC1
S31510077480020228BFA0EB0170B0EBC16F00BF42EB41
S31510077490020228BFA0EBC160B0EB816F00BF42EBC1
S315100774A0020228BFA0EB8160B0EB416F00BF42EB31
S315100774B0020228BFA0EB4160B0EB016F00BF42EBA1
S315100774C0020228BFA0EB0160B0EBC15F00BF42EB21
S315100774D0020228BFA0EBC150B0EB815F00BF42EBA1
S315100774E0020228BFA0EB8150B0EB415F00BF42EB11
S315100774F0020228BFA0EB4150B0EB015F00BF42EB81
S31510077500020228BFA0EB0150B0EBC14F00BF42EB00
S31510077510020228BFA0EBC140B0EB814F00BF42EB80
S31510077520020228BFA0EB8140B0EB414F00BF42EBF0
S31510077530020228BFA0EB4140B0EB014F00BF42EB60
S31510077540020228BFA0EB0140B0EBC13F00BF42EBE0
S31510077550020228BFA0EBC130B0EB813F00BF42EB60
S31510077560020228BFA0EB8130B0EB413F00BF42EBD0
S31510077570020228BFA0EB4130B0EB013F00BF42EB40
S31510077580020228BFA0EB0130B0EBC12F00BF42EBC0
S31510077590020228BFA0EBC120B0EB812F00BF42EB40
S315100775A0020228BFA0EB8120B0EB412F00BF42EBB0
S315100775B0020228BFA0EB4120B0EB012F00BF42EB20
S315100775C0020228BFA0EB0120B0EBC11F00BF42EBA0
S315100775D0020228BFA0EBC110B0EB811F00BF42EB20
S315100775E0020228BFA0EB8110B0EB411F00BF42EB90
S315100775F0020228BFA0EB4110B0EB011F00BF42EB00
S31510077600020228BFA0EB0110B0EBC10F00BF42EB7F
S31510077610020228BFA0EBC100B0EB810F00BF42EBFF
S31510077620020228BFA0EB8100B0EB410F00BF42EB6F
S31510077630020228BFA0EB4100B0EB010F00BF42EBDF
S31510077640020228BFA0EB0100104670470CBF0120AD
S3151007765000207047B1FA81F2C2F11F0220FA02F038
S31510077660704708B14FF0FF30F9F714BB0029F8D06F
S315100776702DE90340FFF7CCFEBDE8064002FB00F3F9
S31510077680A1EB0301704700BF002900F03E8180EA95
S31510077690010C48BF49424A1E00F01F81030048BF2C
S315100776A043428B4240F21E81114200F02381B3FA06
S315100776B083F2B1FA81F0A0EB0202C2F11F0204A015
S315100776C000EB02124FF00000974600BFAFF30080A1
S315100776D0B3EBC17F00BF40EB000028BFA3EBC1731C
S315100776E0B3EB817F00BF40EB000028BFA3EB81738C
S315100776F0B3EB417F00BF40EB000028BFA3EB4173FC
S31510077700B3EB017F00BF40EB000028BFA3EB01736B
S31510077710B3EBC16F00BF40EB000028BFA3EBC163FB
S31510077720B3EB816F00BF40EB000028BFA3EB81636B
S31510077730B3EB416F00BF40EB000028BFA3EB4163DB
S31510077740B3EB016F00BF40EB000028BFA3EB01634B
S31510077750B3EBC15F00BF40EB000028BFA3EBC153DB
S31510077760B3EB815F00BF40EB000028BFA3EB81534B
S31510077770B3EB415F00BF40EB000028BFA3EB4153BB
S31510077780B3EB015F00BF40EB000028BFA3EB01532B
S31510077790B3EBC14F00BF40EB000028BFA3EBC143BB
S315100777A0B3EB814F00BF40EB000028BFA3EB81432B
S315100777B0B3EB414F00BF40EB000028BFA3EB41439B
S315100777C0B3EB014F00BF40EB000028BFA3EB01430B
S315100777D0B3EBC13F00BF40EB000028BFA3EBC1339B
S315100777E0B3EB813F00BF40EB000028BFA3EB81330B
S315100777F0B3EB413F00BF40EB000028BFA3EB41337B
S31510077800B3EB013F00BF40EB000028BFA3EB0133EA
S31510077810B3EBC12F00BF40EB000028BFA3EBC1237A
S31510077820B3EB812F00BF40EB000028BFA3EB8123EA
S31510077830B3EB412F00BF40EB000028BFA3EB41235A
S31510077840B3EB012F00BF40EB000028BFA3EB0123CA
S31510077850B3EBC11F00BF40EB000028BFA3EBC1135A
S31510077860B3EB811F00BF40EB000028BFA3EB8113CA
S31510077870B3EB411F00BF40EB000028BFA3EB41133A
S31510077880B3EB011F00BF40EB000028BFA3EB0113AA
S31510077890B3EBC10F00BF40EB000028BFA3EBC1033A
S315100778A0B3EB810F00BF40EB000028BFA3EB8103AA
S315100778B0B3EB410F00BF40EB000028BFA3EB41031A
S315100778C0B3EB010F00BF40EB000028BFA3EB01038A
S315100778D0BCF1000F48BF404270479CEA000F48BFF3
S315100778E04042704738BF002004BF4FEAEC7040F0A3
S315100778F001007047B1FA81F2C2F11F02BCF1000F05
S3151007790023FA02F048BF404270470028C8BF6FF0FD
S315100779100040B8BF4FF00040F9F7BCB90029F4D0C2
S315100779202DE90340FFF7B3FEBDE8064002FB00F35F
S31510077930A1EB0301704700BF4AF2EC23C1F207031C
S3151007794058224FF0FF301A60704700BF4AF2EC23F7
S31510077950C1F2070358224FF0FF301A60704700BF75
S315100779604AF2EC23C1F2070358224FF0FF301A6090
S31510077970704700BF4AF2EC23C1F2070358220020D2
S315100779801A6070474AF2EC23C1F2070358224FF0E8
S31510077990FF301A60704700BF4AF2EC23C1F20703A3
S315100779A058224FF0FF301A60704700BFFEE700BF3E
S315100779B0310F19EEFC1F01E3001040E3010000E050
S315100779C0031000E3101040E3010080E14FF07FF54C
S311100779D0310F09EE6FF07FF588A5FFEA6E
S315100779DC48656C6C6F2C74686973206973207273A5
S315100779EC3233322875617274342920746573740AAC
S315100779FC000000001035000010350000FFFFFFFFD8
S31510077A0C000002000000000000000000107A0710AA
S31510077A1C107A0710187A0710187A0710207A071099
S31510077A2C207A0710287A0710287A0710307A071049
S31510077A3C307A0710387A0710387A0710407A0710F9
S31510077A4C407A0710487A0710487A0710507A0710A9
S31510077A5C507A0710587A0710587A0710607A071059
S31510077A6C607A0710687A0710687A0710707A071009
S31510077A7C707A0710787A0710787A0710807A0710B9
S31510077A8C807A0710887A0710887A0710907A071069
S31510077A9C907A0710987A0710987A0710A07A071019
S31510077AACA07A0710A87A0710A87A0710B07A0710C9
S31510077ABCB07A0710B87A0710B87A0710C07A071079
S31510077ACCC07A0710C87A0710C87A0710D07A071029
S31510077ADCD07A0710D87A0710D87A0710E07A0710D9
S31510077AECE07A0710E87A0710E87A0710F07A071089
S31510077AFCF07A0710F87A0710F87A0710007B071038
S31510077B0C007B0710087B0710087B0710107B0710E4
S31510077B1C107B0710187B0710187B0710207B071094
S31510077B2C207B0710287B0710287B0710307B071044
S31510077B3C307B0710387B0710387B0710407B0710F4
S31510077B4C407B0710487B0710487B0710507B0710A4
S31510077B5C507B0710587B0710587B0710607B071054
S31510077B6C607B0710687B0710687B0710707B071004
S31510077B7C707B0710787B0710787B0710807B0710B4
S31510077B8C807B0710887B0710887B0710907B071064
S31510077B9C907B0710987B0710987B0710A07B071014
S31510077BACA07B0710A87B0710A87B0710B07B0710C4
S31510077BBCB07B0710B87B0710B87B0710C07B071074
S31510077BCCC07B0710C87B0710C87B0710D07B071024
S31510077BDCD07B0710D87B0710D87B0710E07B0710D4
S31510077BECE07B0710E87B0710E87B0710F07B071084
S31510077BFCF07B0710F87B0710F87B0710007C071033
S31510077C0C007C0710087C0710087C0710107C0710DF
S31510077C1C107C0710187C0710187C0710207C07108F
S31510077C2C207C0710287C0710287C0710307C07103F
S31510077C3C307C0710387C0710387C0710407C0710EF
S31510077C4C407C0710487C0710487C0710507C07109F
S31510077C5C507C0710587C0710587C0710607C07104F
S31510077C6C607C0710687C0710687C0710707C0710FF
S31510077C7C707C0710787C0710787C0710807C0710AF
S31510077C8C807C0710887C0710887C0710907C07105F
S31510077C9C907C0710987C0710987C0710A07C07100F
S31510077CACA07C0710A87C0710A87C0710B07C0710BF
S31510077CBCB07C0710B87C0710B87C0710C07C07106F
S31510077CCCC07C0710C87C0710C87C0710D07C07101F
S31510077CDCD07C0710D87C0710D87C0710E07C0710CF
S31510077CECE07C0710E87C0710E87C0710F07C07107F
S31510077CFCF07C0710F87C0710F87C0710007D07102E
S31510077D0C007D0710087D0710087D0710107D0710DA
S31510077D1C107D0710187D0710187D0710207D07108A
S31510077D2C207D0710287D0710287D0710307D07103A
S31510077D3C307D0710387D0710387D0710407D0710EA
S31510077D4C407D0710487D0710487D0710507D07109A
S31510077D5C507D0710587D0710587D0710607D07104A
S31510077D6C607D0710687D0710687D0710707D0710FA
S31510077D7C707D0710787D0710787D0710807D0710AA
S31510077D8C807D0710887D0710887D0710907D07105A
S31510077D9C907D0710987D0710987D0710A07D07100A
S31510077DACA07D0710A87D0710A87D0710B07D0710BA
S31510077DBCB07D0710B87D0710B87D0710C07D07106A
S31510077DCCC07D0710C87D0710C87D0710D07D07101A
S31510077DDCD07D0710D87D0710D87D0710E07D0710CA
S31510077DECE07D0710E87D0710E87D0710F07D07107A
S31510077DFCF07D0710F87D0710F87D0710007E071029
S31510077E0C007E0710087E0710087E0710207E0710C5
S31510077E1C0000000000000000B0A1071018A2071000
S31510077E2C80A20710000000000000000000000000F0
S31510077E3C0000000000000000000000000000000019
S31510077E4C0000000000000000000000000000000009
S31510077E5C00000000000000000000000000000000F9
S31510077E6C00000000000000000000000000000000E9
S31510077E7C00000000000000000000000000000000D9
S31510077E8C00000000000000000000000000000000C9
S31510077E9C00000000000000000000000000000000B9
S31510077EAC00000000000000000000000001000000A8
S31510077EBC000000000E33CDAB34126DE6ECDE050078
S31510077ECC0B0000000000000000000000000000007E
S31510077EDC0000000000000000000000000000000079
S31510077EEC0000000000000000000000000000000069
S31510077EFC0000000000000000000000000000000059
S31510077F0C0000000000000000000000000000000048
S31510077F1C0000000000000000000000000000000038
S31510077F2C0000000000000000000000000000000028
S31510077F3C000000000000000003000000B0A10710AD
S31510077F4C43000000000000000000000000000000C5
S31510077F5C00000000000000000000000000000000F8
S31510077F6C43000000000000000000000000000000A5
S31510077F7C00000000000000000000000000000000D8
S31510077F8C4300000000000000000000000000000085
S31510077F9C00000000000000000000000000000000B8
S31510077FAC4300000000000000000000000000000065
S31510077FBC0000000000000000000000000000000098
S31510077FCC4300000000000000000000000000000045
S31510077FDC0000000000000000000000000000000078
S31510077FEC4300000000000000000000000000000025
S31510077FFC0000000000000000000000000000000058
S3151007800C4300000000000000000000000000000004
S3151007801C0000000000000000000000000000000037
S3151007802C416E0710ED62071000000000989F0710AD
S3151007803C789D0710A8A00710A8A00710A8A00710CE
S3151007804CA8A00710A8A00710A8A00710A8A007108B
S3151007805CA8A00710A8A00710FFFFFFFFFFFFFFFF41
S3151007806CFFFFFFFFFFFF0000010041534349490083
S3151007807C00000000000000000000000000000000D7
S3151007808C000000000000000000004153434949005E
S3151007809C00000000000000000000000000000000B7
S315100780AC00000000000000000000000048656C6C22
S315100780BC6F20576F726C64002D2D2D2D2D2D2D2D98
S315100780CC2D2D2D2D2D2D2D2D2D2D2D2D2D2D2D2DB7
S315100780DC2D2D2D2D2D2D2D2D2D2D2D2D2D2D2D2DA7
S315100780EC2D2D2D2D2D2D2D2D2D2D2D2D2D2D2D2D97
S315100780FC2D2D2D2D2D2D2D2D2D2D2D2D2D2D2D2D87
S3151007810C2D2D2D2D2D2D2D00506C6561736520731E
S3151007811C656C656374207768617420796F75207741
S3151007812C616E7420746F20646F2066726F6D207485
S3151007813C686520666F6C6C6F77696E6720696E73EE
S3151007814C7472756374696F6E732E00005B315D20E4
S3151007815C55617274342073656E6420202028772934
S3151007816C000000005B325D20556172743420726515
S3151007817C6365697665202020287229005B335D209C
S3151007818C42617564207365742028732900000000FA
S3151007819C675F7472616E736665725F636F6D706C11
S315100781AC6574653D25640A00526563656976656471
S315100781BC2025642062797465733A2000253032586D
S315100781CC200000000A000000736574206261756454
S315100781DC2072617465000000436F6D6D616E6420CB
S315100781EC4572726F720A0000436F6D6D616E642073
S315100781FC4572726F7200000000000000000000004C
S3151007820C0000000000000000000E00000000000E29
S3151007821C00000000000E00000000000E0000000019
S3151007822C050200000C0080010C0081010C00820174
S3151007823C0C008301000000000000000071010710FC
S3151007824C000000005482071000010000007A071086
S3151007825C0F00FFFF000000010105000004020000DB
S3151007826C0C0084010C0085010C0086010C0087019B
S3151007827C000000000000000071010710000000004C
S3151007828C9082071000010000047A07100F00FFFFF9
S3151007829C000000010104000092000000B0820710D4
S315100782AC0482071038010000000000003801000096
S315100782BC010000000800000003000000C8C90000F8
S315100782CC00010000C8C9000001010000C8C9000060
S315100782DC04010000C8C9000005010000C8C9000048
S315100782EC06010000C8C90000070100007805000048
S315100782FC070400007805000000050000C889000077
S3151007830C01050000C889000002050000C889000095
S3151007831C03050000C889000004050000C889000081
S3151007832C05050000C889000006050000C88900006D
S3151007833C07050000C889000000060000C889000060
S3151007834C01060000C889000002060000C889000053
S3151007835C03060000C889000004060000C88900003F
S3151007836C05060000C8010000060600000400000000
S3151007837C07060000C801000000070000C80100002E
S3151007838C05070000188800000108000018400000B7
S3151007839C02080000184000000308000018880000A7
S315100783AC04080000988A000005080000988A000047
S315100783BC060800000800000007080000040000006B
S315100783CC000B0000988E0000000C0000988A000025
S315100783DC010C0000988A0000020C0000988A000015
S315100783EC030C0000988A0000040C0000988A000001
S315100783FC050C0000988A0000060C0000988A0000ED
S3151007840C070C0000988A0100000D0000988A0100DD
S3151007841C010D0000988A0100020D00004889010021
S3151007842C040D000048890100050D0000488901005C
S3151007843C000E000048890100020E00004889010051
S3151007844C030E00004889010003100000488901003B
S3151007845C04100000988A010005100000988A010084
S3151007846C06100000988A010007100000988A010070
S3151007847C00110000988A010001110000988A01006A
S3151007848C02110000988A0100041100000400010073
S3151007849C001200000400010001120000F88C010004
S315100784AC00140000F884010001140000F884010080
S315100784BC02140000F884010003140000F88401006C
S315100784CC04140000F884010005140000F8000100DC
S315100784DC06140000F800010007140000F80001004C
S315100784EC00150000F800010001150000F800010046
S315100784FC02150000F8040100031500000805010019
S3151007850C0415000008050100051500002884010054
S3151007851C07150000F884010001160000F800010089
S3151007852C02160000F800010003160000F8000100FF
S3151007853C04160000040001000716000004000100D1
S3151007854C0017000004000100011700007805010050
S3151007855C031700007805010004170000040001003A
S3151007856C051700009805010003180000980501006F
S3151007857C04180000F88C010005180000F884010097
S3151007858C06180000F884010007180000F88401008B
S3151007859C00190000F884010001190000F884010085
S315100785AC02190000F800010003190000F800010079
S315100785BC04190000F800010005190000F800010065
S315100785CC06190000F800010007190000F80401004D
S315100785DC001A000008050100011A00000805010021
S315100785EC021A000028840100041A0000F8840100FE
S315100785FC061A0000F8000100071A0000F80001001F
S3151007860C001B0000F8000100011B0000488901003F
S3151007861C041B000048890100051B0000F88C01009B
S3151007862C011D0000F88C0100021D0000F88C0100DA
S3151007863C031D0000F88C0100041D0000F88C0100C6
S3151007864C051D0000F88C0100061D0000F80001003E
S3151007865C071D0000F8000100001E0000F8000100BD
S3151007866C011E0000F8000100021E0000F8000100B0
S3151007867C031E0000F8000100041E000028840100E8
S3151007868C001F00000400010002200000A889010049
S3151007869C03200000A889010004200000A889010006
S315100786AC05200000A889010006200000F88C01009F
S315100786BC02210000F88C010003210000F88C010040
S315100786CC04210000F88C010005210000F88C01002C
S315100786DC06210000F88C010007210000F8000100A4
S315100786EC00220000F800010001220000F80001002A
S315100786FC02220000F800010003220000F800010016
S3151007870C04220000F800010005220000288401004D
S3151007871C06220000020001000323000002000100DC
S3151007872C04230000020001000523000002000100CB
S3151007873C06230000000000000000000000000000E7
S3151007874C0000000000000000000000000000000000
S3151007875C00000000000000000000000000000000F0
S3151007876C00000000000000000000000000000000E0
S3151007877C00000000000000000000000000000000D0
S3151007878C00000000000000000000000000000000C0
S3151007879C00000000000000000000000000000000B0
S315100787AC00000000000000000000000000000000A0
S315100787BC0000000000000000000000000000000090
S315100787CC0000000000000000000000000000000080
S315100787DC0000000000000000000000000000000070
S315100787EC0000000000000000000000000000000060
S315100787FC0000000000000000000000000000000050
S3151007880C000000000000000000000000000000003F
S3151007881C000000000000000000000000000000002F
S3151007882C000000000000000000000000000000001F
S3151007883C000000000000000000000000000000000F
S3151007884C00000000000000000000000000000000FF
S3151007885C00000000000000000000000000000000EF
S3151007886C00000000000000000000000000000000DF
S3151007887C00000000000000000000000000000000CF
S3151007888C00000000000000000000000000000000BF
S3151007889C00000000000000000000000000000000AF
S315100788AC000000000000000000000000000000009F
S315100788BC000000000000000000000000000000008F
S315100788CC000000000000000000000000000000007F
S315100788DC000000000000000000000000000000006F
S315100788EC000000000000000000000000000000005F
S315100788FC000000000000000000000000000000004F
S3151007890C000000000000000000000000000000003E
S3151007891C000000000000000000000000000000002E
S3151007892C000000000000000000000000000000001E
S3151007893C000000000000000000000000000000000E
S3151007894C00000000000000000000000000000000FE
S3151007895C00000000000000000000000000000000EE
S3151007896C00000000000000000000000000000000DE
S3151007897C00000000000000000000000000000000CE
S3151007898C00000000000000000000000000000000BE
S3151007899C00000000000000000000000000000000AE
S315100789AC000000000000000000000000000000009E
S315100789BC000000000000000000000000000000008E
S315100789CC000000000000000000000000000000007E
S315100789DC000000000000000000000000000000006E
S315100789EC000000000000000000000000000000005E
S315100789FC000000000000000000000000000000004E
S31510078A0C000000000000000000000000000000003D
S31510078A1C000000000000000000000000000000002D
S31510078A2C000000000000000000000000000000001D
S31510078A3C0000000063026402650262025F026002B4
S31510078A4C61025E020000000000000000000000003A
S31510078A5C00000000000000000000000000000000ED
S31510078A6C00000000000000000000000000000000DD
S31510078A7C00000000000000000000000000000000CD
S31510078A8C00000000000000000000000000000000BD
S31510078A9C00000000000000000000000000000000AD
S31510078AAC000000000000000000000000000000009D
S31510078ABC000000000000000000000000000000008D
S31510078ACC000000000000000000000000000000007D
S31510078ADC000000000000000000000000000000006D
S31510078AEC000000000000000000000000000000005D
S31510078AFC000000000000000000000000000000004D
S31510078B0C000000000000000000000000000000003C
S31510078B1C000000000000000000000000000000002C
S31510078B2C000000000000000000000000000000001C
S31510078B3C000000000000000000000000000000000C
S31510078B4C00000000000000000000000000000000FC
S31510078B5C00000000000000000000000000000000EC
S31510078B6C00000000000000000000000000000000DC
S31510078B7C00000000000000000000000000000000CC
S31510078B8C00000000000000000000000000000000BC
S31510078B9C00000000000000000000000000000000AC
S31510078BAC000000000000000000000000000000009C
S31510078BBC000000000000000000000000000000008C
S31510078BCC000000000000000000000000000000007C
S31510078BDC000000000000000000000000000000006C
S31510078BEC000000000000000000000000000000005C
S31510078BFC000000000000000000000000000000004C
S31510078C0C000000000000000000000000000000003B
S31510078C1C000000000000000000000000000000002B
S31510078C2C000000000000000000000000000000001B
S31510078C3C000000000000000000000000000000000B
S31510078C4C00000000000000000000000000000000FB
S31510078C5C00000000000000000000000000000000EB
S31510078C6C00000000000000000000000000000000DB
S31510078C7C00000000000000000000000000000000CB
S31510078C8C00000000000000000000000000000000BB
S31510078C9C00000000000000000000000000000000AB
S31510078CAC000000000000000000000000000000009B
S31510078CBC000000000000000000000000000000008B
S31510078CCC000000000000000000000000000000007B
S31510078CDC000000000000000000000000000000006B
S31510078CEC000000000000000000000000000000005B
S31510078CFC000000000000000000000000000000004B
S31510078D0C000000000000000000000000000000003A
S31510078D1C000000000000000000000000000000002A
S31510078D2C000000000000000000000000000000001A
S31510078D3C000000000000000000000000000000000A
S31510078D4C00000000000000000000000000000000FA
S31510078D5C00000000000000000000000000000000EA
S31510078D6C00000000000000000000000000000000DA
S31510078D7C00000000000000000000000000000000CA
S31510078D8C00000000000000000000000000000000BA
S31510078D9C00000000000000000000000000000000AA
S31510078DAC000000000000000000000000000000009A
S31510078DBC000000000000000000000000000000008A
S31510078DCC000000000000000000000000000000007A
S31510078DDC000000000000000000000000000000006A
S31510078DEC000000000000000000000000000000005A
S31510078DFC000000000000000000000000000000004A
S31510078E0C0000000000000000000000000000000039
S31510078E1C0000000000000000000000000000000029
S31510078E2C0000000000000000000000000000000019
S31510078E3C0000000000000000000000000000000009
S31510078E4C00000000000000000000000000000000F9
S31510078E5C00000000000000000000000000000000E9
S31510078E6C00000000000000000000000000000000D9
S31510078E7C00000000000000000000000000000000C9
S31510078E8C00000000000000000000000000000000B9
S31510078E9C00000000000000000000000000000000A9
S31510078EAC0000000000000000000000000000000099
S31510078EBC0000000000000000000000000000000089
S31510078ECC0000000000000000000000000000000079
S31510078EDC0000000000000000000000000000000069
S31510078EEC0000000000000000000000000000000059
S31510078EFC0000000000000000000000000000000049
S31510078F0C0000000000000000000000000000000038
S31510078F1C0000000000000000000000000000000028
S31510078F2C0000000000000000000000000000000018
S31510078F3C0000000000000000000000000000000008
S31510078F4C00000000000000000000000000000000F8
S31510078F5C00000000000000000000000000000000E8
S31510078F6C00000000000000000000000000000000D8
S31510078F7C00000000000000000000000000000000C8
S31510078F8C00000000000000000000000000000000B8
S31510078F9C00000000000000000000000000000000A8
S31510078FAC0000000000000000000000000000000098
S31510078FBC0000000000000000000000000000000088
S31510078FCC0000000000000000000000000000000078
S31510078FDC0000000000000000000000000000000068
S31510078FEC0000000000000000000000000000000058
S31510078FFC0000000000000000000000000000000048
S3151007900C0000000000000000000000000000000037
S3151007901C0000000000000000000000000000000027
S3151007902C0000000000000000000000000000000017
S3151007903C0000000000000000000000000000000007
S3151007904C00000000000000000000000000000000F7
S3151007905C00000000000000000000000000000000E7
S3151007906C00000000000000000000000000000000D7
S3151007907C00000000000000000000000000000000C7
S3151007908C00000000000000000000000000000000B7
S3151007909C00000000000000000000000000000000A7
S315100790AC0000000000000000000000000000000097
S315100790BC0000000000000000000000000000000087
S315100790CC0000000000000000000000000000000077
S315100790DC0000000000000000000000000000000067
S315100790EC0000000000000000000000000000000057
S315100790FC0000000000000000000000000000000047
S3151007910C0000000000000000000000000000000036
S3151007911C0000000000000000000000000000000026
S3151007912C0000000000000000000000000000000016
S3151007913C0000000000000000000000000000000006
S3151007914C00000000000000000000000000000000F6
S3151007915C00000000000000000000000000000000E6
S3151007916C00000000000000000000000000000000D6
S3151007917C00000000410B0710130B07106F0B07109D
S3151007918CB90B0710410B0710130B07106F0B0710B2
S3151007919CB90B0710000000000000000000000000CB
S315100791AC0000000000000000000000000000000096
S315100791BC0000000000000000000000000000000086
S315100791CC0000000000000000000000000000000076
S315100791DC0000000000000000000000000000000066
S315100791EC0000000000000000000000000000000056
S315100791FC0000000000000000000000000000000046
S3151007920C0000000000000000000000000000000035
S3151007921C0000000000000000000000000000000025
S3151007922C0000000000000000000000000000000015
S3151007923C0000000000000000000000000000000005
S3151007924C00000000000000000000000000000000F5
S3151007925C00000000000000000000000000000000E5
S3151007926C00000000000000000000000000000000D5
S3151007927C00000000000000000000000000000000C5
S3151007928C00000000000000000000000000000000B5
S3151007929C00000000000000000000000000000000A5
S315100792AC0000000000000000000000000000000095
S315100792BC0000000000000000000000000000000085
S315100792CC0000000000000000000000000000000075
S315100792DC0000000000000000000000000000000065
S315100792EC0000000000000000000000000000000055
S315100792FC0000000000000000000000000000000045
S3151007930C0000000000000000000000000000000034
S3151007931C0000000000000000000000000000000024
S3151007932C0000000000000000000000000000000014
S3151007933C0000000000000000000000000000000004
S3151007934C00000000000000000000000000000000F4
S3151007935C00000000000000000000000000000000E4
S3151007936C00000000000000000000000000000000D4
S3151007937C00000000000000000000000000000000C4
S3151007938C00000000000000000000000000000000B4
S3151007939C00000000000000000000000000000000A4
S315100793AC0000000000000000000000000000000094
S315100793BC0000000000000000000000000000000084
S315100793CC0000000000000000000000000000000074
S315100793DC0000000000000000000000000000000064
S315100793EC0000000000000000000000000000000054
S315100793FC00000000AAAAAAAAAAAAAAAAAAAAAAAA4C
S3151007940CAAAAAAAAAAAAAAAA00000000A8AAAAAA3D
S3151007941CAAAAAAAAAAAAAAAAAAAAAAAAAAAAAAAA83
S3151007942CAAAAAAAAAAAAAAAAAAAAAAAAAAAAAAAA73
S3151007943CAAAAAAAAAAAAAAAAAAAAAAAAAAAAAAAA63
S3151007944CAAAAAAAAAAAAAAAAAAAAAAAAAAAAAAAA53
S3151007945CAAAA02000000000000A0AAAA2AAAAAAA71
S3151007946CAAAAAAAAAAAAAA2A00000080AAAAAAAADB
S3151007947C0AA8AAAAAA02AAAAAAAA80AAAAAA2A00C1
S3151007948C000080AAAAA2828A828282828282828221
S3151007949C0200A0A0820A2A08A0AAAAAAAAAAAAAA5D
S315100794ACAAAAAA820A2A08000000000000000000D7
S315100794BC0000000000000000000000000000000083
S315100794CC000000000000AAAAAAAAAAAAAAAAAAAACF
S315100794DCAAAAAAAAAAAAAAAAAAAAAAAAAAAAAAAAC3
S315100794ECAAAAAAAAAAAA2A0000000000000C000021
S315100794FC00000000000C000000000000000C00002B
S3151007950C00000000000C000000000000000C00001A
S3151007951C00000000000C000000000000000C00000A
S3151007952C00000000000C000000000000000C0000FA
S3151007953C00000000000C000000000000000C0000EA
S3151007954C00000000000C000000000000000C0000DA
S3151007955C00000000000C000000000000000C0000CA
S3151007956C00000000000C00000000000000000000C6
S3151007957C00000000000000000000000000000000C2
S3151007958C00000000000000000000000000000000B2
S3151007959C00000000000000000000000000000000A2
S315100795AC0000000000000000000000000000000092
S315100795BC0000000000000000000000000000000082
S315100795CC0000000000000000000000000000000072
S315100795DC0000000000000000000000000000000062
S315100795EC000000000000000000000000000C000046
S315100795FC00000000000C000000000000000C00002A
S3151007960C00000000000C000000000000000C000019
S3151007961C00000000000C000000000000000C000009
S3151007962C00000000000C000000000000000C0000F9
S3151007963C00000000000C000000000000000C0000E9
S3151007964C00000000000C000000000000000C0000D9
S3151007965C00000000000C000000000000000C0000C9
S3151007966C00000000000C000000000000000C0000B9
S3151007967C00000000000C000000000000000C0000A9
S3151007968C00000000000C000000000000000C000099
S3151007969C00000000000C000000000000000C000089
S315100796AC00000000000C000000000000000C000079
S315100796BC00000000000C000000000000000C000069
S315100796CC00000000000C000000000000000C000059
S315100796DC00000000000C000000000000000C000049
S315100796EC00000000000C000000000000000C000039
S315100796FC00000000000C000000000000000C000029
S3151007970C00000000000C000000000000000C000018
S3151007971C00000000000C000000000000000C000008
S3151007972C00000000000C000000000000000C0000F8
S3151007973C00000000000C000000000000000C0000E8
S3151007974C00000000000C000000000000000C0000D8
S3151007975C00000000000C000000000000000C0000C8
S3151007976C00000000000C000000000000000C0000B8
S3151007977C00000000000C000000000000000C0000A8
S3151007978C00000000000C000000000000000C000098
S3151007979C00000000000C000000000000000C000088
S315100797AC00000000000C000000000000000C000078
S315100797BC00000000000C000000000000000C000068
S315100797CC00000000000C000000000000000C000058
S315100797DC00000000000C000000000000000C000048
S315100797EC00000000000C000000000000000C000038
S315100797FC00000000000C000000000000000C000028
S3151007980C00000000000C000000000000000C000017
S3151007981C00000000000C000000000000000C000007
S3151007982C00000000000C000000000000000C0000F7
S3151007983C00000000000C000000000000000C0000E7
S3151007984C00000000000C000000000000000C0000D7
S3151007985C00000000000C000000000000000C0000C7
S3151007986C00000000000C000000000000000C0000B7
S3151007987C00000000000C000000000000000C0000A7
S3151007988C00000000000C000000000000000C000097
S3151007989C00000000000C000000000000000C000087
S315100798AC00000000000C000000000000000C000077
S315100798BC00000000000C000000000000000C000067
S315100798CC00000000000C000000000000000C000057
S315100798DC00000000000C000000000000000C000047
S315100798EC00000000000C000000000000000C000037
S315100798FC00000000000C000000000000000C000027
S3151007990C00000000000C000000000000000C000016
S3151007991C00000000000C000000000000000C000006
S3151007992C00000000000C000000000000000C0000F6
S3151007993C00000000000C000000000000000C0000E6
S3151007994C00000000000C000000000000000C0000D6
S3151007995C00000000000C000000000000000C0000C6
S3151007996C00000000000C000000000000000C0000B6
S3151007997C00000000000C000000000000000C0000A6
S3151007998C00000000000C000000000000000C000096
S3151007999C00000000000C000000000000000C000086
S315100799AC00000000000C000000000000000C000076
S315100799BC00000000000C000000000000000C000066
S315100799CC00000000000C000000000000000C000056
S315100799DC00000000000C000000000000000C000046
S315100799EC00000000000C000000000000000C000036
S315100799FC00000000000C000000000000000C000026
S31510079A0C00000000000C000000000000000C000015
S31510079A1C00000000000C000000000000000C000005
S31510079A2C00000000000C000000000000000C0000F5
S31510079A3C00000000000C000000000000000C0000E5
S31510079A4C00000000000C000000000000000C0000D5
S31510079A5C00000000000C000000000000000C0000C5
S31510079A6C00000000000C000000000000000C0000B5
S31510079A7C00000000000C000000000000000C0000A5
S31510079A8C00000000000C000000000000000C000095
S31510079A9C00000000000C000000000000000C000085
S31510079AAC00000000000C000000000000000C000075
S31510079ABC00000000000C000000000000000C000065
S31510079ACC00000000000C000000000000000C000055
S31510079ADC00000000000C000000000000000C000045
S31510079AEC00000000000C0000000000000000000041
S31510079AFC000000000000000000000000000000003D
S31510079B0C000000000000000000000000000000002C
S31510079B1C000000000000000000000000000000001C
S31510079B2C000000000000000000000000000000000C
S31510079B3C00000000000000000000000000000000FC
S31510079B4C00000000000000000000000000000000EC
S31510079B5C00000000000000000000000000000000DC
S31510079B6C00000000000000000000000000000000CC
S31510079B7C00000000000000000000000000000000BC
S31510079B8C00000000000000000000000000000000AC
S31510079B9C000000000000000000000000000000009C
S31510079BAC000000000000000000000000000000008C
S31510079BBC000000000000000000000000000000007C
S31510079BCC000000000000000000000000000000006C
S31510079BDC000000000000000000000000000000005C
S31510079BEC000000000000000000000000000C000040
S31510079BFC00000000000C000000000000000C000024
S31510079C0C00000000000C000000000000000C000013
S31510079C1C00000000000C000000000000000C000003
S31510079C2C00000000000C000000000000000C0000F3
S31510079C3C00000000000C000000000000000C0000E3
S31510079C4C00000000000C000000000000000C0000D3
S31510079C5C00000000000C000000000000000C0000C3
S31510079C6C00000000000C000000000000000C0000B3
S31510079C7C00000000000C000000000000000C0000A3
S31510079C8C00000000000C000000000000000C000093
S31510079C9C00000000000C000000000000000C000083
S31510079CAC00000000000C000000000000000C000073
S31510079CBC00000000000C000000000000000C000063
S31510079CCC00000000000C000000000000000C000053
S31510079CDC00000000000C000000000000000C000043
S31510079CEC00000000000C0000494E4600696E660025
S31510079CFC4E414E006E616E00303132333435363785
S31510079D0C383961626364656600000000303132339E
S31510079D1C343536373839414243444546000000003E
S31510079D2C286E756C6C29000030000000303030300E
S31510079D3C303030303030303030303030202020203A
S31510079D4C20202020202020202020202030303030AA
S31510079D5C303030303030303030303030202020201A
S31510079D6C2020202020202020202020202E0000001C
S31510079D7C4C435F434F4C4C41544500004C435F4397
S31510079D8C54595045000000004C435F4D4F4E4554F7
S31510079D9C415259004C435F4E554D455249430000AD
S31510079DAC4C435F54494D45004C435F4D4553534106
S31510079DBC47455300496E66696E6974790000000051
S31510079DCC4E614E0042616C6C6F63207375636365ED
S31510079DDC65646564000000002F646174612F6A6501
S31510079DEC6E6B696E732F776F726B73706163652FFA
S31510079DFC474E552D746F6F6C636861696E2F617260
S31510079E0C6D2D31322F7372632F6E65776C69622DD8
S31510079E1C63796777696E2F6E65776C69622F6C69D4
S31510079E2C62632F7374646C69622F64746F612E632B
S31510079E3C000000002F646174612F6A656E6B696E82
S31510079E4C732F776F726B73706163652F474E552D32
S31510079E5C746F6F6C636861696E2F61726D2D313219
S31510079E6C2F7372632F6E65776C69622D63796777BB
S31510079E7C696E2F6E65776C69622F6C6962632F73C7
S31510079E8C74646C69622F6D707265632E63000000C3
S31510079E9C05000000190000007D0000000080E03767
S31510079EAC79C34143176E05B5B5B89346F5F93FE92E
S31510079EBC034F384D321D30F94877825A3CBF737FA2
S31510079ECCDD4F1575000000000000F03F0000000084
S31510079EDC000024400000000000005940000000005C
S31510079EEC00408F40000000000088C34000000000AF
S31510079EFC006AF8400000000080842E410000000024
S31510079F0CD01263410000000084D79741000000006F
S31510079F1C65CDCD41000000205FA00242000000E88D
S31510079F2C76483742000000A2941A6D42000040E5AD
S31510079F3C9C30A2420000901EC4BCD64200003426A8
S31510079F4CF56B0C430080E03779C3414300A0D885E5
S31510079F5C5734764300C84E676DC1AB43003D9160CD
S31510079F6CE458E143408CB5781DAF154450EFE2D653
S31510079F7CE41A4B4492D54D06CFF08044F64AE1C706
S31510079F8C022DB544B49DD9794378EA440020202094
S31510079F9C2020202020202828282828202020202070
S31510079FAC2020202020202020202020202088101040
S31510079FBC101010101010101010101010100404049C
S31510079FCC040404040404041010101010101041415A
S31510079FDC4141414101010101010101010101010148
S31510079FEC010101010101010110101010101042425C
S31510079FFC4242424202020202020202020202020218
S3151007A00C02020202020202021010101020000000B7
S3151007A01C0000000000000000000000000000000017
S3151007A02C0000000000000000000000000000000007
S3151007A03C00000000000000000000000000000000F7
S3151007A04C00000000000000000000000000000000E7
S3151007A05C00000000000000000000000000000000D7
S3151007A06C00000000000000000000000000000000C7
S3151007A07C00000000000000000000000000000000B7
S3151007A08C00000000000000000000000000000000A7
S3151007A09C2C2066756E6374696F6E3A20000000008B
S3151007A0AC617373657274696F6E202225732220662D
S3151007A0BC61696C65643A2066696C65202225732282
S3151007A0CC2C206C696E65202564257325730A000090
S3091007A0DC0000000063
S70510061000D4
