T3D64 000:001.287   SEGGER J-Link V7.98c Log File
T3D64 000:001.530   DLL Compiled: Aug  7 2024 15:37:06
T3D64 000:001.585   Logging started @ 2026-03-10 01:11
T3D64 000:001.638   Process: C:\Users\10539\.eclipse\com.renesas.platform_1067136044\DebugComp\RZ\e2-server-gdb.exe
T3D64 000:001.695 - 1.691ms
T3D64 000:001.760 JLINK_GetDLLVersion()
T3D64 000:001.793 - 0.032ms returns 79803
T3D64 000:002.575 JLINK_OpenEx(...)
T3D64 000:011.190   Firmware: J-Link V13 compiled Nov 10 2025 13:43:01
T3D64 000:011.629   Firmware: J-Link V13 compiled Nov 10 2025 13:43:01
T3D64 000:012.659   Hardware: V13.00
T3D64 000:012.756   S/N: 53000639
T3D64 000:012.809   OEM: SEGGER
T3D64 000:012.855   Feature(s): GDB
T3D64 000:015.179   Bootloader: (FW returned invalid version)
T3D64 000:015.463   USB speed mode: High speed (480 MBit/s)
T3D64 000:015.679   TELNET listener socket opened on port 19021
T3D64 000:016.193   WEBSRV WEBSRV_Init(): Starting webserver thread(s)
T3D64 000:017.366   WEBSRV Webserver running on local port 19080
T3D64 000:017.720   Looking for J-Link GUI Server exe at: C:\Users\10539\.eclipse\com.renesas.platform_1067136044\DebugComp\RZ\ARM\Segger_v7.98.3\JLinkGUIServer.exe
T3D64 000:018.069   Looking for J-Link GUI Server exe at: D:\Jlink-v8\JLink_V844a\JLinkGUIServer.exe
T3D64 000:018.242   Forking J-Link GUI Server: D:\Jlink-v8\JLink_V844a\JLinkGUIServer.exe
T3D64 000:304.763   J-Link GUI Server info: "J-Link GUI server V8.44a "
T3D64 000:451.388 - 448.804ms returns "O.K."
T3D64 000:451.631 JLINK_ExecCommand("ProjectFile=D:\renesas_workspace\RZT2H_EVB_CR52_0_FOC_MOTOR/RZT2H_EVB_CR52_0_FOC_MOTOR Debug_Flat.jlink", ...). 
T3D64 000:477.915 - 26.285ms returns 0x00
T3D64 000:478.948 JLINK_ExecCommand("device=R9A09G077M44_R52_0", ...). 
T3D64 000:480.175   Flash bank @ 0x40000000: SFL: Parsing sectorization info from ELF file
T3D64 000:480.233     FlashDevice.SectorInfo[0]: .SectorSize = 0x00010000, .SectorStartAddr = 0x00000000
T3D64 000:487.285   Flash bank @ 0x50000000: SFL: Parsing sectorization info from ELF file
T3D64 000:487.368     FlashDevice.SectorInfo[0]: .SectorSize = 0x00010000, .SectorStartAddr = 0x00000000
T3D64 000:493.413   Device "R9A09G077M44_R52_0" selected.
T3D64 000:494.402 - 15.400ms returns 0x00
T3D64 000:494.486 JLINK_ExecCommand("SetCPUConnectIDCODE = FFFFFFFFFFFFFFFFFFFFFFFFFFFFFFFF", ...). 
T3D64 000:494.538 - 0.004ms returns 0x00
T3D64 000:494.586 JLINK_TIF_GetAvailable(...)
T3D64 000:494.804 - 0.217ms
T3D64 000:494.905 JLINK_TIF_Select(JLINKARM_TIF_SWD)
T3D64 000:495.399 - 0.494ms returns 0x00
T3D64 000:495.470 JLINK_SetSpeed(4000)
T3D64 000:495.570 - 0.100ms
T3D64 000:495.656 JLINK_SetEndian(ARM_ENDIAN_LITTLE)
T3D64 000:495.709 - 0.053ms returns 0
T3D64 000:495.763 JLINK_SetInitRegsOnReset(OFF)
T3D64 000:495.821 - 0.057ms returns 1
T3D64 000:495.885 JLINK_SetResetType(JLINKARM_RESET_TYPE_NORMAL)
T3D64 000:495.938 - 0.052ms returns JLINKARM_RESET_TYPE_NORMAL
T3D64 000:495.994 JLINK_ExecCommand("EnableFlashBPs", ...). 
T3D64 000:496.049 - 0.000ms returns 0x00
T3D64 000:496.106 JLINK_ExecCommand("SetAllowFlashCache = 1", ...). 
T3D64 000:496.162 - 0.001ms returns 0x01
T3D64 000:496.217 JLINK_ExecCommand("SetRestartOnClose = 0", ...). 
T3D64 000:496.255 - 0.001ms returns 0x01
T3D64 000:496.288 JLINK_EnableSoftBPs(ON)
T3D64 000:496.318 - 0.031ms
T3D64 000:496.350 JLINK_Connect()
T3D64 000:496.945   ConfigTargetSettings() start
T3D64 000:497.010    J-Link Script File: Executing ConfigTargetSettings()
T3D64 000:497.061   ConfigTargetSettings() end - Took 51us
T3D64 000:497.109   InitTarget() start
T3D64 000:497.154    J-Link Script File: Executing InitTarget()
T3D64 000:498.505   Authenticated device detected. Skipping authentication process.
T3D64 000:498.569     OCDREG_STATUS: 0x00000001
T3D64 000:498.615   InitTarget() end - Took 1.45ms
T3D64 000:498.965   Found SW-DP with ID 0x6BA02477
T3D64 000:499.956   DPIDR: 0x6BA02477
T3D64 000:500.047   CoreSight SoC-400 or earlier
T3D64 000:500.126   AP map detection skipped. Manually configured AP map found.
T3D64 000:500.306   AP[0]: APB-AP (IDR: Not set)
T3D64 000:500.385   AP[1]: APB-AP (IDR: Not set)
T3D64 000:500.463   AP[2]: AXI-AP (IDR: Not set)
T3D64 000:500.542   Using preconfigured AP[1] as APB-AP
T3D64 000:500.619   AP[1]: APB-AP found
T3D64 000:500.697   DebugRegs + CTI manually specified. ROM table scan skipped.
T3D64 000:501.225   Cortex-R52 @ 0x80410000 (configured)
T3D64 000:501.333   CoreCTI @ 0x80420000 (configured)
T3D64 000:501.921   Debug architecture: ARMv8.0
T3D64 000:502.013   8 code breakpoints, 8 data breakpoints
T3D64 000:502.455   Processor features:
T3D64 000:502.518     EL0 support: AArch32
T3D64 000:502.562     EL1 support: AArch32
T3D64 000:502.607     EL2 support: AArch32
T3D64 000:502.651     EL3 support: N/A
T3D64 000:502.695     FPU support: Single + Double + Conversion
T3D64 000:502.963   -- Max. mem block: 0x00005AE0
T3D64 000:503.436   Add. info (CPU temp. halted)
T3D64 000:510.714   Current exception level: EL1
T3D64 000:510.832   Exception level AArch usage:
T3D64 000:510.911     EL0: AArch32
T3D64 000:510.990     EL1: AArch32
T3D64 000:511.069     EL2: AArch32
T3D64 000:511.146     EL3: AArch32
T3D64 000:511.225   Non-secure status: Non-secure
T3D64 000:511.582   Cache info:
T3D64 000:511.662     Inner cache boundary: none
T3D64 000:511.726     LoU Uniprocessor: 1
T3D64 000:511.785     LoC: 1
T3D64 000:511.846     LoU Inner Shareable: 1
T3D64 000:512.684   I-Cache L1: 16 KB, 64 Sets, 64 Bytes/Line, 4-Way
T3D64 000:512.781   D-Cache L1: 16 KB, 64 Sets, 64 Bytes/Line, 4-Way
T3D64 000:514.334 - 17.983ms returns 0x00
T3D64 000:514.462 JLINK_Halt()
T3D64 000:521.494 - 7.030ms returns 0x00
T3D64 000:521.582 JLINK_IsHalted()
T3D64 000:521.623 - 0.041ms returns TRUE
T3D64 000:521.667 JLINK_ResetPullsRESET(ON)
T3D64 000:521.706 - 0.040ms
T3D64 000:521.749 JLINK_Reset()
T3D64 000:521.796   ResetTarget() start
T3D64 000:521.856    J-Link Script File: Executing ResetTarget()
T3D64 000:521.898   Reset: Halt core immediately after reset using reset catch.
T3D64 000:725.223   Authenticated device detected. Skipping authentication process.
T3D64 000:725.366     OCDREG_STATUS: 0x00000001
T3D64 000:726.026   Disabled core power domain detected.
T3D64 000:727.029   Enabling debug mode...
T3D64 000:727.805   ResetTarget() end - Took 205ms
T3D64 000:735.392 - 213.641ms
T3D64 000:735.545 JLINK_IsHalted()
T3D64 000:735.597 - 0.052ms returns TRUE
T3D64 000:736.566 JLINK_MeasureCPUSpeed(RAMAddr = 0xFFFFFFFF)
T3D64 000:736.677 - 0.111ms returns 0
T3D64 000:736.904 JLINK_ReadReg(AARCH32_CPSR)
T3D64 000:736.972 - 0.068ms returns 0x800001DA
TE8C4 003:551.736 JLINK_BeginDownload(Flags = 0x00000000)
TE8C4 003:551.815 - 0.079ms
TE8C4 003:572.540 JLINK_WriteMem(0x10060000, 0x80 Bytes, ...)
TE8C4 003:572.609   Data:  18 F0 9F E5 18 F0 9F E5 18 F0 9F E5 18 F0 9F E5 ...
TE8C4 003:572.924   CPU_WriteMem(128 bytes @ 0x10060000)
TE8C4 003:574.240 - 1.700ms returns 0x80
TE8C4 003:577.163 JLINK_WriteMem(0x10061000, 0xBB0 Bytes, ...)
TE8C4 003:577.242   Data:  83 07 0B E3 00 00 40 E3 30 0F 81 EE 11 1F 91 EE ...
TE8C4 003:577.337   CPU_WriteMem(2992 bytes @ 0x10061000)
TE8C4 003:588.877 - 11.713ms returns 0xBB0
TE8C4 003:591.454 JLINK_WriteMem(0x10061BB0, 0x9F0 Bytes, ...)
TE8C4 003:591.515   Data:  C2 F2 92 42 A2 FB 03 23 C3 EB C3 03 A0 EB C3 00 ...
TE8C4 003:591.581   CPU_WriteMem(2544 bytes @ 0x10061BB0)
TE8C4 003:601.546 - 10.091ms returns 0x9F0
TE8C4 003:603.704 JLINK_WriteMem(0x100625A0, 0xBE0 Bytes, ...)
TE8C4 003:603.818   Data:  12 00 00 00 C7 FF 07 00 12 00 10 00 C7 FF 10 00 ...
TE8C4 003:603.924   CPU_WriteMem(3040 bytes @ 0x100625A0)
TE8C4 003:615.614 - 11.910ms returns 0xBE0
TE8C4 003:617.127 JLINK_WriteMem(0x10063180, 0x28 Bytes, ...)
TE8C4 003:617.255   Data:  00 00 00 00 00 00 00 00 00 00 00 00 00 00 00 00 ...
TE8C4 003:617.362   CPU_WriteMem(40 bytes @ 0x10063180)
TE8C4 003:618.341 - 1.215ms returns 0x28
TE8C4 003:620.030 JLINK_WriteMem(0x10070000, 0xBC0 Bytes, ...)
TE8C4 003:620.127   Data:  01 46 41 F2 B0 13 C1 F2 08 03 00 20 53 F8 04 2B ...
TE8C4 003:620.266   CPU_WriteMem(3008 bytes @ 0x10070000)
TE8C4 003:631.807 - 11.775ms returns 0xBC0
TE8C4 003:634.542 JLINK_WriteMem(0x10070BC0, 0xBB0 Bytes, ...)
TE8C4 003:634.611   Data:  B9 63 C1 F2 08 03 19 70 44 F6 B8 63 C1 F2 08 03 ...
TE8C4 003:634.679   CPU_WriteMem(2992 bytes @ 0x10070BC0)
TE8C4 003:646.190 - 11.646ms returns 0xBB0
TE8C4 003:648.565 JLINK_WriteMem(0x10071770, 0xBB0 Bytes, ...)
TE8C4 003:648.632   Data:  88 F8 01 30 98 F8 02 30 6F F3 00 03 88 F8 02 30 ...
TE8C4 003:648.730   CPU_WriteMem(2992 bytes @ 0x10071770)
TE8C4 003:660.262 - 11.696ms returns 0xBB0
TE8C4 003:661.612 JLINK_WriteMem(0x10072320, 0xB10 Bytes, ...)
TE8C4 003:661.694   Data:  C9 F2 12 03 04 EB 84 02 03 EB 82 12 D2 F8 08 13 ...
TE8C4 003:661.759   CPU_WriteMem(2832 bytes @ 0x10072320)
TE8C4 003:672.705 - 11.091ms returns 0xB10
TE8C4 003:674.192 JLINK_WriteMem(0x10072E30, 0xB90 Bytes, ...)
TE8C4 003:674.291   Data:  03 20 FF F7 B1 FA 2A 46 01 21 03 20 FF F7 AC FA ...
TE8C4 003:674.390   CPU_WriteMem(2960 bytes @ 0x10072E30)
TE8C4 003:685.836 - 11.642ms returns 0xB90
TE8C4 003:687.948 JLINK_WriteMem(0x100739C0, 0xBD0 Bytes, ...)
TE8C4 003:688.012   Data:  FF F7 4B FE 05 F6 F8 45 B5 42 F6 D1 BD E8 F8 83 ...
TE8C4 003:688.085   CPU_WriteMem(3024 bytes @ 0x100739C0)
TE8C4 003:699.753 - 11.803ms returns 0xBD0
TE8C4 003:701.901 JLINK_WriteMem(0x10074590, 0xBB0 Bytes, ...)
TE8C4 003:702.011   Data:  A0 F8 B2 2A A0 F8 B4 3A A0 F8 22 2B A0 F8 20 3B ...
TE8C4 003:702.114   CPU_WriteMem(2992 bytes @ 0x10074590)
TE8C4 003:713.664 - 11.762ms returns 0xBB0
TE8C4 003:715.760 JLINK_WriteMem(0x10075140, 0xB90 Bytes, ...)
TE8C4 003:715.878   Data:  CA 58 A4 F8 CC 58 02 23 A4 F8 C8 38 A4 F8 8E 38 ...
TE8C4 003:715.972   CPU_WriteMem(2960 bytes @ 0x10075140)
TE8C4 003:727.371 - 11.610ms returns 0xB90
TE8C4 003:728.817 JLINK_WriteMem(0x10075CD0, 0xBC0 Bytes, ...)
TE8C4 003:728.876   Data:  A1 0B DF ED 21 2B 60 EE A2 0B F7 EE E0 7B C1 ED ...
TE8C4 003:728.937   CPU_WriteMem(3008 bytes @ 0x10075CD0)
TE8C4 003:740.618 - 11.800ms returns 0xBC0
TE8C4 003:742.053 JLINK_WriteMem(0x10076890, 0xBC0 Bytes, ...)
TE8C4 003:742.114   Data:  B2 3A 06 EE 90 3A F8 EE E6 6A B4 F9 B4 3A 00 EE ...
TE8C4 003:742.171   CPU_WriteMem(3008 bytes @ 0x10076890)
TE8C4 003:753.727 - 11.672ms returns 0xBC0
TE8C4 003:755.598 JLINK_WriteMem(0x10077450, 0xBA0 Bytes, ...)
TE8C4 003:755.657   Data:  DF E8 03 F0 05 0D 15 1D 25 2D 35 3D 45 00 DB F8 ...
TE8C4 003:755.734   CPU_WriteMem(2976 bytes @ 0x10077450)
TE8C4 003:767.106 - 11.506ms returns 0xBA0
TE8C4 003:768.849 JLINK_WriteMem(0x10077FF0, 0xBC0 Bytes, ...)
TE8C4 003:768.942   Data:  BC F1 01 0F 4D D9 B0 F9 0C C9 4F EA EC 79 0C FB ...
TE8C4 003:769.000   CPU_WriteMem(3008 bytes @ 0x10077FF0)
TE8C4 003:780.441 - 11.592ms returns 0xBC0
TE8C4 003:782.083 JLINK_WriteMem(0x10078BB0, 0xBA0 Bytes, ...)
TE8C4 003:782.145   Data:  C1 F2 09 03 B3 F9 00 30 01 2B 00 D0 70 47 40 F2 ...
TE8C4 003:782.206   CPU_WriteMem(2976 bytes @ 0x10078BB0)
TE8C4 003:793.678 - 11.592ms returns 0xBA0
TE8C4 003:795.435 JLINK_WriteMem(0x10079750, 0xB90 Bytes, ...)
TE8C4 003:795.500   Data:  08 02 5A 60 00 20 5D F8 04 4B 70 47 70 B5 84 B0 ...
TE8C4 003:795.562   CPU_WriteMem(2960 bytes @ 0x10079750)
TE8C4 003:806.958 - 11.521ms returns 0xB90
TE8C4 003:808.975 JLINK_WriteMem(0x1007A2E0, 0xB90 Bytes, ...)
TE8C4 003:809.072   Data:  DA 68 C2 F3 01 42 43 F6 88 23 C1 F2 08 03 53 F8 ...
TE8C4 003:809.168   CPU_WriteMem(2960 bytes @ 0x1007A2E0)
TE8C4 003:820.570 - 11.594ms returns 0xB90
TE8C4 003:822.151 JLINK_WriteMem(0x1007AE70, 0xBD0 Bytes, ...)
TE8C4 003:822.274   Data:  BB 00 03 F1 01 43 03 F5 28 13 1A 6A 0F 21 81 40 ...
TE8C4 003:822.423   CPU_WriteMem(3024 bytes @ 0x1007AE70)
TE8C4 003:834.187 - 12.035ms returns 0xBD0
TE8C4 003:836.212 JLINK_WriteMem(0x1007BA40, 0xBC0 Bytes, ...)
TE8C4 003:836.350   Data:  30 13 C1 F2 06 03 53 F8 26 00 00 F0 5D F9 43 F2 ...
TE8C4 003:836.479   CPU_WriteMem(3008 bytes @ 0x1007BA40)
TE8C4 003:848.152 - 11.939ms returns 0xBC0
TE8C4 003:849.765 JLINK_WriteMem(0x1007C600, 0xBA0 Bytes, ...)
TE8C4 003:849.883   Data:  46 F2 A8 11 18 68 FD F7 1E FF E3 68 46 F2 A8 11 ...
TE8C4 003:849.980   CPU_WriteMem(2976 bytes @ 0x1007C600)
TE8C4 003:861.444 - 11.678ms returns 0xBA0
TE8C4 003:863.078 JLINK_WriteMem(0x1007D1A0, 0x960 Bytes, ...)
TE8C4 003:863.171   Data:  01 30 3F F4 78 AF 01 35 E3 68 05 99 5B 1A AB 42 ...
TE8C4 003:863.267   CPU_WriteMem(2400 bytes @ 0x1007D1A0)
TE8C4 003:872.935 - 9.855ms returns 0x960
TE8C4 003:875.636 JLINK_WriteMem(0x1007DB00, 0x8 Bytes, ...)
TE8C4 003:875.786   Data:  6C EC FF 7F 01 00 00 00
TE8C4 003:875.880   CPU_WriteMem(8 bytes @ 0x1007DB00)
TE8C4 003:876.645 - 1.010ms returns 0x8
TE8C4 003:877.685 JLINK_WriteMem(0x1007DB08, 0xBD8 Bytes, ...)
TE8C4 003:877.827   Data:  40 04 01 C8 4D 0A 07 10 75 0A 07 10 9D 0A 07 10 ...
TE8C4 003:877.918   CPU_WriteMem(3032 bytes @ 0x1007DB08)
TE8C4 003:889.480 - 11.794ms returns 0xBD8
TE8C4 003:890.853 JLINK_WriteMem(0x1007E6E0, 0xBE0 Bytes, ...)
TE8C4 003:890.916   Data:  02 00 00 00 EC 09 08 10 08 71 08 10 00 7E 08 10 ...
TE8C4 003:890.983   CPU_WriteMem(3040 bytes @ 0x1007E6E0)
TE8C4 003:902.670 - 11.815ms returns 0xBE0
TE8C4 003:904.461 JLINK_WriteMem(0x1007F2C0, 0xBE0 Bytes, ...)
TE8C4 003:904.527   Data:  D4 13 08 10 C9 56 07 10 02 00 00 00 02 00 00 00 ...
TE8C4 003:904.587   CPU_WriteMem(3040 bytes @ 0x1007F2C0)
TE8C4 003:916.181 - 11.719ms returns 0xBE0
TE8C4 003:917.585 JLINK_WriteMem(0x1007FEA0, 0xBE0 Bytes, ...)
TE8C4 003:917.640   Data:  00 00 00 00 00 00 00 00 00 00 00 00 00 00 00 00 ...
TE8C4 003:917.696   CPU_WriteMem(3040 bytes @ 0x1007FEA0)
TE8C4 003:929.317 - 11.731ms returns 0xBE0
TE8C4 003:931.047 JLINK_WriteMem(0x10080A80, 0xBE0 Bytes, ...)
TE8C4 003:931.105   Data:  80 BE 08 10 78 CB 08 10 70 D8 08 10 04 00 00 00 ...
TE8C4 003:931.185   CPU_WriteMem(3040 bytes @ 0x10080A80)
TE8C4 003:942.872 - 11.823ms returns 0xBE0
TE8C4 003:944.664 JLINK_WriteMem(0x10081660, 0xBE0 Bytes, ...)
TE8C4 003:944.726   Data:  CB 03 CB 03 CB 03 CB 03 CB 03 CB 03 CB 03 CB 03 ...
TE8C4 003:944.785   CPU_WriteMem(3040 bytes @ 0x10081660)
TE8C4 003:956.372 - 11.707ms returns 0xBE0
TE8C4 003:958.202 JLINK_WriteMem(0x10082240, 0xBD0 Bytes, ...)
TE8C4 003:958.263   Data:  F4 01 00 00 F4 01 00 00 00 00 00 00 00 00 00 00 ...
TE8C4 003:958.328   CPU_WriteMem(3024 bytes @ 0x10082240)
TE8C4 003:969.931 - 11.728ms returns 0xBD0
TE8C4 003:971.479 JLINK_WriteMem(0x10082E10, 0xBE0 Bytes, ...)
TE8C4 003:971.565   Data:  00 00 00 00 00 00 00 00 00 00 00 00 00 00 00 00 ...
TE8C4 003:971.657   CPU_WriteMem(3040 bytes @ 0x10082E10)
TE8C4 003:983.358 - 11.878ms returns 0xBE0
TE8C4 003:985.389 JLINK_WriteMem(0x100839F0, 0xA50 Bytes, ...)
TE8C4 003:985.486   Data:  AA AA 02 00 00 00 00 00 00 A0 AA AA 2A AA AA AA ...
TE8C4 003:985.582   CPU_WriteMem(2640 bytes @ 0x100839F0)
TE8C4 003:995.877 - 10.487ms returns 0xA50
TE8C4 004:019.894 JLINK_EndDownload()
TE8C4 004:019.970 - 0.076ms returns 0 (0x0)
TE8C4 004:020.143 JLINK_WriteReg(AARCH32_PC, 0x10061000)
TE8C4 004:020.200 - 0.056ms returns 0
TE8C4 004:020.232 JLINK_ReadReg(AARCH32_CPSR)
TE8C4 004:020.564 - 0.330ms returns 0x800001DA
TE8C4 004:020.604 JLINK_WriteReg(AARCH32_CPSR, 0x800001DA)
TE8C4 004:020.634 - 0.030ms returns 0
TE8C4 004:021.644 JLINK_SetEndian(ARM_ENDIAN_LITTLE)
TE8C4 004:021.736 - 0.091ms returns 0
TE8C4 004:075.929 JLINK_ReadMem(0x10061000, 0x4 Bytes, ...)
TE8C4 004:076.262   CPU_ReadMem(4 bytes @ 0x10061000)
TE8C4 004:077.049   Data:  83 07 0B E3
TE8C4 004:077.119 - 1.189ms returns 0
TE8C4 004:086.599 JLINK_ReadMem(0x10061000, 0x4 Bytes, ...)
TE8C4 004:086.703   CPU_ReadMem(4 bytes @ 0x10061000)
TE8C4 004:087.576   Data:  83 07 0B E3
TE8C4 004:087.676 - 1.077ms returns 0
TE8C4 005:157.662 JLINK_GetNumBPUnits(Type = 0xFFFFFF00)
TE8C4 005:157.746 - 0.085ms returns 0x08
TE8C4 005:157.779 JLINK_GetNumWPUnits()
TE8C4 005:157.809 - 0.030ms returns 8
TE8C4 005:157.845 JLINK_GetNumBPUnits(Type = 0xFFFFFF00)
TE8C4 005:157.887 - 0.042ms returns 0x08
TE8C4 005:157.919 JLINK_GetNumWPUnits()
TE8C4 005:157.949 - 0.029ms returns 8
TE8C4 005:157.990 JLINK_GetNumBPUnits(Type = 0xFFFFFF00)
TE8C4 005:158.021 - 0.030ms returns 0x08
TE8C4 005:158.052 JLINK_GetNumWPUnits()
TE8C4 005:158.081 - 0.029ms returns 8
TE8C4 005:158.148 JLINK_SetBPEx(Addr = 0x10079388, Type = 0xFFFFFF00)
TE8C4 005:158.183 - 0.036ms returns 0x00000001
TE8C4 005:158.216 JLINK_ClrBPEx(BPHandle = 0x00000001)
TE8C4 005:158.575 - 0.358ms returns 0x00
TE8C4 005:175.358 JLINK_ReadMem(0x10079380, 0x40 Bytes, ...)
TE8C4 005:175.454   CPU_ReadMem(64 bytes @ 0x10079380)
TE8C4 005:177.109   Data:  08 B5 FF F7 89 FF 08 BD 08 B5 FF F7 A7 FD 00 20 ...
TE8C4 005:177.221 - 1.862ms returns 0
TE8C4 005:180.052 JLINK_ReadMem(0x1007938A, 0x2 Bytes, ...)
TE8C4 005:180.145   CPU_ReadMem(2 bytes @ 0x1007938A)
TE8C4 005:180.855   Data:  FF F7
TE8C4 005:180.965 - 0.913ms returns 0
TE8C4 005:182.106 JLINK_SetBPEx(Addr = 0x1007938A, Type = 0xFFFFFF00)
TE8C4 005:182.219 - 0.113ms returns 0x00000002
TE8C4 005:235.826 JLINK_ReadRegs(NumRegs = 17, Indexes: 116, 117, 118, 119, 120, 121, 122, 123, 189, 190, 191, 192, 193, 194, 195, 147, 149)
TE8C4 005:235.903    -- AARCH32_R0=0x7C2406, AARCH32_R1=0x2FAF07F, AARCH32_R2=0x00, AARCH32_R3=0x00, AARCH32_R4=0x00, AARCH32_R5=0x00, AARCH32_R6=0x00, AARCH32_R7=0x00, AARCH32_R8=0x00, AARCH32_R9=0x00, AARCH32_R10=0x00, AARCH32_R11=0x00, AARCH32_R12=0x00, AARCH32_R13=0x00, AARCH32_R14=0x102000, AARCH32_PC=0x10061000, AARCH32_CPSR=0x800001DA
TE8C4 005:235.949 - 0.124ms returns 0x00
TE8C4 005:237.954 JLINK_ReadMem(0x10061000, 0x4 Bytes, ...)
TE8C4 005:238.038   CPU_ReadMem(4 bytes @ 0x10061000)
TE8C4 005:238.830   Data:  83 07 0B E3
TE8C4 005:238.909 - 0.954ms returns 0
T5FB0 006:072.943 JLINK_GetNumBPUnits(Type = 0xFFFFFF00)
T5FB0 006:073.028 - 0.086ms returns 0x08
T5FB0 006:073.069 JLINK_GetNumWPUnits()
T5FB0 006:073.108 - 0.038ms returns 8
T5FB0 006:073.705 JLINK_GetNumBPUnits(Type = 0xFFFFFF00)
T5FB0 006:073.780 - 0.075ms returns 0x08
T5FB0 006:073.823 JLINK_GetNumWPUnits()
T5FB0 006:073.865 - 0.042ms returns 8
T5FB0 006:075.218 JLINK_GetNumBPUnits(Type = 0xFFFFFF00)
T5FB0 006:075.285 - 0.067ms returns 0x08
T5FB0 006:075.318 JLINK_GetNumWPUnits()
T5FB0 006:075.349 - 0.030ms returns 8
T5FB0 006:077.207 JLINK_GetNumBPUnits(Type = 0xFFFFFF00)
T5FB0 006:077.271 - 0.064ms returns 0x08
T5FB0 006:077.305 JLINK_GetNumWPUnits()
T5FB0 006:077.345 - 0.038ms returns 8
T5FB0 006:079.018 JLINK_GetNumBPUnits(Type = 0xFFFFFF00)
T5FB0 006:079.118 - 0.100ms returns 0x08
T5FB0 006:079.167 JLINK_GetNumWPUnits()
T5FB0 006:079.210 - 0.042ms returns 8
T5FB0 006:079.879 JLINK_GetNumBPUnits(Type = 0xFFFFFF00)
T5FB0 006:079.941 - 0.062ms returns 0x08
T5FB0 006:079.973 JLINK_GetNumWPUnits()
T5FB0 006:080.004 - 0.030ms returns 8
T5FB0 006:080.526 JLINK_GetNumBPUnits(Type = 0xFFFFFF00)
T5FB0 006:080.574 - 0.048ms returns 0x08
T5FB0 006:080.606 JLINK_GetNumWPUnits()
T5FB0 006:080.637 - 0.030ms returns 8
T5FB0 006:081.029 JLINK_GetNumBPUnits(Type = 0xFFFFFF00)
T5FB0 006:081.090 - 0.060ms returns 0x08
T5FB0 006:081.123 JLINK_GetNumWPUnits()
T5FB0 006:081.155 - 0.031ms returns 8
TE8C4 020:517.492 JLINK_ReadMem(0x10061000, 0x4 Bytes, ...)
TE8C4 020:517.594   CPU_ReadMem(4 bytes @ 0x10061000)
TE8C4 020:518.422   Data:  83 07 0B E3
TE8C4 020:518.496 - 1.003ms returns 0
TE8C4 046:967.844 JLINK_STRACE_Read(..., NumItems = 0x10000)
TE8C4 046:967.928   
  ***** Error: 
TE8C4 046:967.976   Debugger tries to use on-chip trace buffer but the connected MCU does not provide an on-chip trace buffer (e.g. ETB/MTB/...)
TE8C4 046:968.020 - 0.174ms NumItemsRead = 0xFFFFFFFF
TE8C4 046:968.056 JLINK_IsHalted()
TE8C4 046:968.392 - 0.334ms returns TRUE
TE8C4 046:968.488 JLINK_STRACE_Read(..., NumItems = 0x10000)
TE8C4 046:968.568 - 0.079ms NumItemsRead = 0xFFFFFFFF
TE8C4 046:968.652 JLINK_GoEx(MaxEmulInsts = 0, Flags = 0x01)
TE8C4 046:971.996   Memory map 'after startup completion point' is active
TE8C4 046:972.080 - 3.428ms
TE8C4 047:072.012 JLINK_IsHalted()
TE8C4 047:078.808 - 6.795ms returns TRUE
TE8C4 047:079.608 JLINK_ReadReg(AARCH32_PC)
TE8C4 047:079.708 - 0.103ms returns 0x1007938A
TE8C4 047:079.752 JLINK_ReadReg(AARCH32_CPSR)
TE8C4 047:079.788 - 0.035ms returns 0x20000033
TE8C4 047:079.832 JLINK_ReadReg(AARCH32_PC)
TE8C4 047:079.880 - 0.044ms returns 0x1007938A
TE8C4 047:079.920 JLINK_ReadReg(AARCH32_CPSR)
TE8C4 047:079.960 - 0.041ms returns 0x20000033
TE8C4 047:080.008 JLINK_IsHalted()
TE8C4 047:080.052 - 0.043ms returns TRUE
TE8C4 047:080.092 JLINK_ReadReg(AARCH32_CPSR)
TE8C4 047:080.136 - 0.041ms returns 0x20000033
TE8C4 047:080.180 JLINK_ReadReg(AARCH32_PC)
TE8C4 047:080.220 - 0.040ms returns 0x1007938A
TE8C4 047:080.264 JLINK_ReadReg(AARCH32_CPSR)
TE8C4 047:080.308 - 0.044ms returns 0x20000033
TE8C4 047:080.424 JLINK_IsHalted()
TE8C4 047:080.472 - 0.046ms returns TRUE
TE8C4 047:080.516 JLINK_ReadReg(AARCH32_PC)
TE8C4 047:080.560 - 0.043ms returns 0x1007938A
TE8C4 047:080.604 JLINK_ReadReg(AARCH32_CPSR)
TE8C4 047:080.648 - 0.042ms returns 0x20000033
TE8C4 047:080.692 JLINK_ReadReg(AARCH32_PC)
TE8C4 047:080.732 - 0.041ms returns 0x1007938A
TE8C4 047:080.776 JLINK_ReadReg(AARCH32_CPSR)
TE8C4 047:080.820 - 0.041ms returns 0x20000033
TE8C4 047:080.864 JLINK_IsHalted()
TE8C4 047:080.904 - 0.040ms returns TRUE
TE8C4 047:080.952 JLINK_ReadReg(AARCH32_CPSR)
TE8C4 047:080.992 - 0.042ms returns 0x20000033
TE8C4 047:081.032 JLINK_ReadReg(AARCH32_PC)
TE8C4 047:081.080 - 0.042ms returns 0x1007938A
TE8C4 047:081.120 JLINK_ReadReg(AARCH32_CPSR)
TE8C4 047:081.164 - 0.042ms returns 0x20000033
TE8C4 047:083.548 JLINK_ReadRegs(NumRegs = 17, Indexes: 116, 117, 118, 119, 120, 121, 122, 123, 189, 190, 191, 192, 193, 194, 195, 147, 149)
TE8C4 047:083.624    -- AARCH32_R0=0x01, AARCH32_R1=0xA502, AARCH32_R2=0x81296000, AARCH32_R3=0x401, AARCH32_R4=0x00, AARCH32_R5=0x00, AARCH32_R6=0x00, AARCH32_R7=0x00, AARCH32_R8=0x00, AARCH32_R9=0x00, AARCH32_R10=0x00, AARCH32_R11=0x00, AARCH32_R12=0x22, AARCH32_R13=0x10065190, AARCH32_R14=0x10061273, AARCH32_PC=0x1007938A, AARCH32_CPSR=0x20000033
TE8C4 047:083.672 - 0.123ms returns 0x00
TE8C4 047:086.012 JLINK_ReadMem(0x1007938A, 0x4 Bytes, ...)
TE8C4 047:086.104   CPU_ReadMem(64 bytes @ 0x10079380)
TE8C4 047:087.996    -- Updating DA cache (64 bytes @ 0x10079380)
TE8C4 047:088.072    -- Read from DA cache (4 bytes @ 0x1007938A)
TE8C4 047:088.120   Data:  FF F7 A7 FD
TE8C4 047:088.168 - 2.154ms returns 0
TE8C4 047:092.760 JLINK_ClrBPEx(BPHandle = 0x00000002)
TE8C4 047:092.836 - 0.075ms returns 0x00
TE8C4 047:316.560 JLINK_ReadMem(0x1007938A, 0x4 Bytes, ...)
TE8C4 047:316.660    -- Read from DA cache (4 bytes @ 0x1007938A)
TE8C4 047:316.708   Data:  FF F7 A7 FD
TE8C4 047:316.768 - 0.207ms returns 0
TE8C4 048:821.336 JLINK_ReadMem(0x10065180, 0x40 Bytes, ...)
TE8C4 048:821.432   CPU_ReadMem(64 bytes @ 0x10065180)
TE8C4 048:823.084   Data:  00 00 00 00 00 00 00 00 01 04 00 00 00 00 00 00 ...
TE8C4 048:823.160 - 1.822ms returns 0
TE8C4 048:856.716 JLINK_STRACE_Read(..., NumItems = 0x10000)
TE8C4 048:856.808 - 0.094ms NumItemsRead = 0xFFFFFFFF
TE8C4 048:856.860 JLINK_Step()
TE8C4 048:857.192    -- Read from DA cache (4 bytes @ 0x1007938A)
TE8C4 048:857.288   -- Not simulated
TE8C4 048:866.968 - 10.107ms returns 0
TE8C4 048:869.412 JLINK_ReadRegs(NumRegs = 17, Indexes: 116, 117, 118, 119, 120, 121, 122, 123, 189, 190, 191, 192, 193, 194, 195, 147, 149)
TE8C4 048:869.504    -- AARCH32_R0=0x01, AARCH32_R1=0xA502, AARCH32_R2=0x81296000, AARCH32_R3=0x401, AARCH32_R4=0x00, AARCH32_R5=0x00, AARCH32_R6=0x00, AARCH32_R7=0x00, AARCH32_R8=0x00, AARCH32_R9=0x00, AARCH32_R10=0x00, AARCH32_R11=0x00, AARCH32_R12=0x22, AARCH32_R13=0x10065190, AARCH32_R14=0x1007938F, AARCH32_PC=0x10078EDC, AARCH32_CPSR=0x20000033
TE8C4 048:869.548 - 0.136ms returns 0x00
TE8C4 048:870.312 JLINK_ReadMem(0x10078EDC, 0x4 Bytes, ...)
TE8C4 048:870.388   CPU_ReadMem(64 bytes @ 0x10078EC0)
TE8C4 048:872.008    -- Updating DA cache (64 bytes @ 0x10078EC0)
TE8C4 048:872.080    -- Read from DA cache (4 bytes @ 0x10078EDC)
TE8C4 048:872.136   Data:  2D E9 F0 47
TE8C4 048:872.216 - 1.906ms returns 0
TE8C4 048:873.100 JLINK_ReadMem(0x1007938E, 0x4 Bytes, ...)
TE8C4 048:873.176   CPU_ReadMem(64 bytes @ 0x10079380)
TE8C4 048:874.760    -- Updating DA cache (64 bytes @ 0x10079380)
TE8C4 048:874.892    -- Read from DA cache (4 bytes @ 0x1007938E)
TE8C4 048:874.968   Data:  00 20 08 BD
TE8C4 048:875.056 - 1.958ms returns 0
TE8C4 048:875.928 JLINK_ReadMem(0x10065180, 0x40 Bytes, ...)
TE8C4 048:876.024   CPU_ReadMem(64 bytes @ 0x10065180)
TE8C4 048:877.656   Data:  00 00 00 00 00 00 00 00 01 04 00 00 00 00 00 00 ...
TE8C4 048:877.768 - 1.842ms returns 0
TE8C4 048:878.852 JLINK_ReadMem(0x1007938E, 0x2 Bytes, ...)
TE8C4 048:878.924    -- Read from DA cache (2 bytes @ 0x1007938E)
TE8C4 048:878.972   Data:  00 20
TE8C4 048:879.016 - 0.166ms returns 0
TE8C4 048:879.720 JLINK_SetBPEx(Addr = 0x1007938E, Type = 0xFFFFFF00)
TE8C4 048:879.772 - 0.052ms returns 0x00000003
TE8C4 048:880.800 JLINK_STRACE_Read(..., NumItems = 0x10000)
TE8C4 048:880.872 - 0.073ms NumItemsRead = 0xFFFFFFFF
TE8C4 048:880.908 JLINK_IsHalted()
TE8C4 048:880.936 - 0.031ms returns TRUE
TE8C4 048:880.968 JLINK_STRACE_Read(..., NumItems = 0x10000)
TE8C4 048:881.000 - 0.030ms NumItemsRead = 0xFFFFFFFF
TE8C4 048:881.032 JLINK_GoEx(MaxEmulInsts = 0, Flags = 0x01)
TE8C4 048:883.752 - 2.720ms
TE8C4 048:978.868 JLINK_IsHalted()
TE8C4 048:979.368 - 0.495ms returns FALSE
TE8C4 048:979.512 JLINK_IsHalted()
TE8C4 048:979.912 - 0.398ms returns FALSE
TE8C4 049:088.296 JLINK_IsHalted()
TE8C4 049:088.760 - 0.463ms returns FALSE
TE8C4 049:088.864 JLINK_IsHalted()
TE8C4 049:089.128 - 0.264ms returns FALSE
TE8C4 049:197.720 JLINK_IsHalted()
TE8C4 049:198.380 - 0.659ms returns FALSE
TE8C4 049:198.504 JLINK_IsHalted()
TE8C4 049:198.928 - 0.423ms returns FALSE
TE8C4 049:306.992 JLINK_IsHalted()
TE8C4 049:307.612 - 0.621ms returns FALSE
TE8C4 049:307.732 JLINK_IsHalted()
TE8C4 049:308.048 - 0.316ms returns FALSE
TE8C4 049:415.760 JLINK_IsHalted()
TE8C4 049:416.248 - 0.486ms returns FALSE
TE8C4 049:416.316 JLINK_IsHalted()
TE8C4 049:416.616 - 0.297ms returns FALSE
TE8C4 049:525.504 JLINK_IsHalted()
TE8C4 049:525.900 - 0.395ms returns FALSE
TE8C4 049:525.948 JLINK_IsHalted()
TE8C4 049:526.180 - 0.229ms returns FALSE
TE8C4 049:634.832 JLINK_IsHalted()
TE8C4 049:635.240 - 0.411ms returns FALSE
TE8C4 049:635.904 JLINK_IsHalted()
TE8C4 049:636.208 - 0.303ms returns FALSE
TE8C4 049:744.008 JLINK_IsHalted()
TE8C4 049:744.592 - 0.581ms returns FALSE
TE8C4 049:744.688 JLINK_IsHalted()
TE8C4 049:745.088 - 0.397ms returns FALSE
TE8C4 049:853.092 JLINK_IsHalted()
TE8C4 049:853.560 - 0.468ms returns FALSE
TE8C4 049:853.632 JLINK_IsHalted()
TE8C4 049:853.912 - 0.279ms returns FALSE
TE8C4 049:962.948 JLINK_IsHalted()
TE8C4 049:963.536 - 0.588ms returns FALSE
TE8C4 049:963.620 JLINK_IsHalted()
TE8C4 049:963.928 - 0.308ms returns FALSE
TE8C4 050:072.568 JLINK_IsHalted()
TE8C4 050:073.120 - 0.553ms returns FALSE
TE8C4 050:073.232 JLINK_IsHalted()
TE8C4 050:073.696 - 0.464ms returns FALSE
TE8C4 050:181.880 JLINK_IsHalted()
TE8C4 050:182.548 - 0.670ms returns FALSE
TE8C4 050:182.616 JLINK_IsHalted()
TE8C4 050:182.992 - 0.377ms returns FALSE
TE8C4 050:290.536 JLINK_IsHalted()
TE8C4 050:291.128 - 0.598ms returns FALSE
TE8C4 050:291.244 JLINK_IsHalted()
TE8C4 050:291.580 - 0.337ms returns FALSE
TE8C4 050:400.228 JLINK_IsHalted()
TE8C4 050:400.840 - 0.609ms returns FALSE
TE8C4 050:400.948 JLINK_IsHalted()
TE8C4 050:401.344 - 0.396ms returns FALSE
TE8C4 050:509.416 JLINK_IsHalted()
TE8C4 050:511.380 - 1.965ms returns FALSE
TE8C4 050:511.476 JLINK_IsHalted()
TE8C4 050:511.812 - 0.334ms returns FALSE
TE8C4 050:618.568 JLINK_IsHalted()
TE8C4 050:618.952 - 0.382ms returns FALSE
TE8C4 050:619.024 JLINK_IsHalted()
TE8C4 050:619.380 - 0.353ms returns FALSE
T5FB0 050:630.756 JLINK_IsHalted()
T5FB0 050:631.204 - 0.447ms returns FALSE
T5FB0 050:631.288 JLINK_IsHalted()
T5FB0 050:631.552 - 0.262ms returns FALSE
TE8C4 050:728.628 JLINK_IsHalted()
TE8C4 050:729.032 - 0.400ms returns FALSE
TE8C4 050:729.116 JLINK_IsHalted()
TE8C4 050:729.460 - 0.341ms returns FALSE
TE8C4 050:838.112 JLINK_IsHalted()
TE8C4 050:839.592 - 1.481ms returns FALSE
TE8C4 050:839.736 JLINK_IsHalted()
TE8C4 050:840.164 - 0.423ms returns FALSE
TE8C4 050:947.328 JLINK_IsHalted()
TE8C4 050:947.740 - 0.413ms returns FALSE
TE8C4 050:947.780 JLINK_IsHalted()
TE8C4 050:948.088 - 0.312ms returns FALSE
TE8C4 051:056.896 JLINK_IsHalted()
TE8C4 051:057.320 - 0.424ms returns FALSE
TE8C4 051:057.384 JLINK_IsHalted()
TE8C4 051:057.756 - 0.373ms returns FALSE
TE8C4 051:166.296 JLINK_IsHalted()
TE8C4 051:166.740 - 0.441ms returns FALSE
TE8C4 051:166.800 JLINK_IsHalted()
TE8C4 051:167.116 - 0.316ms returns FALSE
TE8C4 051:275.632 JLINK_IsHalted()
TE8C4 051:276.188 - 0.555ms returns FALSE
TE8C4 051:276.288 JLINK_IsHalted()
TE8C4 051:276.656 - 0.367ms returns FALSE
TE8C4 051:384.744 JLINK_IsHalted()
TE8C4 051:385.240 - 0.496ms returns FALSE
TE8C4 051:385.352 JLINK_IsHalted()
TE8C4 051:385.736 - 0.385ms returns FALSE
TE8C4 051:493.984 JLINK_IsHalted()
TE8C4 051:494.396 - 0.412ms returns FALSE
TE8C4 051:494.456 JLINK_IsHalted()
TE8C4 051:494.744 - 0.287ms returns FALSE
TE8C4 051:603.592 JLINK_IsHalted()
TE8C4 051:603.956 - 0.359ms returns FALSE
TE8C4 051:604.028 JLINK_IsHalted()
TE8C4 051:604.312 - 0.279ms returns FALSE
T5FB0 051:632.912 JLINK_IsHalted()
T5FB0 051:633.292 - 0.379ms returns FALSE
T5FB0 051:633.352 JLINK_IsHalted()
T5FB0 051:633.636 - 0.282ms returns FALSE
TE8C4 051:713.488 JLINK_IsHalted()
TE8C4 051:713.940 - 0.450ms returns FALSE
TE8C4 051:714.008 JLINK_IsHalted()
TE8C4 051:714.292 - 0.285ms returns FALSE
TE8C4 051:822.252 JLINK_IsHalted()
TE8C4 051:822.664 - 0.414ms returns FALSE
TE8C4 051:822.728 JLINK_IsHalted()
TE8C4 051:822.952 - 0.222ms returns FALSE
TE8C4 051:931.800 JLINK_IsHalted()
TE8C4 051:932.184 - 0.385ms returns FALSE
TE8C4 051:932.264 JLINK_IsHalted()
TE8C4 051:932.532 - 0.263ms returns FALSE
TE8C4 052:040.868 JLINK_IsHalted()
TE8C4 052:041.212 - 0.344ms returns FALSE
TE8C4 052:041.260 JLINK_IsHalted()
TE8C4 052:041.484 - 0.223ms returns FALSE
TE8C4 052:150.004 JLINK_IsHalted()
TE8C4 052:150.408 - 0.405ms returns FALSE
TE8C4 052:150.536 JLINK_IsHalted()
TE8C4 052:150.836 - 0.300ms returns FALSE
TE8C4 052:260.532 JLINK_IsHalted()
TE8C4 052:260.904 - 0.375ms returns FALSE
TE8C4 052:260.976 JLINK_IsHalted()
TE8C4 052:261.260 - 0.283ms returns FALSE
TE8C4 052:368.664 JLINK_IsHalted()
TE8C4 052:369.096 - 0.432ms returns FALSE
TE8C4 052:369.164 JLINK_IsHalted()
TE8C4 052:369.468 - 0.302ms returns FALSE
TE8C4 052:478.024 JLINK_IsHalted()
TE8C4 052:478.424 - 0.403ms returns FALSE
TE8C4 052:478.548 JLINK_IsHalted()
TE8C4 052:478.856 - 0.305ms returns FALSE
TE8C4 052:587.392 JLINK_IsHalted()
TE8C4 052:587.876 - 0.482ms returns FALSE
TE8C4 052:587.932 JLINK_IsHalted()
TE8C4 052:588.240 - 0.308ms returns FALSE
T5FB0 052:634.800 JLINK_IsHalted()
T5FB0 052:635.332 - 0.529ms returns FALSE
T5FB0 052:635.472 JLINK_IsHalted()
T5FB0 052:635.788 - 0.317ms returns FALSE
TE8C4 052:697.380 JLINK_IsHalted()
TE8C4 052:697.912 - 0.531ms returns FALSE
TE8C4 052:698.008 JLINK_IsHalted()
TE8C4 052:698.408 - 0.395ms returns FALSE
TE8C4 052:806.584 JLINK_IsHalted()
TE8C4 052:806.984 - 0.400ms returns FALSE
TE8C4 052:807.024 JLINK_IsHalted()
TE8C4 052:807.312 - 0.287ms returns FALSE
TE8C4 052:915.844 JLINK_IsHalted()
TE8C4 052:916.360 - 0.517ms returns FALSE
TE8C4 052:916.520 JLINK_IsHalted()
TE8C4 052:916.940 - 0.415ms returns FALSE
TE8C4 053:025.516 JLINK_IsHalted()
TE8C4 053:026.208 - 0.690ms returns FALSE
TE8C4 053:026.364 JLINK_IsHalted()
TE8C4 053:026.764 - 0.397ms returns FALSE
TE8C4 053:134.372 JLINK_IsHalted()
TE8C4 053:134.888 - 0.517ms returns FALSE
TE8C4 053:134.984 JLINK_IsHalted()
TE8C4 053:135.244 - 0.256ms returns FALSE
TE8C4 053:244.396 JLINK_IsHalted()
TE8C4 053:244.768 - 0.372ms returns FALSE
TE8C4 053:244.860 JLINK_IsHalted()
TE8C4 053:245.204 - 0.341ms returns FALSE
TE8C4 053:353.912 JLINK_IsHalted()
TE8C4 053:354.380 - 0.465ms returns FALSE
TE8C4 053:354.476 JLINK_IsHalted()
TE8C4 053:354.972 - 0.492ms returns FALSE
TE8C4 053:462.888 JLINK_IsHalted()
TE8C4 053:463.368 - 0.479ms returns FALSE
TE8C4 053:463.468 JLINK_IsHalted()
TE8C4 053:463.784 - 0.314ms returns FALSE
TE8C4 053:571.696 JLINK_IsHalted()
TE8C4 053:572.096 - 0.399ms returns FALSE
TE8C4 053:572.200 JLINK_IsHalted()
TE8C4 053:572.508 - 0.311ms returns FALSE
T5FB0 053:637.004 JLINK_IsHalted()
T5FB0 053:637.336 - 0.330ms returns FALSE
T5FB0 053:637.404 JLINK_IsHalted()
T5FB0 053:637.676 - 0.271ms returns FALSE
TE8C4 053:681.640 JLINK_IsHalted()
TE8C4 053:681.976 - 0.341ms returns FALSE
TE8C4 053:682.028 JLINK_IsHalted()
TE8C4 053:682.248 - 0.217ms returns FALSE
TE8C4 053:791.384 JLINK_IsHalted()
TE8C4 053:791.848 - 0.461ms returns FALSE
TE8C4 053:791.928 JLINK_IsHalted()
TE8C4 053:792.204 - 0.271ms returns FALSE
TE8C4 053:900.640 JLINK_IsHalted()
TE8C4 053:901.112 - 0.476ms returns FALSE
TE8C4 053:901.224 JLINK_IsHalted()
TE8C4 053:901.664 - 0.437ms returns FALSE
TE8C4 054:009.768 JLINK_IsHalted()
TE8C4 054:010.284 - 0.515ms returns FALSE
TE8C4 054:010.400 JLINK_IsHalted()
TE8C4 054:010.796 - 0.397ms returns FALSE
TE8C4 054:118.872 JLINK_IsHalted()
TE8C4 054:119.316 - 0.441ms returns FALSE
TE8C4 054:119.432 JLINK_IsHalted()
TE8C4 054:119.756 - 0.326ms returns FALSE
TE8C4 054:228.064 JLINK_IsHalted()
TE8C4 054:228.460 - 0.391ms returns FALSE
TE8C4 054:228.556 JLINK_IsHalted()
TE8C4 054:228.876 - 0.317ms returns FALSE
TE8C4 054:339.064 JLINK_IsHalted()
TE8C4 054:339.500 - 0.435ms returns FALSE
TE8C4 054:339.560 JLINK_IsHalted()
TE8C4 054:339.884 - 0.323ms returns FALSE
TE8C4 054:446.808 JLINK_IsHalted()
TE8C4 054:447.192 - 0.383ms returns FALSE
TE8C4 054:447.288 JLINK_IsHalted()
TE8C4 054:447.608 - 0.315ms returns FALSE
TE8C4 054:557.152 JLINK_IsHalted()
TE8C4 054:557.580 - 0.428ms returns FALSE
TE8C4 054:557.652 JLINK_IsHalted()
TE8C4 054:557.920 - 0.270ms returns FALSE
T5FB0 054:640.468 JLINK_IsHalted()
T5FB0 054:640.884 - 0.416ms returns FALSE
T5FB0 054:640.952 JLINK_IsHalted()
T5FB0 054:641.312 - 0.358ms returns FALSE
TE8C4 054:665.772 JLINK_IsHalted()
TE8C4 054:666.272 - 0.498ms returns FALSE
TE8C4 054:666.368 JLINK_IsHalted()
TE8C4 054:666.888 - 0.518ms returns FALSE
TE8C4 054:775.700 JLINK_IsHalted()
TE8C4 054:776.312 - 0.614ms returns FALSE
TE8C4 054:776.448 JLINK_IsHalted()
TE8C4 054:776.824 - 0.377ms returns FALSE
TE8C4 054:884.712 JLINK_IsHalted()
TE8C4 054:885.128 - 0.418ms returns FALSE
TE8C4 054:885.236 JLINK_IsHalted()
TE8C4 054:885.560 - 0.324ms returns FALSE
TE8C4 054:994.420 JLINK_IsHalted()
TE8C4 054:995.060 - 0.638ms returns FALSE
TE8C4 054:995.200 JLINK_IsHalted()
TE8C4 054:995.636 - 0.434ms returns FALSE
TE8C4 055:103.444 JLINK_IsHalted()
TE8C4 055:103.944 - 0.499ms returns FALSE
TE8C4 055:104.224 JLINK_IsHalted()
TE8C4 055:104.736 - 0.513ms returns FALSE
TE8C4 055:212.660 JLINK_IsHalted()
TE8C4 055:213.260 - 0.596ms returns FALSE
TE8C4 055:213.440 JLINK_IsHalted()
TE8C4 055:213.944 - 0.503ms returns FALSE
TE8C4 055:322.196 JLINK_IsHalted()
TE8C4 055:322.664 - 0.466ms returns FALSE
TE8C4 055:322.732 JLINK_IsHalted()
TE8C4 055:323.080 - 0.345ms returns FALSE
TE8C4 055:432.104 JLINK_IsHalted()
TE8C4 055:432.768 - 0.669ms returns FALSE
TE8C4 055:432.936 JLINK_IsHalted()
TE8C4 055:433.580 - 0.640ms returns FALSE
TE8C4 055:541.112 JLINK_IsHalted()
TE8C4 055:541.592 - 0.477ms returns FALSE
TE8C4 055:541.664 JLINK_IsHalted()
TE8C4 055:541.984 - 0.321ms returns FALSE
T5FB0 055:642.700 JLINK_IsHalted()
T5FB0 055:643.104 - 0.407ms returns FALSE
T5FB0 055:643.156 JLINK_IsHalted()
T5FB0 055:643.468 - 0.314ms returns FALSE
TE8C4 055:650.356 JLINK_IsHalted()
TE8C4 055:650.776 - 0.420ms returns FALSE
TE8C4 055:650.848 JLINK_IsHalted()
TE8C4 055:651.136 - 0.284ms returns FALSE
TE8C4 055:759.796 JLINK_IsHalted()
TE8C4 055:760.300 - 0.502ms returns FALSE
TE8C4 055:760.340 JLINK_IsHalted()
TE8C4 055:760.576 - 0.233ms returns FALSE
TE8C4 055:868.564 JLINK_IsHalted()
TE8C4 055:868.872 - 0.309ms returns FALSE
TE8C4 055:868.908 JLINK_IsHalted()
TE8C4 055:869.152 - 0.244ms returns FALSE
TE8C4 055:978.156 JLINK_IsHalted()
TE8C4 055:978.560 - 0.400ms returns FALSE
TE8C4 055:978.624 JLINK_IsHalted()
TE8C4 055:978.892 - 0.269ms returns FALSE
TE8C4 056:089.640 JLINK_IsHalted()
TE8C4 056:090.056 - 0.420ms returns FALSE
TE8C4 056:090.092 JLINK_IsHalted()
TE8C4 056:090.452 - 0.353ms returns FALSE
TE8C4 056:196.852 JLINK_IsHalted()
TE8C4 056:197.196 - 0.349ms returns FALSE
TE8C4 056:197.260 JLINK_IsHalted()
TE8C4 056:197.560 - 0.299ms returns FALSE
TE8C4 056:306.324 JLINK_IsHalted()
TE8C4 056:306.784 - 0.459ms returns FALSE
TE8C4 056:306.848 JLINK_IsHalted()
TE8C4 056:307.224 - 0.376ms returns FALSE
TE8C4 056:416.384 JLINK_IsHalted()
TE8C4 056:416.952 - 0.567ms returns FALSE
TE8C4 056:417.100 JLINK_IsHalted()
TE8C4 056:417.512 - 0.406ms returns FALSE
TE8C4 056:526.088 JLINK_IsHalted()
TE8C4 056:526.504 - 0.415ms returns FALSE
TE8C4 056:526.636 JLINK_IsHalted()
TE8C4 056:526.952 - 0.307ms returns FALSE
TE8C4 056:634.408 JLINK_IsHalted()
TE8C4 056:634.964 - 0.555ms returns FALSE
TE8C4 056:635.080 JLINK_IsHalted()
TE8C4 056:635.488 - 0.406ms returns FALSE
T5FB0 056:644.760 JLINK_IsHalted()
T5FB0 056:645.204 - 0.445ms returns FALSE
T5FB0 056:645.268 JLINK_IsHalted()
T5FB0 056:645.580 - 0.311ms returns FALSE
TE8C4 056:744.128 JLINK_IsHalted()
TE8C4 056:744.568 - 0.436ms returns FALSE
TE8C4 056:744.680 JLINK_IsHalted()
TE8C4 056:745.096 - 0.418ms returns FALSE
TE8C4 056:854.540 JLINK_IsHalted()
TE8C4 056:855.016 - 0.469ms returns FALSE
TE8C4 056:855.104 JLINK_IsHalted()
TE8C4 056:855.436 - 0.333ms returns FALSE
TE8C4 056:963.860 JLINK_IsHalted()
TE8C4 056:964.276 - 0.419ms returns FALSE
TE8C4 056:964.332 JLINK_IsHalted()
TE8C4 056:964.632 - 0.301ms returns FALSE
TE8C4 057:072.588 JLINK_IsHalted()
TE8C4 057:073.068 - 0.477ms returns FALSE
TE8C4 057:073.176 JLINK_IsHalted()
TE8C4 057:073.512 - 0.330ms returns FALSE
TE8C4 057:181.368 JLINK_IsHalted()
TE8C4 057:181.928 - 0.555ms returns FALSE
TE8C4 057:182.036 JLINK_IsHalted()
TE8C4 057:182.380 - 0.341ms returns FALSE
TE8C4 057:290.988 JLINK_IsHalted()
TE8C4 057:291.544 - 0.556ms returns FALSE
TE8C4 057:291.724 JLINK_IsHalted()
TE8C4 057:292.032 - 0.311ms returns FALSE
TE8C4 057:399.784 JLINK_IsHalted()
TE8C4 057:400.288 - 0.502ms returns FALSE
TE8C4 057:400.384 JLINK_IsHalted()
TE8C4 057:400.652 - 0.269ms returns FALSE
TE8C4 057:510.156 JLINK_IsHalted()
TE8C4 057:510.676 - 0.514ms returns FALSE
TE8C4 057:510.772 JLINK_IsHalted()
TE8C4 057:511.124 - 0.352ms returns FALSE
TE8C4 057:618.568 JLINK_IsHalted()
TE8C4 057:618.996 - 0.431ms returns FALSE
TE8C4 057:619.084 JLINK_IsHalted()
TE8C4 057:619.448 - 0.359ms returns FALSE
T5FB0 057:647.776 JLINK_IsHalted()
T5FB0 057:648.168 - 0.392ms returns FALSE
T5FB0 057:648.224 JLINK_IsHalted()
T5FB0 057:648.524 - 0.299ms returns FALSE
TE8C4 057:729.620 JLINK_IsHalted()
TE8C4 057:730.068 - 0.445ms returns FALSE
TE8C4 057:730.168 JLINK_IsHalted()
TE8C4 057:730.612 - 0.438ms returns FALSE
TE8C4 057:837.600 JLINK_IsHalted()
TE8C4 057:838.348 - 0.750ms returns FALSE
TE8C4 057:838.420 JLINK_IsHalted()
TE8C4 057:839.128 - 0.708ms returns FALSE
TE8C4 057:946.988 JLINK_IsHalted()
TE8C4 057:947.400 - 0.409ms returns FALSE
TE8C4 057:947.468 JLINK_IsHalted()
TE8C4 057:947.736 - 0.269ms returns FALSE
TE8C4 058:056.788 JLINK_IsHalted()
TE8C4 058:057.208 - 0.426ms returns FALSE
TE8C4 058:057.280 JLINK_IsHalted()
TE8C4 058:057.556 - 0.274ms returns FALSE
TE8C4 058:166.104 JLINK_IsHalted()
TE8C4 058:166.540 - 0.433ms returns FALSE
TE8C4 058:166.636 JLINK_IsHalted()
TE8C4 058:166.976 - 0.336ms returns FALSE
TE8C4 058:275.240 JLINK_IsHalted()
TE8C4 058:275.616 - 0.380ms returns FALSE
TE8C4 058:275.712 JLINK_IsHalted()
TE8C4 058:276.044 - 0.333ms returns FALSE
TE8C4 058:384.820 JLINK_IsHalted()
TE8C4 058:385.720 - 0.900ms returns FALSE
TE8C4 058:385.844 JLINK_IsHalted()
TE8C4 058:386.220 - 0.378ms returns FALSE
TE8C4 058:494.188 JLINK_IsHalted()
TE8C4 058:494.580 - 0.390ms returns FALSE
TE8C4 058:494.656 JLINK_IsHalted()
TE8C4 058:494.936 - 0.281ms returns FALSE
TE8C4 058:603.272 JLINK_IsHalted()
TE8C4 058:603.752 - 0.477ms returns FALSE
TE8C4 058:603.848 JLINK_IsHalted()
TE8C4 058:604.136 - 0.290ms returns FALSE
T5FB0 058:648.760 JLINK_IsHalted()
T5FB0 058:649.164 - 0.400ms returns FALSE
T5FB0 058:649.272 JLINK_IsHalted()
T5FB0 058:649.588 - 0.311ms returns FALSE
TE8C4 058:712.584 JLINK_IsHalted()
TE8C4 058:713.036 - 0.452ms returns FALSE
TE8C4 058:713.132 JLINK_IsHalted()
TE8C4 058:713.464 - 0.330ms returns FALSE
TE8C4 058:822.048 JLINK_IsHalted()
TE8C4 058:822.600 - 0.548ms returns FALSE
TE8C4 058:822.760 JLINK_IsHalted()
TE8C4 058:823.148 - 0.390ms returns FALSE
TE8C4 058:932.256 JLINK_IsHalted()
TE8C4 058:932.692 - 0.436ms returns FALSE
TE8C4 058:932.792 JLINK_IsHalted()
TE8C4 058:933.132 - 0.342ms returns FALSE
TE8C4 059:041.768 JLINK_IsHalted()
TE8C4 059:042.136 - 0.370ms returns FALSE
TE8C4 059:042.184 JLINK_IsHalted()
TE8C4 059:042.496 - 0.316ms returns FALSE
TE8C4 059:150.348 JLINK_IsHalted()
TE8C4 059:150.804 - 0.457ms returns FALSE
TE8C4 059:150.912 JLINK_IsHalted()
TE8C4 059:151.232 - 0.321ms returns FALSE
TE8C4 059:259.456 JLINK_IsHalted()
TE8C4 059:259.904 - 0.446ms returns FALSE
TE8C4 059:260.040 JLINK_IsHalted()
TE8C4 059:260.312 - 0.272ms returns FALSE
TE8C4 059:368.628 JLINK_IsHalted()
TE8C4 059:368.992 - 0.365ms returns FALSE
TE8C4 059:369.112 JLINK_IsHalted()
TE8C4 059:369.512 - 0.400ms returns FALSE
TE8C4 059:478.240 JLINK_IsHalted()
TE8C4 059:478.656 - 0.412ms returns FALSE
TE8C4 059:478.752 JLINK_IsHalted()
TE8C4 059:479.116 - 0.365ms returns FALSE
TE8C4 059:588.120 JLINK_IsHalted()
TE8C4 059:588.536 - 0.417ms returns FALSE
TE8C4 059:588.576 JLINK_IsHalted()
TE8C4 059:588.812 - 0.234ms returns FALSE
T5FB0 059:650.188 JLINK_IsHalted()
T5FB0 059:650.592 - 0.399ms returns FALSE
T5FB0 059:650.680 JLINK_IsHalted()
T5FB0 059:651.028 - 0.341ms returns FALSE
TE8C4 059:697.612 JLINK_IsHalted()
TE8C4 059:698.056 - 0.437ms returns FALSE
TE8C4 059:698.152 JLINK_IsHalted()
TE8C4 059:698.476 - 0.321ms returns FALSE
TE8C4 059:806.720 JLINK_IsHalted()
TE8C4 059:807.168 - 0.452ms returns FALSE
TE8C4 059:807.264 JLINK_IsHalted()
TE8C4 059:807.596 - 0.330ms returns FALSE
TE8C4 059:915.596 JLINK_IsHalted()
TE8C4 059:916.032 - 0.430ms returns FALSE
TE8C4 059:916.136 JLINK_IsHalted()
TE8C4 059:916.436 - 0.299ms returns FALSE
TE8C4 060:025.268 JLINK_IsHalted()
TE8C4 060:025.632 - 0.358ms returns FALSE
TE8C4 060:025.728 JLINK_IsHalted()
TE8C4 060:026.056 - 0.330ms returns FALSE
TE8C4 060:134.536 JLINK_IsHalted()
TE8C4 060:134.912 - 0.378ms returns FALSE
TE8C4 060:135.000 JLINK_IsHalted()
TE8C4 060:135.328 - 0.330ms returns FALSE
TE8C4 060:244.344 JLINK_IsHalted()
TE8C4 060:244.812 - 0.472ms returns FALSE
TE8C4 060:244.908 JLINK_IsHalted()
TE8C4 060:245.236 - 0.325ms returns FALSE
TE8C4 060:353.716 JLINK_IsHalted()
TE8C4 060:354.676 - 0.962ms returns FALSE
TE8C4 060:354.732 JLINK_IsHalted()
TE8C4 060:355.016 - 0.284ms returns FALSE
TE8C4 060:462.432 JLINK_IsHalted()
TE8C4 060:462.860 - 0.430ms returns FALSE
TE8C4 060:462.924 JLINK_IsHalted()
TE8C4 060:463.208 - 0.280ms returns FALSE
TE8C4 060:572.384 JLINK_IsHalted()
TE8C4 060:572.728 - 0.348ms returns FALSE
TE8C4 060:572.832 JLINK_IsHalted()
TE8C4 060:573.160 - 0.329ms returns FALSE
T5FB0 060:652.608 JLINK_IsHalted()
T5FB0 060:653.004 - 0.391ms returns FALSE
T5FB0 060:653.088 JLINK_IsHalted()
T5FB0 060:653.364 - 0.279ms returns FALSE
TE8C4 060:681.184 JLINK_IsHalted()
TE8C4 060:681.624 - 0.438ms returns FALSE
TE8C4 060:681.684 JLINK_IsHalted()
TE8C4 060:681.976 - 0.290ms returns FALSE
TE8C4 060:791.304 JLINK_IsHalted()
TE8C4 060:791.752 - 0.447ms returns FALSE
TE8C4 060:791.852 JLINK_IsHalted()
TE8C4 060:792.172 - 0.318ms returns FALSE
TE8C4 060:900.748 JLINK_IsHalted()
TE8C4 060:901.292 - 0.540ms returns FALSE
TE8C4 060:901.428 JLINK_IsHalted()
TE8C4 060:901.896 - 0.468ms returns FALSE
TE8C4 061:009.900 JLINK_IsHalted()
TE8C4 061:010.392 - 0.493ms returns FALSE
TE8C4 061:010.488 JLINK_IsHalted()
TE8C4 061:010.872 - 0.385ms returns FALSE
TE8C4 061:118.664 JLINK_IsHalted()
TE8C4 061:119.080 - 0.419ms returns FALSE
TE8C4 061:119.148 JLINK_IsHalted()
TE8C4 061:119.432 - 0.280ms returns FALSE
TE8C4 061:228.184 JLINK_IsHalted()
TE8C4 061:228.812 - 0.625ms returns FALSE
TE8C4 061:228.936 JLINK_IsHalted()
TE8C4 061:229.280 - 0.346ms returns FALSE
TE8C4 061:338.004 JLINK_IsHalted()
TE8C4 061:338.376 - 0.376ms returns FALSE
TE8C4 061:338.420 JLINK_IsHalted()
TE8C4 061:338.656 - 0.236ms returns FALSE
TE8C4 061:447.092 JLINK_IsHalted()
TE8C4 061:447.500 - 0.412ms returns FALSE
TE8C4 061:447.604 JLINK_IsHalted()
TE8C4 061:447.924 - 0.320ms returns FALSE
TE8C4 061:556.468 JLINK_IsHalted()
TE8C4 061:556.904 - 0.437ms returns FALSE
TE8C4 061:556.960 JLINK_IsHalted()
TE8C4 061:557.288 - 0.323ms returns FALSE
T5FB0 061:655.476 JLINK_IsHalted()
T5FB0 061:655.880 - 0.398ms returns FALSE
T5FB0 061:655.988 JLINK_IsHalted()
T5FB0 061:656.300 - 0.311ms returns FALSE
TE8C4 061:665.516 JLINK_IsHalted()
TE8C4 061:665.896 - 0.375ms returns FALSE
TE8C4 061:665.952 JLINK_IsHalted()
TE8C4 061:666.232 - 0.278ms returns FALSE
TE8C4 061:774.892 JLINK_IsHalted()
TE8C4 061:775.276 - 0.380ms returns FALSE
TE8C4 061:775.336 JLINK_IsHalted()
TE8C4 061:775.560 - 0.225ms returns FALSE
TE8C4 061:884.224 JLINK_IsHalted()
TE8C4 061:884.632 - 0.408ms returns FALSE
TE8C4 061:884.736 JLINK_IsHalted()
TE8C4 061:885.068 - 0.334ms returns FALSE
TE8C4 061:994.036 JLINK_IsHalted()
TE8C4 061:994.552 - 0.520ms returns FALSE
TE8C4 061:994.688 JLINK_IsHalted()
TE8C4 061:995.096 - 0.407ms returns FALSE
TE8C4 062:103.852 JLINK_IsHalted()
TE8C4 062:104.236 - 0.385ms returns FALSE
TE8C4 062:104.296 JLINK_IsHalted()
TE8C4 062:104.704 - 0.407ms returns FALSE
TE8C4 062:212.288 JLINK_IsHalted()
TE8C4 062:212.776 - 0.483ms returns FALSE
TE8C4 062:212.844 JLINK_IsHalted()
TE8C4 062:213.208 - 0.365ms returns FALSE
TE8C4 062:322.168 JLINK_IsHalted()
TE8C4 062:322.636 - 0.464ms returns FALSE
TE8C4 062:322.720 JLINK_IsHalted()
TE8C4 062:323.052 - 0.336ms returns FALSE
TE8C4 062:431.968 JLINK_IsHalted()
TE8C4 062:432.448 - 0.482ms returns FALSE
TE8C4 062:432.536 JLINK_IsHalted()
TE8C4 062:432.872 - 0.334ms returns FALSE
TE8C4 062:540.524 JLINK_IsHalted()
TE8C4 062:540.936 - 0.411ms returns FALSE
TE8C4 062:541.004 JLINK_IsHalted()
TE8C4 062:541.288 - 0.280ms returns FALSE
TE8C4 062:650.600 JLINK_IsHalted()
TE8C4 062:651.896 - 1.298ms returns FALSE
TE8C4 062:652.020 JLINK_IsHalted()
TE8C4 062:652.340 - 0.315ms returns FALSE
T5FB0 062:657.832 JLINK_IsHalted()
T5FB0 062:658.144 - 0.317ms returns FALSE
T5FB0 062:658.200 JLINK_IsHalted()
T5FB0 062:658.504 - 0.300ms returns FALSE
TE8C4 062:759.808 JLINK_IsHalted()
TE8C4 062:760.256 - 0.451ms returns FALSE
TE8C4 062:760.364 JLINK_IsHalted()
TE8C4 062:760.664 - 0.302ms returns FALSE
TE8C4 062:869.408 JLINK_IsHalted()
TE8C4 062:869.908 - 0.496ms returns FALSE
TE8C4 062:869.996 JLINK_IsHalted()
TE8C4 062:870.344 - 0.344ms returns FALSE
TE8C4 062:978.240 JLINK_IsHalted()
TE8C4 062:978.656 - 0.417ms returns FALSE
TE8C4 062:978.764 JLINK_IsHalted()
TE8C4 062:979.064 - 0.295ms returns FALSE
TE8C4 063:087.820 JLINK_IsHalted()
TE8C4 063:088.212 - 0.393ms returns FALSE
TE8C4 063:088.328 JLINK_IsHalted()
TE8C4 063:088.620 - 0.298ms returns FALSE
TE8C4 063:197.524 JLINK_IsHalted()
TE8C4 063:197.960 - 0.433ms returns FALSE
TE8C4 063:198.072 JLINK_IsHalted()
TE8C4 063:198.420 - 0.344ms returns FALSE
TE8C4 063:307.576 JLINK_IsHalted()
TE8C4 063:307.928 - 0.353ms returns FALSE
TE8C4 063:308.012 JLINK_IsHalted()
TE8C4 063:308.276 - 0.262ms returns FALSE
TE8C4 063:416.064 JLINK_IsHalted()
TE8C4 063:416.524 - 0.464ms returns FALSE
TE8C4 063:416.616 JLINK_IsHalted()
TE8C4 063:416.952 - 0.333ms returns FALSE
TE8C4 063:525.464 JLINK_IsHalted()
TE8C4 063:525.928 - 0.460ms returns FALSE
TE8C4 063:525.996 JLINK_IsHalted()
TE8C4 063:526.380 - 0.379ms returns FALSE
TE8C4 063:634.988 JLINK_IsHalted()
TE8C4 063:635.412 - 0.424ms returns FALSE
TE8C4 063:635.488 JLINK_IsHalted()
TE8C4 063:635.768 - 0.280ms returns FALSE
T5FB0 063:659.008 JLINK_IsHalted()
T5FB0 063:659.368 - 0.355ms returns FALSE
T5FB0 063:659.412 JLINK_IsHalted()
T5FB0 063:659.720 - 0.308ms returns FALSE
TE8C4 063:744.504 JLINK_IsHalted()
TE8C4 063:744.968 - 0.458ms returns FALSE
TE8C4 063:745.024 JLINK_IsHalted()
TE8C4 063:745.312 - 0.286ms returns FALSE
TE8C4 063:853.184 JLINK_IsHalted()
TE8C4 063:853.608 - 0.423ms returns FALSE
TE8C4 063:853.684 JLINK_IsHalted()
TE8C4 063:853.952 - 0.274ms returns FALSE
TE8C4 063:962.976 JLINK_IsHalted()
TE8C4 063:963.528 - 0.548ms returns FALSE
TE8C4 063:963.640 JLINK_IsHalted()
TE8C4 063:964.008 - 0.362ms returns FALSE
TE8C4 064:072.044 JLINK_IsHalted()
TE8C4 064:072.460 - 0.414ms returns FALSE
TE8C4 064:072.552 JLINK_IsHalted()
TE8C4 064:072.800 - 0.247ms returns FALSE
TE8C4 064:181.784 JLINK_IsHalted()
TE8C4 064:182.228 - 0.437ms returns FALSE
TE8C4 064:182.324 JLINK_IsHalted()
TE8C4 064:182.720 - 0.400ms returns FALSE
TE8C4 064:291.128 JLINK_IsHalted()
TE8C4 064:291.456 - 0.325ms returns FALSE
TE8C4 064:291.544 JLINK_IsHalted()
TE8C4 064:291.808 - 0.258ms returns FALSE
TE8C4 064:399.968 JLINK_IsHalted()
TE8C4 064:400.424 - 0.449ms returns FALSE
TE8C4 064:400.588 JLINK_IsHalted()
TE8C4 064:401.076 - 0.482ms returns FALSE
TE8C4 064:509.384 JLINK_IsHalted()
TE8C4 064:509.868 - 0.486ms returns FALSE
TE8C4 064:509.964 JLINK_IsHalted()
TE8C4 064:510.292 - 0.329ms returns FALSE
TE8C4 064:618.804 JLINK_IsHalted()
TE8C4 064:619.168 - 0.365ms returns FALSE
TE8C4 064:619.316 JLINK_IsHalted()
TE8C4 064:619.692 - 0.378ms returns FALSE
T5FB0 064:660.888 JLINK_IsHalted()
T5FB0 064:661.288 - 0.397ms returns FALSE
T5FB0 064:661.356 JLINK_IsHalted()
T5FB0 064:661.640 - 0.279ms returns FALSE
TE8C4 064:728.404 JLINK_IsHalted()
TE8C4 064:728.968 - 0.559ms returns FALSE
TE8C4 064:729.064 JLINK_IsHalted()
TE8C4 064:729.428 - 0.366ms returns FALSE
TE8C4 064:837.772 JLINK_IsHalted()
TE8C4 064:838.248 - 0.471ms returns FALSE
TE8C4 064:838.344 JLINK_IsHalted()
TE8C4 064:838.632 - 0.286ms returns FALSE
TE8C4 064:948.128 JLINK_IsHalted()
TE8C4 064:948.672 - 0.546ms returns FALSE
TE8C4 064:948.820 JLINK_IsHalted()
TE8C4 064:949.324 - 0.502ms returns FALSE
TE8C4 065:056.876 JLINK_IsHalted()
TE8C4 065:057.356 - 0.483ms returns FALSE
TE8C4 065:057.428 JLINK_IsHalted()
TE8C4 065:057.684 - 0.255ms returns FALSE
TE8C4 065:165.864 JLINK_IsHalted()
TE8C4 065:166.324 - 0.460ms returns FALSE
TE8C4 065:166.420 JLINK_IsHalted()
TE8C4 065:166.744 - 0.322ms returns FALSE
TE8C4 065:275.340 JLINK_IsHalted()
TE8C4 065:275.752 - 0.408ms returns FALSE
TE8C4 065:275.848 JLINK_IsHalted()
TE8C4 065:276.160 - 0.308ms returns FALSE
TE8C4 065:385.004 JLINK_IsHalted()
TE8C4 065:385.384 - 0.378ms returns FALSE
TE8C4 065:385.496 JLINK_IsHalted()
TE8C4 065:385.812 - 0.308ms returns FALSE
TE8C4 065:494.360 JLINK_IsHalted()
TE8C4 065:494.784 - 0.427ms returns FALSE
TE8C4 065:494.880 JLINK_IsHalted()
TE8C4 065:495.220 - 0.338ms returns FALSE
TE8C4 065:603.160 JLINK_IsHalted()
TE8C4 065:604.376 - 1.217ms returns FALSE
TE8C4 065:604.500 JLINK_IsHalted()
TE8C4 065:604.768 - 0.266ms returns FALSE
T5FB0 065:662.380 JLINK_IsHalted()
T5FB0 065:662.796 - 0.414ms returns FALSE
T5FB0 065:662.868 JLINK_IsHalted()
T5FB0 065:663.148 - 0.277ms returns FALSE
TE8C4 065:713.068 JLINK_IsHalted()
TE8C4 065:713.524 - 0.453ms returns FALSE
TE8C4 065:713.580 JLINK_IsHalted()
TE8C4 065:713.880 - 0.302ms returns FALSE
TE8C4 065:822.124 JLINK_IsHalted()
TE8C4 065:822.580 - 0.457ms returns FALSE
TE8C4 065:822.656 JLINK_IsHalted()
TE8C4 065:823.016 - 0.361ms returns FALSE
TE8C4 065:932.032 JLINK_IsHalted()
TE8C4 065:932.448 - 0.411ms returns FALSE
TE8C4 065:932.552 JLINK_IsHalted()
TE8C4 065:932.856 - 0.303ms returns FALSE
TE8C4 066:040.728 JLINK_IsHalted()
TE8C4 066:041.172 - 0.439ms returns FALSE
TE8C4 066:041.240 JLINK_IsHalted()
TE8C4 066:041.592 - 0.350ms returns FALSE
TE8C4 066:149.880 JLINK_IsHalted()
TE8C4 066:150.280 - 0.400ms returns FALSE
TE8C4 066:150.380 JLINK_IsHalted()
TE8C4 066:150.696 - 0.317ms returns FALSE
TE8C4 066:259.316 JLINK_IsHalted()
TE8C4 066:259.704 - 0.389ms returns FALSE
TE8C4 066:259.784 JLINK_IsHalted()
TE8C4 066:260.148 - 0.363ms returns FALSE
TE8C4 066:368.724 JLINK_IsHalted()
TE8C4 066:369.100 - 0.373ms returns FALSE
TE8C4 066:369.160 JLINK_IsHalted()
TE8C4 066:369.448 - 0.286ms returns FALSE
TE8C4 066:478.664 JLINK_IsHalted()
TE8C4 066:479.048 - 0.379ms returns FALSE
TE8C4 066:479.104 JLINK_IsHalted()
TE8C4 066:479.316 - 0.215ms returns FALSE
TE8C4 066:588.852 JLINK_IsHalted()
TE8C4 066:589.240 - 0.390ms returns FALSE
TE8C4 066:589.320 JLINK_IsHalted()
TE8C4 066:589.592 - 0.277ms returns FALSE
T5FB0 066:664.308 JLINK_IsHalted()
T5FB0 066:666.388 - 2.081ms returns FALSE
T5FB0 066:666.472 JLINK_IsHalted()
T5FB0 066:666.708 - 0.235ms returns FALSE
TE8C4 066:696.968 JLINK_IsHalted()
TE8C4 066:697.304 - 0.336ms returns FALSE
TE8C4 066:697.344 JLINK_IsHalted()
TE8C4 066:697.644 - 0.298ms returns FALSE
TE8C4 066:806.868 JLINK_IsHalted()
TE8C4 066:807.380 - 0.507ms returns FALSE
TE8C4 066:807.520 JLINK_IsHalted()
TE8C4 066:807.860 - 0.339ms returns FALSE
TE8C4 066:916.408 JLINK_IsHalted()
TE8C4 066:916.980 - 0.568ms returns FALSE
TE8C4 066:917.144 JLINK_IsHalted()
TE8C4 066:917.588 - 0.438ms returns FALSE
TE8C4 067:025.012 JLINK_IsHalted()
TE8C4 067:025.512 - 0.493ms returns FALSE
TE8C4 067:025.620 JLINK_IsHalted()
TE8C4 067:025.932 - 0.313ms returns FALSE
TE8C4 067:134.416 JLINK_IsHalted()
TE8C4 067:134.840 - 0.421ms returns FALSE
TE8C4 067:134.880 JLINK_IsHalted()
TE8C4 067:135.104 - 0.226ms returns FALSE
TE8C4 067:244.464 JLINK_IsHalted()
TE8C4 067:244.808 - 0.348ms returns FALSE
TE8C4 067:244.848 JLINK_IsHalted()
TE8C4 067:245.080 - 0.235ms returns FALSE
TE8C4 067:353.176 JLINK_IsHalted()
TE8C4 067:353.552 - 0.369ms returns FALSE
TE8C4 067:353.640 JLINK_IsHalted()
TE8C4 067:353.968 - 0.333ms returns FALSE
TE8C4 067:462.880 JLINK_IsHalted()
TE8C4 067:463.280 - 0.397ms returns FALSE
TE8C4 067:463.312 JLINK_IsHalted()
TE8C4 067:463.632 - 0.309ms returns FALSE
TE8C4 067:572.392 JLINK_IsHalted()
TE8C4 067:572.880 - 0.494ms returns FALSE
TE8C4 067:572.976 JLINK_IsHalted()
TE8C4 067:573.296 - 0.324ms returns FALSE
T5FB0 067:667.936 JLINK_IsHalted()
T5FB0 067:668.384 - 0.444ms returns FALSE
T5FB0 067:668.464 JLINK_IsHalted()
T5FB0 067:668.720 - 0.252ms returns FALSE
TE8C4 067:681.168 JLINK_IsHalted()
TE8C4 067:681.672 - 0.503ms returns FALSE
TE8C4 067:681.768 JLINK_IsHalted()
TE8C4 067:682.136 - 0.372ms returns FALSE
TE8C4 067:790.448 JLINK_IsHalted()
TE8C4 067:790.808 - 0.363ms returns FALSE
TE8C4 067:790.928 JLINK_IsHalted()
TE8C4 067:791.248 - 0.319ms returns FALSE
TE8C4 067:900.320 JLINK_IsHalted()
TE8C4 067:900.848 - 0.522ms returns FALSE
TE8C4 067:900.928 JLINK_IsHalted()
TE8C4 067:901.328 - 0.402ms returns FALSE
TE8C4 068:009.680 JLINK_IsHalted()
TE8C4 068:010.144 - 0.467ms returns FALSE
TE8C4 068:010.240 JLINK_IsHalted()
TE8C4 068:010.536 - 0.294ms returns FALSE
TE8C4 068:118.648 JLINK_IsHalted()
TE8C4 068:119.088 - 0.436ms returns FALSE
TE8C4 068:119.184 JLINK_IsHalted()
TE8C4 068:119.488 - 0.303ms returns FALSE
TE8C4 068:228.704 JLINK_IsHalted()
TE8C4 068:229.296 - 0.595ms returns FALSE
TE8C4 068:229.392 JLINK_IsHalted()
TE8C4 068:229.768 - 0.374ms returns FALSE
TE8C4 068:337.616 JLINK_IsHalted()
TE8C4 068:338.400 - 0.788ms returns FALSE
TE8C4 068:338.448 JLINK_IsHalted()
TE8C4 068:338.704 - 0.246ms returns FALSE
TE8C4 068:446.808 JLINK_IsHalted()
TE8C4 068:447.232 - 0.420ms returns FALSE
TE8C4 068:447.304 JLINK_IsHalted()
TE8C4 068:447.672 - 0.369ms returns FALSE
TE8C4 068:557.200 JLINK_IsHalted()
TE8C4 068:557.680 - 0.481ms returns FALSE
TE8C4 068:557.800 JLINK_IsHalted()
TE8C4 068:558.104 - 0.305ms returns FALSE
TE8C4 068:665.616 JLINK_IsHalted()
TE8C4 068:666.152 - 0.534ms returns FALSE
TE8C4 068:666.320 JLINK_IsHalted()
TE8C4 068:666.712 - 0.391ms returns FALSE
T5FB0 068:670.288 JLINK_IsHalted()
T5FB0 068:670.648 - 0.360ms returns FALSE
T5FB0 068:670.736 JLINK_IsHalted()
T5FB0 068:670.992 - 0.259ms returns FALSE
TE8C4 068:775.784 JLINK_IsHalted()
TE8C4 068:776.208 - 0.426ms returns FALSE
TE8C4 068:776.272 JLINK_IsHalted()
TE8C4 068:776.584 - 0.302ms returns FALSE
TE8C4 068:884.624 JLINK_IsHalted()
TE8C4 068:885.024 - 0.404ms returns FALSE
TE8C4 068:885.096 JLINK_IsHalted()
TE8C4 068:885.368 - 0.277ms returns FALSE
TE8C4 068:994.224 JLINK_IsHalted()
TE8C4 068:994.816 - 0.594ms returns FALSE
TE8C4 068:994.952 JLINK_IsHalted()
TE8C4 068:995.304 - 0.353ms returns FALSE
TE8C4 069:103.824 JLINK_IsHalted()
TE8C4 069:104.240 - 0.420ms returns FALSE
TE8C4 069:104.376 JLINK_IsHalted()
TE8C4 069:104.824 - 0.446ms returns FALSE
TE8C4 069:213.104 JLINK_IsHalted()
TE8C4 069:213.496 - 0.391ms returns FALSE
TE8C4 069:213.608 JLINK_IsHalted()
TE8C4 069:213.992 - 0.386ms returns FALSE
TE8C4 069:322.304 JLINK_IsHalted()
TE8C4 069:322.760 - 0.451ms returns FALSE
TE8C4 069:322.912 JLINK_IsHalted()
TE8C4 069:323.296 - 0.382ms returns FALSE
TE8C4 069:431.880 JLINK_IsHalted()
TE8C4 069:432.232 - 0.349ms returns FALSE
TE8C4 069:432.336 JLINK_IsHalted()
TE8C4 069:432.656 - 0.322ms returns FALSE
TE8C4 069:540.872 JLINK_IsHalted()
TE8C4 069:541.272 - 0.403ms returns FALSE
TE8C4 069:541.352 JLINK_IsHalted()
TE8C4 069:541.640 - 0.284ms returns FALSE
TE8C4 069:650.432 JLINK_IsHalted()
TE8C4 069:650.968 - 0.538ms returns FALSE
TE8C4 069:651.080 JLINK_IsHalted()
TE8C4 069:651.488 - 0.409ms returns FALSE
T5FB0 069:673.064 JLINK_IsHalted()
T5FB0 069:673.424 - 0.369ms returns FALSE
T5FB0 069:673.488 JLINK_IsHalted()
T5FB0 069:673.784 - 0.295ms returns FALSE
TE8C4 069:759.344 JLINK_IsHalted()
TE8C4 069:759.864 - 0.520ms returns FALSE
TE8C4 069:759.960 JLINK_IsHalted()
TE8C4 069:760.304 - 0.341ms returns FALSE
TE8C4 069:868.792 JLINK_IsHalted()
TE8C4 069:869.200 - 0.409ms returns FALSE
TE8C4 069:869.288 JLINK_IsHalted()
TE8C4 069:869.552 - 0.262ms returns FALSE
TE8C4 069:978.512 JLINK_IsHalted()
TE8C4 069:978.848 - 0.339ms returns FALSE
TE8C4 069:978.896 JLINK_IsHalted()
TE8C4 069:979.136 - 0.241ms returns FALSE
TE8C4 070:088.288 JLINK_IsHalted()
TE8C4 070:088.728 - 0.437ms returns FALSE
TE8C4 070:088.784 JLINK_IsHalted()
TE8C4 070:089.072 - 0.279ms returns FALSE
TE8C4 070:197.232 JLINK_IsHalted()
TE8C4 070:197.784 - 0.551ms returns FALSE
TE8C4 070:197.888 JLINK_IsHalted()
TE8C4 070:198.288 - 0.400ms returns FALSE
TE8C4 070:306.416 JLINK_IsHalted()
TE8C4 070:306.864 - 0.449ms returns FALSE
TE8C4 070:306.960 JLINK_IsHalted()
TE8C4 070:307.312 - 0.345ms returns FALSE
TE8C4 070:415.712 JLINK_IsHalted()
TE8C4 070:416.400 - 0.683ms returns FALSE
TE8C4 070:416.552 JLINK_IsHalted()
TE8C4 070:416.984 - 0.430ms returns FALSE
TE8C4 070:524.936 JLINK_IsHalted()
TE8C4 070:525.392 - 0.458ms returns FALSE
TE8C4 070:525.528 JLINK_IsHalted()
TE8C4 070:525.864 - 0.333ms returns FALSE
TE8C4 070:634.848 JLINK_IsHalted()
TE8C4 070:635.216 - 0.374ms returns FALSE
TE8C4 070:635.280 JLINK_IsHalted()
TE8C4 070:635.560 - 0.278ms returns FALSE
T5FB0 070:675.152 JLINK_IsHalted()
T5FB0 070:675.560 - 0.411ms returns FALSE
T5FB0 070:675.624 JLINK_IsHalted()
T5FB0 070:675.920 - 0.296ms returns FALSE
TE8C4 070:744.272 JLINK_IsHalted()
TE8C4 070:744.704 - 0.431ms returns FALSE
TE8C4 070:744.800 JLINK_IsHalted()
TE8C4 070:745.112 - 0.312ms returns FALSE
TE8C4 070:853.264 JLINK_IsHalted()
TE8C4 070:853.736 - 0.472ms returns FALSE
TE8C4 070:854.200 JLINK_IsHalted()
TE8C4 070:855.176 - 0.972ms returns FALSE
TE8C4 070:963.032 JLINK_IsHalted()
TE8C4 070:963.536 - 0.504ms returns FALSE
TE8C4 070:963.704 JLINK_IsHalted()
TE8C4 070:964.144 - 0.438ms returns FALSE
TE8C4 071:072.176 JLINK_IsHalted()
TE8C4 071:072.544 - 0.365ms returns FALSE
TE8C4 071:072.640 JLINK_IsHalted()
TE8C4 071:072.896 - 0.255ms returns FALSE
TE8C4 071:181.328 JLINK_IsHalted()
TE8C4 071:181.736 - 0.403ms returns FALSE
TE8C4 071:181.840 JLINK_IsHalted()
TE8C4 071:182.168 - 0.323ms returns FALSE
TE8C4 071:290.816 JLINK_IsHalted()
TE8C4 071:291.272 - 0.458ms returns FALSE
TE8C4 071:291.416 JLINK_IsHalted()
TE8C4 071:291.728 - 0.318ms returns FALSE
TE8C4 071:400.760 JLINK_IsHalted()
TE8C4 071:401.184 - 0.426ms returns FALSE
TE8C4 071:401.288 JLINK_IsHalted()
TE8C4 071:401.608 - 0.316ms returns FALSE
TE8C4 071:509.736 JLINK_IsHalted()
TE8C4 071:510.136 - 0.403ms returns FALSE
TE8C4 071:510.224 JLINK_IsHalted()
TE8C4 071:510.576 - 0.352ms returns FALSE
TE8C4 071:618.648 JLINK_IsHalted()
TE8C4 071:619.152 - 0.507ms returns FALSE
TE8C4 071:619.296 JLINK_IsHalted()
TE8C4 071:619.648 - 0.353ms returns FALSE
T5FB0 071:678.136 JLINK_IsHalted()
T5FB0 071:678.520 - 0.387ms returns FALSE
T5FB0 071:678.584 JLINK_IsHalted()
T5FB0 071:678.864 - 0.280ms returns FALSE
TE8C4 071:728.832 JLINK_IsHalted()
TE8C4 071:729.288 - 0.449ms returns FALSE
TE8C4 071:729.384 JLINK_IsHalted()
TE8C4 071:729.704 - 0.322ms returns FALSE
TE8C4 071:837.576 JLINK_IsHalted()
TE8C4 071:838.640 - 1.069ms returns FALSE
TE8C4 071:838.704 JLINK_IsHalted()
TE8C4 071:839.000 - 0.302ms returns FALSE
TE8C4 071:946.816 JLINK_IsHalted()
TE8C4 071:947.408 - 0.592ms returns FALSE
TE8C4 071:947.504 JLINK_IsHalted()
TE8C4 071:947.840 - 0.335ms returns FALSE
TE8C4 072:056.472 JLINK_IsHalted()
TE8C4 072:057.072 - 0.594ms returns FALSE
TE8C4 072:057.248 JLINK_IsHalted()
TE8C4 072:057.664 - 0.419ms returns FALSE
TE8C4 072:165.664 JLINK_IsHalted()
TE8C4 072:166.304 - 0.637ms returns FALSE
TE8C4 072:166.456 JLINK_IsHalted()
TE8C4 072:166.800 - 0.335ms returns FALSE
TE8C4 072:275.224 JLINK_IsHalted()
TE8C4 072:275.744 - 0.515ms returns FALSE
TE8C4 072:275.840 JLINK_IsHalted()
TE8C4 072:276.152 - 0.315ms returns FALSE
TE8C4 072:384.240 JLINK_IsHalted()
TE8C4 072:384.816 - 0.581ms returns FALSE
TE8C4 072:384.952 JLINK_IsHalted()
TE8C4 072:385.304 - 0.348ms returns FALSE
TE8C4 072:494.232 JLINK_IsHalted()
TE8C4 072:494.696 - 0.456ms returns FALSE
TE8C4 072:494.840 JLINK_IsHalted()
TE8C4 072:495.224 - 0.383ms returns FALSE
TE8C4 072:603.256 JLINK_IsHalted()
TE8C4 072:603.760 - 0.506ms returns FALSE
TE8C4 072:603.824 JLINK_IsHalted()
TE8C4 072:604.176 - 0.348ms returns FALSE
T5FB0 072:679.928 JLINK_IsHalted()
T5FB0 072:680.464 - 0.536ms returns FALSE
T5FB0 072:680.640 JLINK_IsHalted()
T5FB0 072:680.984 - 0.345ms returns FALSE
TE8C4 072:712.992 JLINK_IsHalted()
TE8C4 072:713.624 - 0.634ms returns FALSE
TE8C4 072:713.872 JLINK_IsHalted()
TE8C4 072:714.360 - 0.489ms returns FALSE
TE8C4 072:822.032 JLINK_IsHalted()
TE8C4 072:822.440 - 0.406ms returns FALSE
TE8C4 072:822.512 JLINK_IsHalted()
TE8C4 072:822.800 - 0.296ms returns FALSE
TE8C4 072:931.432 JLINK_IsHalted()
TE8C4 072:932.016 - 0.587ms returns FALSE
TE8C4 072:932.120 JLINK_IsHalted()
TE8C4 072:932.488 - 0.366ms returns FALSE
TE8C4 073:040.504 JLINK_IsHalted()
TE8C4 073:041.000 - 0.493ms returns FALSE
TE8C4 073:041.112 JLINK_IsHalted()
TE8C4 073:041.496 - 0.383ms returns FALSE
TE8C4 073:150.800 JLINK_IsHalted()
TE8C4 073:151.512 - 0.706ms returns FALSE
TE8C4 073:151.712 JLINK_IsHalted()
TE8C4 073:152.152 - 0.440ms returns FALSE
TE8C4 073:259.408 JLINK_IsHalted()
TE8C4 073:259.920 - 0.516ms returns FALSE
TE8C4 073:260.080 JLINK_IsHalted()
TE8C4 073:260.512 - 0.426ms returns FALSE
TE8C4 073:369.176 JLINK_IsHalted()
TE8C4 073:369.608 - 0.428ms returns FALSE
TE8C4 073:369.704 JLINK_IsHalted()
TE8C4 073:370.032 - 0.324ms returns FALSE
TE8C4 073:478.160 JLINK_IsHalted()
TE8C4 073:478.480 - 0.328ms returns FALSE
TE8C4 073:478.520 JLINK_IsHalted()
TE8C4 073:478.760 - 0.233ms returns FALSE
TE8C4 073:588.048 JLINK_IsHalted()
TE8C4 073:588.528 - 0.480ms returns FALSE
TE8C4 073:588.624 JLINK_IsHalted()
TE8C4 073:589.016 - 0.397ms returns FALSE
T5FB0 073:682.672 JLINK_IsHalted()
T5FB0 073:683.080 - 0.412ms returns FALSE
T5FB0 073:683.152 JLINK_IsHalted()
T5FB0 073:683.440 - 0.291ms returns FALSE
TE8C4 073:696.752 JLINK_IsHalted()
TE8C4 073:697.176 - 0.427ms returns FALSE
TE8C4 073:697.232 JLINK_IsHalted()
TE8C4 073:697.520 - 0.279ms returns FALSE
TE8C4 073:806.504 JLINK_IsHalted()
TE8C4 073:807.032 - 0.529ms returns FALSE
TE8C4 073:807.096 JLINK_IsHalted()
TE8C4 073:807.384 - 0.291ms returns FALSE
TE8C4 073:916.176 JLINK_IsHalted()
TE8C4 073:916.704 - 0.533ms returns FALSE
TE8C4 073:916.752 JLINK_IsHalted()
TE8C4 073:917.040 - 0.293ms returns FALSE
TE8C4 074:025.000 JLINK_IsHalted()
TE8C4 074:025.616 - 0.618ms returns FALSE
TE8C4 074:025.752 JLINK_IsHalted()
TE8C4 074:026.088 - 0.338ms returns FALSE
TE8C4 074:134.752 JLINK_IsHalted()
TE8C4 074:135.152 - 0.397ms returns FALSE
TE8C4 074:135.216 JLINK_IsHalted()
TE8C4 074:135.504 - 0.285ms returns FALSE
TE8C4 074:243.840 JLINK_IsHalted()
TE8C4 074:244.456 - 0.611ms returns FALSE
TE8C4 074:244.656 JLINK_IsHalted()
TE8C4 074:245.064 - 0.409ms returns FALSE
TE8C4 074:353.072 JLINK_IsHalted()
TE8C4 074:353.416 - 0.336ms returns FALSE
TE8C4 074:353.456 JLINK_IsHalted()
TE8C4 074:353.712 - 0.253ms returns FALSE
TE8C4 074:462.440 JLINK_IsHalted()
TE8C4 074:462.880 - 0.437ms returns FALSE
TE8C4 074:462.976 JLINK_IsHalted()
TE8C4 074:463.280 - 0.300ms returns FALSE
TE8C4 074:572.144 JLINK_IsHalted()
TE8C4 074:572.688 - 0.542ms returns FALSE
TE8C4 074:572.872 JLINK_IsHalted()
TE8C4 074:573.344 - 0.473ms returns FALSE
TE8C4 074:682.064 JLINK_IsHalted()
TE8C4 074:682.568 - 0.493ms returns FALSE
TE8C4 074:682.680 JLINK_IsHalted()
TE8C4 074:683.184 - 0.507ms returns FALSE
T5FB0 074:685.152 JLINK_IsHalted()
T5FB0 074:685.656 - 0.503ms returns FALSE
T5FB0 074:685.744 JLINK_IsHalted()
T5FB0 074:686.000 - 0.257ms returns FALSE
TE8C4 074:791.032 JLINK_IsHalted()
TE8C4 074:792.104 - 1.070ms returns FALSE
TE8C4 074:792.168 JLINK_IsHalted()
TE8C4 074:793.952 - 1.781ms returns FALSE
TE8C4 074:900.008 JLINK_IsHalted()
TE8C4 074:900.520 - 0.510ms returns FALSE
TE8C4 074:900.624 JLINK_IsHalted()
TE8C4 074:901.168 - 0.547ms returns FALSE
TE8C4 075:009.432 JLINK_IsHalted()
TE8C4 075:010.112 - 0.675ms returns FALSE
TE8C4 075:010.256 JLINK_IsHalted()
TE8C4 075:010.696 - 0.443ms returns FALSE
TE8C4 075:119.984 JLINK_IsHalted()
TE8C4 075:120.448 - 0.461ms returns FALSE
TE8C4 075:120.504 JLINK_IsHalted()
TE8C4 075:120.944 - 0.428ms returns FALSE
TE8C4 075:228.352 JLINK_IsHalted()
TE8C4 075:228.808 - 0.454ms returns FALSE
TE8C4 075:228.880 JLINK_IsHalted()
TE8C4 075:229.152 - 0.273ms returns FALSE
TE8C4 075:337.384 JLINK_IsHalted()
TE8C4 075:337.912 - 0.526ms returns FALSE
TE8C4 075:338.024 JLINK_IsHalted()
TE8C4 075:338.472 - 0.450ms returns FALSE
TE8C4 075:446.664 JLINK_IsHalted()
TE8C4 075:447.136 - 0.474ms returns FALSE
TE8C4 075:447.240 JLINK_IsHalted()
TE8C4 075:447.592 - 0.347ms returns FALSE
TE8C4 075:557.000 JLINK_IsHalted()
TE8C4 075:557.496 - 0.500ms returns FALSE
TE8C4 075:557.560 JLINK_IsHalted()
TE8C4 075:557.840 - 0.279ms returns FALSE
TE8C4 075:665.960 JLINK_IsHalted()
TE8C4 075:666.368 - 0.413ms returns FALSE
TE8C4 075:666.440 JLINK_IsHalted()
TE8C4 075:666.736 - 0.296ms returns FALSE
T5FB0 075:686.912 JLINK_IsHalted()
T5FB0 075:687.312 - 0.402ms returns FALSE
T5FB0 075:687.384 JLINK_IsHalted()
T5FB0 075:690.320 - 2.931ms returns FALSE
TE8C4 075:774.984 JLINK_IsHalted()
TE8C4 075:775.592 - 0.605ms returns FALSE
TE8C4 075:775.752 JLINK_IsHalted()
TE8C4 075:776.128 - 0.376ms returns FALSE
TE8C4 075:884.184 JLINK_IsHalted()
TE8C4 075:884.576 - 0.384ms returns FALSE
TE8C4 075:884.648 JLINK_IsHalted()
TE8C4 075:884.992 - 0.344ms returns FALSE
TE8C4 075:993.712 JLINK_IsHalted()
TE8C4 075:994.176 - 0.467ms returns FALSE
TE8C4 075:994.320 JLINK_IsHalted()
TE8C4 075:994.760 - 0.438ms returns FALSE
TE8C4 076:104.032 JLINK_IsHalted()
TE8C4 076:105.272 - 1.243ms returns FALSE
TE8C4 076:105.344 JLINK_IsHalted()
TE8C4 076:105.600 - 0.258ms returns FALSE
TE8C4 076:212.584 JLINK_IsHalted()
TE8C4 076:213.072 - 0.488ms returns FALSE
TE8C4 076:213.128 JLINK_IsHalted()
TE8C4 076:213.488 - 0.360ms returns FALSE
TE8C4 076:322.040 JLINK_IsHalted()
TE8C4 076:322.424 - 0.380ms returns FALSE
TE8C4 076:322.488 JLINK_IsHalted()
TE8C4 076:322.784 - 0.296ms returns FALSE
TE8C4 076:432.176 JLINK_IsHalted()
TE8C4 076:432.752 - 0.584ms returns FALSE
TE8C4 076:432.920 JLINK_IsHalted()
TE8C4 076:433.424 - 0.503ms returns FALSE
TE8C4 076:540.480 JLINK_IsHalted()
TE8C4 076:541.072 - 0.593ms returns FALSE
TE8C4 076:541.232 JLINK_IsHalted()
TE8C4 076:541.744 - 0.512ms returns FALSE
TE8C4 076:650.856 JLINK_IsHalted()
TE8C4 076:651.416 - 0.556ms returns FALSE
TE8C4 076:651.536 JLINK_IsHalted()
TE8C4 076:652.016 - 0.484ms returns FALSE
T5FB0 076:691.784 JLINK_IsHalted()
T5FB0 076:692.208 - 0.421ms returns FALSE
T5FB0 076:692.304 JLINK_IsHalted()
T5FB0 076:692.600 - 0.296ms returns FALSE
TE8C4 076:760.016 JLINK_IsHalted()
TE8C4 076:760.672 - 0.653ms returns FALSE
TE8C4 076:760.832 JLINK_IsHalted()
TE8C4 076:761.344 - 0.510ms returns FALSE
TE8C4 076:868.880 JLINK_IsHalted()
TE8C4 076:874.328 - 5.441ms returns FALSE
TE8C4 076:874.416 JLINK_IsHalted()
TE8C4 076:874.688 - 0.267ms returns FALSE
TE8C4 076:979.440 JLINK_IsHalted()
TE8C4 076:979.816 - 0.373ms returns FALSE
TE8C4 076:979.864 JLINK_IsHalted()
TE8C4 076:980.176 - 0.310ms returns FALSE
TE8C4 077:087.696 JLINK_IsHalted()
TE8C4 077:088.760 - 1.074ms returns FALSE
TE8C4 077:088.824 JLINK_IsHalted()
TE8C4 077:089.144 - 0.316ms returns FALSE
TE8C4 077:197.104 JLINK_IsHalted()
TE8C4 077:197.608 - 0.501ms returns FALSE
TE8C4 077:197.744 JLINK_IsHalted()
TE8C4 077:198.168 - 0.425ms returns FALSE
TE8C4 077:306.352 JLINK_IsHalted()
TE8C4 077:306.928 - 0.569ms returns FALSE
TE8C4 077:307.128 JLINK_IsHalted()
TE8C4 077:307.504 - 0.381ms returns FALSE
TE8C4 077:415.568 JLINK_IsHalted()
TE8C4 077:416.160 - 0.594ms returns FALSE
TE8C4 077:416.240 JLINK_IsHalted()
TE8C4 077:416.536 - 0.304ms returns FALSE
TE8C4 077:525.680 JLINK_IsHalted()
TE8C4 077:526.152 - 0.471ms returns FALSE
TE8C4 077:526.208 JLINK_IsHalted()
TE8C4 077:526.512 - 0.306ms returns FALSE
TE8C4 077:634.928 JLINK_IsHalted()
TE8C4 077:635.488 - 0.559ms returns FALSE
TE8C4 077:635.624 JLINK_IsHalted()
TE8C4 077:636.008 - 0.381ms returns FALSE
T5FB0 077:694.704 JLINK_IsHalted()
T5FB0 077:695.040 - 0.335ms returns FALSE
T5FB0 077:695.088 JLINK_IsHalted()
T5FB0 077:695.312 - 0.222ms returns FALSE
TE8C4 077:744.456 JLINK_IsHalted()
TE8C4 077:744.976 - 0.525ms returns FALSE
TE8C4 077:745.040 JLINK_IsHalted()
TE8C4 077:745.368 - 0.334ms returns FALSE
TE8C4 077:853.784 JLINK_IsHalted()
TE8C4 077:854.288 - 0.498ms returns FALSE
TE8C4 077:854.424 JLINK_IsHalted()
TE8C4 077:854.816 - 0.391ms returns FALSE
TE8C4 077:962.688 JLINK_IsHalted()
TE8C4 077:963.128 - 0.437ms returns FALSE
TE8C4 077:963.264 JLINK_IsHalted()
TE8C4 077:963.592 - 0.322ms returns FALSE
TE8C4 078:072.664 JLINK_IsHalted()
TE8C4 078:073.192 - 0.525ms returns FALSE
TE8C4 078:073.360 JLINK_IsHalted()
TE8C4 078:073.712 - 0.358ms returns FALSE
TE8C4 078:181.768 JLINK_IsHalted()
TE8C4 078:182.344 - 0.574ms returns FALSE
TE8C4 078:182.512 JLINK_IsHalted()
TE8C4 078:182.952 - 0.442ms returns FALSE
TE8C4 078:291.168 JLINK_IsHalted()
TE8C4 078:291.704 - 0.535ms returns FALSE
TE8C4 078:291.840 JLINK_IsHalted()
TE8C4 078:292.200 - 0.357ms returns FALSE
TE8C4 078:400.312 JLINK_IsHalted()
TE8C4 078:400.648 - 0.333ms returns FALSE
TE8C4 078:400.688 JLINK_IsHalted()
TE8C4 078:401.008 - 0.317ms returns FALSE
TE8C4 078:509.856 JLINK_IsHalted()
TE8C4 078:510.320 - 0.464ms returns FALSE
TE8C4 078:510.432 JLINK_IsHalted()
TE8C4 078:510.744 - 0.312ms returns FALSE
TE8C4 078:619.312 JLINK_IsHalted()
TE8C4 078:619.736 - 0.416ms returns FALSE
TE8C4 078:619.824 JLINK_IsHalted()
TE8C4 078:620.080 - 0.263ms returns FALSE
T5FB0 078:696.720 JLINK_IsHalted()
T5FB0 078:697.168 - 0.446ms returns FALSE
T5FB0 078:697.232 JLINK_IsHalted()
T5FB0 078:697.496 - 0.270ms returns FALSE
TE8C4 078:728.672 JLINK_IsHalted()
TE8C4 078:729.776 - 1.102ms returns FALSE
TE8C4 078:729.840 JLINK_IsHalted()
TE8C4 078:730.208 - 0.362ms returns FALSE
TE8C4 078:838.080 JLINK_IsHalted()
TE8C4 078:838.504 - 0.422ms returns FALSE
TE8C4 078:838.544 JLINK_IsHalted()
TE8C4 078:838.848 - 0.306ms returns FALSE
TE8C4 078:946.880 JLINK_IsHalted()
TE8C4 078:947.392 - 0.511ms returns FALSE
TE8C4 078:947.448 JLINK_IsHalted()
TE8C4 078:947.728 - 0.280ms returns FALSE
TE8C4 079:056.560 JLINK_IsHalted()
TE8C4 079:056.984 - 0.429ms returns FALSE
TE8C4 079:057.080 JLINK_IsHalted()
TE8C4 079:057.424 - 0.339ms returns FALSE
TE8C4 079:166.336 JLINK_IsHalted()
TE8C4 079:166.768 - 0.430ms returns FALSE
TE8C4 079:166.864 JLINK_IsHalted()
TE8C4 079:167.120 - 0.261ms returns FALSE
TE8C4 079:275.624 JLINK_IsHalted()
TE8C4 079:275.968 - 0.347ms returns FALSE
TE8C4 079:276.024 JLINK_IsHalted()
TE8C4 079:276.304 - 0.281ms returns FALSE
TE8C4 079:385.264 JLINK_IsHalted()
TE8C4 079:385.792 - 0.529ms returns FALSE
TE8C4 079:385.928 JLINK_IsHalted()
TE8C4 079:386.296 - 0.368ms returns FALSE
TE8C4 079:494.320 JLINK_IsHalted()
TE8C4 079:494.720 - 0.404ms returns FALSE
TE8C4 079:494.792 JLINK_IsHalted()
TE8C4 079:495.088 - 0.296ms returns FALSE
TE8C4 079:603.152 JLINK_IsHalted()
TE8C4 079:603.536 - 0.384ms returns FALSE
TE8C4 079:603.568 JLINK_IsHalted()
TE8C4 079:603.824 - 0.254ms returns FALSE
T5FB0 079:699.944 JLINK_IsHalted()
T5FB0 079:700.432 - 0.487ms returns FALSE
T5FB0 079:700.504 JLINK_IsHalted()
T5FB0 079:700.760 - 0.256ms returns FALSE
TE8C4 079:712.664 JLINK_IsHalted()
TE8C4 079:713.224 - 0.552ms returns FALSE
TE8C4 079:713.280 JLINK_IsHalted()
TE8C4 079:713.696 - 0.416ms returns FALSE
TE8C4 079:822.016 JLINK_IsHalted()
TE8C4 079:822.400 - 0.383ms returns FALSE
TE8C4 079:822.464 JLINK_IsHalted()
TE8C4 079:822.744 - 0.279ms returns FALSE
TE8C4 079:931.200 JLINK_IsHalted()
TE8C4 079:931.648 - 0.447ms returns FALSE
TE8C4 079:931.784 JLINK_IsHalted()
TE8C4 079:932.192 - 0.405ms returns FALSE
TE8C4 080:040.688 JLINK_IsHalted()
TE8C4 080:041.224 - 0.537ms returns FALSE
TE8C4 080:041.328 JLINK_IsHalted()
TE8C4 080:041.744 - 0.407ms returns FALSE
TE8C4 080:150.088 JLINK_IsHalted()
TE8C4 080:150.672 - 0.592ms returns FALSE
TE8C4 080:150.840 JLINK_IsHalted()
TE8C4 080:151.504 - 0.657ms returns FALSE
TE8C4 080:259.448 JLINK_IsHalted()
TE8C4 080:259.824 - 0.375ms returns FALSE
TE8C4 080:259.864 JLINK_IsHalted()
TE8C4 080:260.112 - 0.248ms returns FALSE
TE8C4 080:369.288 JLINK_IsHalted()
TE8C4 080:369.728 - 0.445ms returns FALSE
TE8C4 080:369.776 JLINK_IsHalted()
TE8C4 080:369.992 - 0.219ms returns FALSE
TE8C4 080:478.736 JLINK_IsHalted()
TE8C4 080:479.192 - 0.456ms returns FALSE
TE8C4 080:479.328 JLINK_IsHalted()
TE8C4 080:479.768 - 0.437ms returns FALSE
TE8C4 080:587.728 JLINK_IsHalted()
TE8C4 080:588.176 - 0.443ms returns FALSE
TE8C4 080:588.312 JLINK_IsHalted()
TE8C4 080:588.720 - 0.408ms returns FALSE
TE8C4 080:696.744 JLINK_IsHalted()
TE8C4 080:697.264 - 0.517ms returns FALSE
TE8C4 080:697.432 JLINK_IsHalted()
TE8C4 080:697.744 - 0.317ms returns FALSE
T5FB0 080:701.112 JLINK_IsHalted()
T5FB0 080:701.376 - 0.260ms returns FALSE
T5FB0 080:701.488 JLINK_IsHalted()
T5FB0 080:701.792 - 0.306ms returns FALSE
TE8C4 080:806.264 JLINK_IsHalted()
TE8C4 080:806.928 - 0.665ms returns FALSE
TE8C4 080:807.088 JLINK_IsHalted()
TE8C4 080:807.480 - 0.384ms returns FALSE
TE8C4 080:915.920 JLINK_IsHalted()
TE8C4 080:916.496 - 0.570ms returns FALSE
TE8C4 080:916.648 JLINK_IsHalted()
TE8C4 080:917.016 - 0.373ms returns FALSE
TE8C4 081:025.224 JLINK_IsHalted()
TE8C4 081:025.744 - 0.520ms returns FALSE
TE8C4 081:025.880 JLINK_IsHalted()
TE8C4 081:026.224 - 0.341ms returns FALSE
TE8C4 081:134.896 JLINK_IsHalted()
TE8C4 081:135.440 - 0.539ms returns FALSE
TE8C4 081:135.576 JLINK_IsHalted()
TE8C4 081:135.920 - 0.348ms returns FALSE
TE8C4 081:243.880 JLINK_IsHalted()
TE8C4 081:244.456 - 0.577ms returns FALSE
TE8C4 081:244.544 JLINK_IsHalted()
TE8C4 081:244.976 - 0.424ms returns FALSE
TE8C4 081:353.272 JLINK_IsHalted()
TE8C4 081:353.800 - 0.524ms returns FALSE
TE8C4 081:353.872 JLINK_IsHalted()
TE8C4 081:354.360 - 0.490ms returns FALSE
TE8C4 081:462.304 JLINK_IsHalted()
TE8C4 081:462.760 - 0.452ms returns FALSE
TE8C4 081:462.832 JLINK_IsHalted()
TE8C4 081:463.096 - 0.274ms returns FALSE
TE8C4 081:572.840 JLINK_IsHalted()
TE8C4 081:573.328 - 0.491ms returns FALSE
TE8C4 081:573.456 JLINK_IsHalted()
TE8C4 081:573.816 - 0.363ms returns FALSE
TE8C4 081:681.968 JLINK_IsHalted()
TE8C4 081:682.480 - 0.514ms returns FALSE
TE8C4 081:682.648 JLINK_IsHalted()
TE8C4 081:683.104 - 0.451ms returns FALSE
T5FB0 081:703.712 JLINK_IsHalted()
T5FB0 081:704.112 - 0.391ms returns FALSE
T5FB0 081:704.152 JLINK_IsHalted()
T5FB0 081:704.384 - 0.230ms returns FALSE
TE8C4 081:790.656 JLINK_IsHalted()
TE8C4 081:791.312 - 0.652ms returns FALSE
TE8C4 081:791.472 JLINK_IsHalted()
TE8C4 081:791.928 - 0.459ms returns FALSE
TE8C4 081:900.520 JLINK_IsHalted()
TE8C4 081:901.160 - 0.643ms returns FALSE
TE8C4 081:901.392 JLINK_IsHalted()
TE8C4 081:902.248 - 0.853ms returns FALSE
TE8C4 082:009.480 JLINK_IsHalted()
TE8C4 082:009.904 - 0.431ms returns FALSE
TE8C4 082:010.000 JLINK_IsHalted()
TE8C4 082:010.328 - 0.333ms returns FALSE
TE8C4 082:119.088 JLINK_IsHalted()
TE8C4 082:119.576 - 0.493ms returns FALSE
TE8C4 082:119.696 JLINK_IsHalted()
TE8C4 082:120.016 - 0.317ms returns FALSE
TE8C4 082:228.416 JLINK_IsHalted()
TE8C4 082:228.904 - 0.490ms returns FALSE
TE8C4 082:228.968 JLINK_IsHalted()
TE8C4 082:229.328 - 0.360ms returns FALSE
TE8C4 082:339.176 JLINK_IsHalted()
TE8C4 082:339.776 - 0.605ms returns FALSE
TE8C4 082:339.856 JLINK_IsHalted()
TE8C4 082:340.184 - 0.328ms returns FALSE
TE8C4 082:447.344 JLINK_IsHalted()
TE8C4 082:447.736 - 0.394ms returns FALSE
TE8C4 082:447.832 JLINK_IsHalted()
TE8C4 082:448.168 - 0.334ms returns FALSE
TE8C4 082:556.496 JLINK_IsHalted()
TE8C4 082:556.896 - 0.404ms returns FALSE
TE8C4 082:556.936 JLINK_IsHalted()
TE8C4 082:557.256 - 0.320ms returns FALSE
TE8C4 082:666.200 JLINK_IsHalted()
TE8C4 082:666.736 - 0.540ms returns FALSE
TE8C4 082:666.800 JLINK_IsHalted()
TE8C4 082:667.080 - 0.275ms returns FALSE
T5FB0 082:705.488 JLINK_IsHalted()
T5FB0 082:705.816 - 0.326ms returns FALSE
T5FB0 082:705.872 JLINK_IsHalted()
T5FB0 082:706.160 - 0.289ms returns FALSE
TE8C4 082:775.472 JLINK_IsHalted()
TE8C4 082:776.112 - 0.640ms returns FALSE
TE8C4 082:776.288 JLINK_IsHalted()
TE8C4 082:776.752 - 0.457ms returns FALSE
TE8C4 082:884.472 JLINK_IsHalted()
TE8C4 082:884.944 - 0.469ms returns FALSE
TE8C4 082:885.104 JLINK_IsHalted()
TE8C4 082:885.424 - 0.316ms returns FALSE
TE8C4 082:994.160 JLINK_IsHalted()
TE8C4 082:994.680 - 0.519ms returns FALSE
TE8C4 082:994.736 JLINK_IsHalted()
TE8C4 082:994.992 - 0.252ms returns FALSE
TE8C4 083:103.144 JLINK_IsHalted()
TE8C4 083:103.544 - 0.399ms returns FALSE
TE8C4 083:103.600 JLINK_IsHalted()
TE8C4 083:103.864 - 0.272ms returns FALSE
TE8C4 083:212.944 JLINK_IsHalted()
TE8C4 083:213.448 - 0.498ms returns FALSE
TE8C4 083:213.584 JLINK_IsHalted()
TE8C4 083:213.936 - 0.354ms returns FALSE
TE8C4 083:321.768 JLINK_IsHalted()
TE8C4 083:322.152 - 0.382ms returns FALSE
TE8C4 083:322.232 JLINK_IsHalted()
TE8C4 083:322.584 - 0.349ms returns FALSE
TE8C4 083:431.496 JLINK_IsHalted()
TE8C4 083:431.992 - 0.498ms returns FALSE
TE8C4 083:432.160 JLINK_IsHalted()
TE8C4 083:432.536 - 0.379ms returns FALSE
TE8C4 083:540.888 JLINK_IsHalted()
TE8C4 083:541.464 - 0.575ms returns FALSE
TE8C4 083:541.624 JLINK_IsHalted()
TE8C4 083:542.064 - 0.433ms returns FALSE
TE8C4 083:651.088 JLINK_IsHalted()
TE8C4 083:651.512 - 0.426ms returns FALSE
TE8C4 083:651.576 JLINK_IsHalted()
TE8C4 083:651.896 - 0.319ms returns FALSE
T5FB0 083:707.400 JLINK_IsHalted()
T5FB0 083:707.800 - 0.398ms returns FALSE
T5FB0 083:707.864 JLINK_IsHalted()
T5FB0 083:708.176 - 0.305ms returns FALSE
TE8C4 083:759.504 JLINK_IsHalted()
TE8C4 083:760.080 - 0.573ms returns FALSE
TE8C4 083:760.192 JLINK_IsHalted()
TE8C4 083:760.624 - 0.436ms returns FALSE
TE8C4 083:869.088 JLINK_IsHalted()
TE8C4 083:869.528 - 0.439ms returns FALSE
TE8C4 083:869.632 JLINK_IsHalted()
TE8C4 083:870.056 - 0.420ms returns FALSE
TE8C4 083:978.224 JLINK_IsHalted()
TE8C4 083:978.760 - 0.531ms returns FALSE
TE8C4 083:978.928 JLINK_IsHalted()
TE8C4 083:979.360 - 0.429ms returns FALSE
TE8C4 084:087.808 JLINK_IsHalted()
TE8C4 084:088.296 - 0.487ms returns FALSE
TE8C4 084:088.392 JLINK_IsHalted()
TE8C4 084:088.704 - 0.312ms returns FALSE
TE8C4 084:197.408 JLINK_IsHalted()
TE8C4 084:197.920 - 0.514ms returns FALSE
TE8C4 084:197.976 JLINK_IsHalted()
TE8C4 084:198.328 - 0.349ms returns FALSE
TE8C4 084:306.792 JLINK_IsHalted()
TE8C4 084:307.224 - 0.431ms returns FALSE
TE8C4 084:307.280 JLINK_IsHalted()
TE8C4 084:307.504 - 0.225ms returns FALSE
TE8C4 084:416.384 JLINK_IsHalted()
TE8C4 084:416.816 - 0.426ms returns FALSE
TE8C4 084:416.976 JLINK_IsHalted()
TE8C4 084:417.272 - 0.302ms returns FALSE
TE8C4 084:525.560 JLINK_IsHalted()
TE8C4 084:526.048 - 0.485ms returns FALSE
TE8C4 084:526.168 JLINK_IsHalted()
TE8C4 084:526.552 - 0.378ms returns FALSE
TE8C4 084:634.736 JLINK_IsHalted()
TE8C4 084:635.200 - 0.465ms returns FALSE
TE8C4 084:635.280 JLINK_IsHalted()
TE8C4 084:635.544 - 0.270ms returns FALSE
T5FB0 084:709.096 JLINK_IsHalted()
T5FB0 084:709.528 - 0.437ms returns FALSE
T5FB0 084:709.592 JLINK_IsHalted()
T5FB0 084:709.912 - 0.323ms returns FALSE
TE8C4 084:744.392 JLINK_IsHalted()
TE8C4 084:745.032 - 0.642ms returns FALSE
TE8C4 084:745.200 JLINK_IsHalted()
TE8C4 084:745.616 - 0.417ms returns FALSE
TE8C4 084:853.520 JLINK_IsHalted()
TE8C4 084:853.936 - 0.408ms returns FALSE
TE8C4 084:854.000 JLINK_IsHalted()
TE8C4 084:854.296 - 0.296ms returns FALSE
TE8C4 084:962.648 JLINK_IsHalted()
TE8C4 084:963.048 - 0.397ms returns FALSE
TE8C4 084:963.136 JLINK_IsHalted()
TE8C4 084:963.472 - 0.337ms returns FALSE
TE8C4 085:072.240 JLINK_IsHalted()
TE8C4 085:072.824 - 0.585ms returns FALSE
TE8C4 085:072.976 JLINK_IsHalted()
TE8C4 085:073.328 - 0.351ms returns FALSE
TE8C4 085:181.968 JLINK_IsHalted()
TE8C4 085:182.664 - 0.691ms returns FALSE
TE8C4 085:182.816 JLINK_IsHalted()
TE8C4 085:183.248 - 0.433ms returns FALSE
TE8C4 085:290.472 JLINK_IsHalted()
TE8C4 085:290.944 - 0.476ms returns FALSE
TE8C4 085:291.048 JLINK_IsHalted()
TE8C4 085:291.384 - 0.341ms returns FALSE
TE8C4 085:400.656 JLINK_IsHalted()
TE8C4 085:401.160 - 0.493ms returns FALSE
TE8C4 085:401.248 JLINK_IsHalted()
TE8C4 085:401.648 - 0.398ms returns FALSE
TE8C4 085:509.424 JLINK_IsHalted()
TE8C4 085:509.920 - 0.490ms returns FALSE
TE8C4 085:510.008 JLINK_IsHalted()
TE8C4 085:510.424 - 0.415ms returns FALSE
TE8C4 085:619.472 JLINK_IsHalted()
TE8C4 085:619.960 - 0.489ms returns FALSE
TE8C4 085:620.016 JLINK_IsHalted()
TE8C4 085:620.384 - 0.365ms returns FALSE
T5FB0 085:711.664 JLINK_IsHalted()
T5FB0 085:712.168 - 0.505ms returns FALSE
T5FB0 085:712.224 JLINK_IsHalted()
T5FB0 085:712.512 - 0.288ms returns FALSE
TE8C4 085:727.984 JLINK_IsHalted()
TE8C4 085:728.456 - 0.467ms returns FALSE
TE8C4 085:728.624 JLINK_IsHalted()
TE8C4 085:729.032 - 0.406ms returns FALSE
TE8C4 085:838.968 JLINK_IsHalted()
TE8C4 085:839.504 - 0.533ms returns FALSE
TE8C4 085:839.600 JLINK_IsHalted()
TE8C4 085:839.984 - 0.386ms returns FALSE
TE8C4 085:947.672 JLINK_IsHalted()
TE8C4 085:948.176 - 0.496ms returns FALSE
TE8C4 085:948.264 JLINK_IsHalted()
TE8C4 085:948.664 - 0.401ms returns FALSE
TE8C4 086:056.296 JLINK_IsHalted()
TE8C4 086:056.816 - 0.524ms returns FALSE
TE8C4 086:056.912 JLINK_IsHalted()
TE8C4 086:057.232 - 0.319ms returns FALSE
TE8C4 086:166.256 JLINK_IsHalted()
TE8C4 086:166.800 - 0.537ms returns FALSE
TE8C4 086:166.928 JLINK_IsHalted()
TE8C4 086:167.288 - 0.365ms returns FALSE
TE8C4 086:275.344 JLINK_IsHalted()
TE8C4 086:275.864 - 0.516ms returns FALSE
TE8C4 086:276.024 JLINK_IsHalted()
TE8C4 086:276.432 - 0.407ms returns FALSE
TE8C4 086:384.600 JLINK_IsHalted()
TE8C4 086:385.176 - 0.573ms returns FALSE
TE8C4 086:385.360 JLINK_IsHalted()
TE8C4 086:385.888 - 0.531ms returns FALSE
TE8C4 086:494.168 JLINK_IsHalted()
TE8C4 086:494.832 - 0.668ms returns FALSE
TE8C4 086:495.040 JLINK_IsHalted()
TE8C4 086:495.376 - 0.333ms returns FALSE
TE8C4 086:603.712 JLINK_IsHalted()
TE8C4 086:604.192 - 0.479ms returns FALSE
TE8C4 086:604.240 JLINK_IsHalted()
TE8C4 086:604.640 - 0.393ms returns FALSE
TE8C4 086:712.832 JLINK_IsHalted()
TE8C4 086:713.240 - 0.409ms returns FALSE
TE8C4 086:713.312 JLINK_IsHalted()
TE8C4 086:713.664 - 0.349ms returns FALSE
T5FB0 086:715.880 JLINK_IsHalted()
T5FB0 086:716.272 - 0.393ms returns FALSE
T5FB0 086:716.336 JLINK_IsHalted()
T5FB0 086:716.704 - 0.363ms returns FALSE
TE8C4 086:821.816 JLINK_IsHalted()
TE8C4 086:822.272 - 0.450ms returns FALSE
TE8C4 086:822.368 JLINK_IsHalted()
TE8C4 086:822.656 - 0.285ms returns FALSE
TE8C4 086:932.072 JLINK_IsHalted()
TE8C4 086:932.592 - 0.525ms returns FALSE
TE8C4 086:932.752 JLINK_IsHalted()
TE8C4 086:933.096 - 0.339ms returns FALSE
TE8C4 087:040.688 JLINK_IsHalted()
TE8C4 087:041.248 - 0.551ms returns FALSE
TE8C4 087:041.416 JLINK_IsHalted()
TE8C4 087:041.872 - 0.458ms returns FALSE
TE8C4 087:150.680 JLINK_IsHalted()
TE8C4 087:151.056 - 0.379ms returns FALSE
TE8C4 087:151.120 JLINK_IsHalted()
TE8C4 087:151.384 - 0.260ms returns FALSE
TE8C4 087:259.936 JLINK_IsHalted()
TE8C4 087:260.400 - 0.464ms returns FALSE
TE8C4 087:260.512 JLINK_IsHalted()
TE8C4 087:260.800 - 0.285ms returns FALSE
TE8C4 087:369.000 JLINK_IsHalted()
TE8C4 087:369.520 - 0.525ms returns FALSE
TE8C4 087:369.664 JLINK_IsHalted()
TE8C4 087:369.976 - 0.312ms returns FALSE
TE8C4 087:478.544 JLINK_IsHalted()
TE8C4 087:479.136 - 0.592ms returns FALSE
TE8C4 087:479.248 JLINK_IsHalted()
TE8C4 087:479.632 - 0.382ms returns FALSE
TE8C4 087:587.968 JLINK_IsHalted()
TE8C4 087:589.048 - 1.083ms returns FALSE
TE8C4 087:589.128 JLINK_IsHalted()
TE8C4 087:589.408 - 0.280ms returns FALSE
TE8C4 087:697.592 JLINK_IsHalted()
TE8C4 087:697.992 - 0.395ms returns FALSE
TE8C4 087:698.056 JLINK_IsHalted()
TE8C4 087:698.336 - 0.278ms returns FALSE
T5FB0 087:717.584 JLINK_IsHalted()
T5FB0 087:718.000 - 0.417ms returns FALSE
T5FB0 087:718.096 JLINK_IsHalted()
T5FB0 087:718.408 - 0.307ms returns FALSE
TE8C4 087:806.992 JLINK_IsHalted()
TE8C4 087:807.424 - 0.430ms returns FALSE
TE8C4 087:807.480 JLINK_IsHalted()
TE8C4 087:807.752 - 0.268ms returns FALSE
TE8C4 087:915.952 JLINK_IsHalted()
TE8C4 087:916.440 - 0.497ms returns FALSE
TE8C4 087:916.584 JLINK_IsHalted()
TE8C4 087:916.944 - 0.357ms returns FALSE
TE8C4 088:024.968 JLINK_IsHalted()
TE8C4 088:025.480 - 0.512ms returns FALSE
TE8C4 088:025.576 JLINK_IsHalted()
TE8C4 088:025.904 - 0.323ms returns FALSE
TE8C4 088:134.776 JLINK_IsHalted()
TE8C4 088:135.120 - 0.340ms returns FALSE
TE8C4 088:135.192 JLINK_IsHalted()
TE8C4 088:135.480 - 0.290ms returns FALSE
TE8C4 088:244.016 JLINK_IsHalted()
TE8C4 088:244.488 - 0.470ms returns FALSE
TE8C4 088:244.552 JLINK_IsHalted()
TE8C4 088:244.824 - 0.275ms returns FALSE
TE8C4 088:353.680 JLINK_IsHalted()
TE8C4 088:354.048 - 0.367ms returns FALSE
TE8C4 088:354.152 JLINK_IsHalted()
TE8C4 088:354.488 - 0.339ms returns FALSE
TE8C4 088:462.800 JLINK_IsHalted()
TE8C4 088:463.312 - 0.508ms returns FALSE
TE8C4 088:463.376 JLINK_IsHalted()
TE8C4 088:463.664 - 0.284ms returns FALSE
TE8C4 088:572.040 JLINK_IsHalted()
TE8C4 088:572.664 - 0.628ms returns FALSE
TE8C4 088:572.720 JLINK_IsHalted()
TE8C4 088:572.928 - 0.206ms returns FALSE
TE8C4 088:681.456 JLINK_IsHalted()
TE8C4 088:681.888 - 0.434ms returns FALSE
TE8C4 088:681.936 JLINK_IsHalted()
TE8C4 088:682.256 - 0.322ms returns FALSE
T5FB0 088:719.656 JLINK_IsHalted()
T5FB0 088:720.080 - 0.431ms returns FALSE
T5FB0 088:720.144 JLINK_IsHalted()
T5FB0 088:720.448 - 0.301ms returns FALSE
TE8C4 088:790.464 JLINK_IsHalted()
TE8C4 088:790.912 - 0.445ms returns FALSE
TE8C4 088:791.024 JLINK_IsHalted()
TE8C4 088:791.328 - 0.302ms returns FALSE
TE8C4 088:900.784 JLINK_IsHalted()
TE8C4 088:901.368 - 0.582ms returns FALSE
TE8C4 088:901.504 JLINK_IsHalted()
TE8C4 088:901.920 - 0.418ms returns FALSE
TE8C4 089:009.384 JLINK_IsHalted()
TE8C4 089:010.000 - 0.615ms returns FALSE
TE8C4 089:010.160 JLINK_IsHalted()
TE8C4 089:010.712 - 0.546ms returns FALSE
TE8C4 089:119.152 JLINK_IsHalted()
TE8C4 089:136.344 - 17.187ms returns FALSE
TE8C4 089:136.464 JLINK_IsHalted()
TE8C4 089:136.848 - 0.374ms returns FALSE
TE8C4 089:243.864 JLINK_IsHalted()
TE8C4 089:244.304 - 0.435ms returns FALSE
TE8C4 089:244.400 JLINK_IsHalted()
TE8C4 089:244.768 - 0.367ms returns FALSE
TE8C4 089:353.312 JLINK_IsHalted()
TE8C4 089:353.856 - 0.540ms returns FALSE
TE8C4 089:353.968 JLINK_IsHalted()
TE8C4 089:354.352 - 0.388ms returns FALSE
TE8C4 089:462.376 JLINK_IsHalted()
TE8C4 089:462.832 - 0.463ms returns FALSE
TE8C4 089:462.992 JLINK_IsHalted()
TE8C4 089:463.344 - 0.353ms returns FALSE
TE8C4 089:572.224 JLINK_IsHalted()
TE8C4 089:572.648 - 0.420ms returns FALSE
TE8C4 089:572.744 JLINK_IsHalted()
TE8C4 089:573.072 - 0.323ms returns FALSE
TE8C4 089:681.952 JLINK_IsHalted()
TE8C4 089:682.424 - 0.469ms returns FALSE
TE8C4 089:682.536 JLINK_IsHalted()
TE8C4 089:682.992 - 0.457ms returns FALSE
T5FB0 089:721.776 JLINK_IsHalted()
T5FB0 089:722.128 - 0.361ms returns FALSE
T5FB0 089:722.184 JLINK_IsHalted()
T5FB0 089:722.488 - 0.305ms returns FALSE
TE8C4 089:790.448 JLINK_IsHalted()
TE8C4 089:791.024 - 0.573ms returns FALSE
TE8C4 089:791.184 JLINK_IsHalted()
TE8C4 089:791.632 - 0.447ms returns FALSE
TE8C4 089:900.376 JLINK_IsHalted()
TE8C4 089:900.856 - 0.478ms returns FALSE
TE8C4 089:900.960 JLINK_IsHalted()
TE8C4 089:901.360 - 0.406ms returns FALSE
TE8C4 090:010.040 JLINK_IsHalted()
TE8C4 090:010.400 - 0.355ms returns FALSE
TE8C4 090:010.464 JLINK_IsHalted()
TE8C4 090:010.752 - 0.285ms returns FALSE
TE8C4 090:119.520 JLINK_IsHalted()
TE8C4 090:120.240 - 0.728ms returns FALSE
TE8C4 090:120.304 JLINK_IsHalted()
TE8C4 090:120.672 - 0.359ms returns FALSE
TE8C4 090:229.024 JLINK_IsHalted()
TE8C4 090:229.432 - 0.408ms returns FALSE
TE8C4 090:229.544 JLINK_IsHalted()
TE8C4 090:229.832 - 0.287ms returns FALSE
TE8C4 090:337.904 JLINK_IsHalted()
TE8C4 090:338.440 - 0.533ms returns FALSE
TE8C4 090:338.536 JLINK_IsHalted()
TE8C4 090:338.928 - 0.388ms returns FALSE
TE8C4 090:447.664 JLINK_IsHalted()
TE8C4 090:448.072 - 0.402ms returns FALSE
TE8C4 090:448.136 JLINK_IsHalted()
TE8C4 090:448.496 - 0.358ms returns FALSE
TE8C4 090:557.584 JLINK_IsHalted()
TE8C4 090:558.072 - 0.496ms returns FALSE
TE8C4 090:558.184 JLINK_IsHalted()
TE8C4 090:558.616 - 0.432ms returns FALSE
TE8C4 090:666.400 JLINK_IsHalted()
TE8C4 090:666.928 - 0.523ms returns FALSE
TE8C4 090:667.080 JLINK_IsHalted()
TE8C4 090:667.528 - 0.443ms returns FALSE
T5FB0 090:722.968 JLINK_IsHalted()
T5FB0 090:723.384 - 0.417ms returns FALSE
T5FB0 090:723.440 JLINK_IsHalted()
T5FB0 090:723.752 - 0.302ms returns FALSE
TE8C4 090:775.384 JLINK_IsHalted()
TE8C4 090:775.912 - 0.519ms returns FALSE
TE8C4 090:776.016 JLINK_IsHalted()
TE8C4 090:776.384 - 0.373ms returns FALSE
TE8C4 090:885.144 JLINK_IsHalted()
TE8C4 090:885.680 - 0.529ms returns FALSE
TE8C4 090:885.776 JLINK_IsHalted()
TE8C4 090:886.128 - 0.354ms returns FALSE
TE8C4 090:994.544 JLINK_IsHalted()
TE8C4 090:995.112 - 0.561ms returns FALSE
TE8C4 090:995.248 JLINK_IsHalted()
TE8C4 090:995.616 - 0.366ms returns FALSE
TE8C4 091:103.784 JLINK_IsHalted()
TE8C4 091:104.464 - 0.672ms returns FALSE
TE8C4 091:104.976 JLINK_IsHalted()
TE8C4 091:105.800 - 0.829ms returns FALSE
TE8C4 091:212.560 JLINK_IsHalted()
TE8C4 091:212.976 - 0.425ms returns FALSE
TE8C4 091:213.112 JLINK_IsHalted()
TE8C4 091:213.440 - 0.324ms returns FALSE
TE8C4 091:322.416 JLINK_IsHalted()
TE8C4 091:322.936 - 0.523ms returns FALSE
TE8C4 091:323.112 JLINK_IsHalted()
TE8C4 091:323.512 - 0.404ms returns FALSE
TE8C4 091:431.648 JLINK_IsHalted()
TE8C4 091:432.160 - 0.517ms returns FALSE
TE8C4 091:432.272 JLINK_IsHalted()
TE8C4 091:432.608 - 0.339ms returns FALSE
TE8C4 091:541.152 JLINK_IsHalted()
TE8C4 091:541.576 - 0.423ms returns FALSE
TE8C4 091:541.744 JLINK_IsHalted()
TE8C4 091:542.072 - 0.327ms returns FALSE
TE8C4 091:650.368 JLINK_IsHalted()
TE8C4 091:650.888 - 0.515ms returns FALSE
TE8C4 091:651.056 JLINK_IsHalted()
TE8C4 091:651.432 - 0.382ms returns FALSE
T5FB0 091:724.344 JLINK_IsHalted()
T5FB0 091:724.712 - 0.366ms returns FALSE
T5FB0 091:724.800 JLINK_IsHalted()
T5FB0 091:725.064 - 0.264ms returns FALSE
TE8C4 091:760.112 JLINK_IsHalted()
TE8C4 091:760.488 - 0.380ms returns FALSE
TE8C4 091:760.528 JLINK_IsHalted()
TE8C4 091:760.816 - 0.291ms returns FALSE
TE8C4 091:868.648 JLINK_IsHalted()
TE8C4 091:874.736 - 6.082ms returns FALSE
TE8C4 091:874.784 JLINK_IsHalted()
TE8C4 091:875.008 - 0.226ms returns FALSE
TE8C4 091:978.712 JLINK_IsHalted()
TE8C4 091:979.200 - 0.484ms returns FALSE
TE8C4 091:979.312 JLINK_IsHalted()
TE8C4 091:979.664 - 0.349ms returns FALSE
TE8C4 092:088.160 JLINK_IsHalted()
TE8C4 092:088.600 - 0.442ms returns FALSE
TE8C4 092:088.672 JLINK_IsHalted()
TE8C4 092:089.008 - 0.328ms returns FALSE
TE8C4 092:197.392 JLINK_IsHalted()
TE8C4 092:197.872 - 0.479ms returns FALSE
TE8C4 092:198.008 JLINK_IsHalted()
TE8C4 092:198.288 - 0.283ms returns FALSE
TE8C4 092:306.448 JLINK_IsHalted()
TE8C4 092:306.816 - 0.370ms returns FALSE
TE8C4 092:306.872 JLINK_IsHalted()
TE8C4 092:307.192 - 0.321ms returns FALSE
TE8C4 092:416.464 JLINK_IsHalted()
TE8C4 092:417.016 - 0.550ms returns FALSE
TE8C4 092:417.104 JLINK_IsHalted()
TE8C4 092:417.464 - 0.354ms returns FALSE
TE8C4 092:525.584 JLINK_IsHalted()
TE8C4 092:526.136 - 0.556ms returns FALSE
TE8C4 092:526.272 JLINK_IsHalted()
TE8C4 092:526.640 - 0.368ms returns FALSE
TE8C4 092:634.416 JLINK_IsHalted()
TE8C4 092:634.808 - 0.393ms returns FALSE
TE8C4 092:634.872 JLINK_IsHalted()
TE8C4 092:635.144 - 0.266ms returns FALSE
T5FB0 092:725.704 JLINK_IsHalted()
T5FB0 092:726.032 - 0.331ms returns FALSE
T5FB0 092:726.072 JLINK_IsHalted()
T5FB0 092:726.320 - 0.238ms returns FALSE
TE8C4 092:743.784 JLINK_IsHalted()
TE8C4 092:744.272 - 0.491ms returns FALSE
TE8C4 092:744.416 JLINK_IsHalted()
TE8C4 092:744.840 - 0.425ms returns FALSE
TE8C4 092:853.840 JLINK_IsHalted()
TE8C4 092:854.200 - 0.361ms returns FALSE
TE8C4 092:854.256 JLINK_IsHalted()
TE8C4 092:854.568 - 0.305ms returns FALSE
TE8C4 092:963.080 JLINK_IsHalted()
TE8C4 092:963.528 - 0.449ms returns FALSE
TE8C4 092:963.592 JLINK_IsHalted()
TE8C4 092:964.512 - 0.920ms returns FALSE
TE8C4 093:073.232 JLINK_IsHalted()
TE8C4 093:073.616 - 0.380ms returns FALSE
TE8C4 093:073.680 JLINK_IsHalted()
TE8C4 093:073.960 - 0.280ms returns FALSE
TE8C4 093:181.728 JLINK_IsHalted()
TE8C4 093:182.280 - 0.554ms returns FALSE
TE8C4 093:182.384 JLINK_IsHalted()
TE8C4 093:182.704 - 0.324ms returns FALSE
TE8C4 093:290.416 JLINK_IsHalted()
TE8C4 093:290.816 - 0.395ms returns FALSE
TE8C4 093:290.880 JLINK_IsHalted()
TE8C4 093:291.168 - 0.284ms returns FALSE
TE8C4 093:400.984 JLINK_IsHalted()
TE8C4 093:401.384 - 0.391ms returns FALSE
TE8C4 093:401.536 JLINK_IsHalted()
TE8C4 093:402.032 - 0.500ms returns FALSE
TE8C4 093:509.840 JLINK_IsHalted()
TE8C4 093:510.336 - 0.502ms returns FALSE
TE8C4 093:510.432 JLINK_IsHalted()
TE8C4 093:510.744 - 0.314ms returns FALSE
TE8C4 093:620.168 JLINK_IsHalted()
TE8C4 093:620.680 - 0.514ms returns FALSE
TE8C4 093:620.752 JLINK_IsHalted()
TE8C4 093:621.024 - 0.279ms returns FALSE
T5FB0 093:728.240 JLINK_IsHalted()
T5FB0 093:728.608 - 0.373ms returns FALSE
T5FB0 093:728.680 JLINK_IsHalted()
T5FB0 093:728.952 - 0.272ms returns FALSE
TE8C4 093:729.040 JLINK_IsHalted()
TE8C4 093:729.424 - 0.380ms returns FALSE
TE8C4 093:729.512 JLINK_IsHalted()
TE8C4 093:729.840 - 0.325ms returns FALSE
TE8C4 093:837.504 JLINK_IsHalted()
TE8C4 093:837.864 - 0.356ms returns FALSE
TE8C4 093:837.912 JLINK_IsHalted()
TE8C4 093:838.208 - 0.295ms returns FALSE
TE8C4 093:947.592 JLINK_IsHalted()
TE8C4 093:947.984 - 0.398ms returns FALSE
TE8C4 093:948.096 JLINK_IsHalted()
TE8C4 093:948.408 - 0.318ms returns FALSE
TE8C4 094:056.296 JLINK_IsHalted()
TE8C4 094:056.720 - 0.422ms returns FALSE
TE8C4 094:056.832 JLINK_IsHalted()
TE8C4 094:057.232 - 0.392ms returns FALSE
TE8C4 094:166.120 JLINK_IsHalted()
TE8C4 094:166.552 - 0.434ms returns FALSE
TE8C4 094:166.648 JLINK_IsHalted()
TE8C4 094:166.960 - 0.312ms returns FALSE
TE8C4 094:275.408 JLINK_IsHalted()
TE8C4 094:275.896 - 0.486ms returns FALSE
TE8C4 094:275.992 JLINK_IsHalted()
TE8C4 094:276.336 - 0.338ms returns FALSE
TE8C4 094:384.640 JLINK_IsHalted()
TE8C4 094:385.080 - 0.441ms returns FALSE
TE8C4 094:385.152 JLINK_IsHalted()
TE8C4 094:385.424 - 0.276ms returns FALSE
TE8C4 094:494.064 JLINK_IsHalted()
TE8C4 094:494.568 - 0.501ms returns FALSE
TE8C4 094:494.680 JLINK_IsHalted()
TE8C4 094:495.024 - 0.335ms returns FALSE
TE8C4 094:603.616 JLINK_IsHalted()
TE8C4 094:604.080 - 0.464ms returns FALSE
TE8C4 094:604.144 JLINK_IsHalted()
TE8C4 094:604.432 - 0.283ms returns FALSE
TE8C4 094:713.032 JLINK_IsHalted()
TE8C4 094:713.456 - 0.422ms returns FALSE
TE8C4 094:713.592 JLINK_IsHalted()
TE8C4 094:713.936 - 0.340ms returns FALSE
T5FB0 094:729.144 JLINK_IsHalted()
T5FB0 094:729.608 - 0.460ms returns FALSE
T5FB0 094:729.688 JLINK_IsHalted()
T5FB0 094:729.952 - 0.261ms returns FALSE
TE8C4 094:821.744 JLINK_IsHalted()
TE8C4 094:822.184 - 0.442ms returns FALSE
TE8C4 094:822.248 JLINK_IsHalted()
TE8C4 094:822.608 - 0.357ms returns FALSE
TE8C4 094:931.672 JLINK_IsHalted()
TE8C4 094:932.144 - 0.469ms returns FALSE
TE8C4 094:932.232 JLINK_IsHalted()
TE8C4 094:932.664 - 0.435ms returns FALSE
TE8C4 095:040.488 JLINK_IsHalted()
TE8C4 095:040.936 - 0.447ms returns FALSE
TE8C4 095:041.000 JLINK_IsHalted()
TE8C4 095:041.392 - 0.394ms returns FALSE
TE8C4 095:150.408 JLINK_IsHalted()
TE8C4 095:150.848 - 0.437ms returns FALSE
TE8C4 095:150.944 JLINK_IsHalted()
TE8C4 095:151.232 - 0.284ms returns FALSE
TE8C4 095:260.144 JLINK_IsHalted()
TE8C4 095:260.688 - 0.546ms returns FALSE
TE8C4 095:260.784 JLINK_IsHalted()
TE8C4 095:261.120 - 0.332ms returns FALSE
TE8C4 095:369.464 JLINK_IsHalted()
TE8C4 095:369.976 - 0.509ms returns FALSE
TE8C4 095:370.032 JLINK_IsHalted()
TE8C4 095:370.312 - 0.275ms returns FALSE
TE8C4 095:478.856 JLINK_IsHalted()
TE8C4 095:479.232 - 0.379ms returns FALSE
TE8C4 095:479.312 JLINK_IsHalted()
TE8C4 095:479.592 - 0.274ms returns FALSE
TE8C4 095:587.784 JLINK_IsHalted()
TE8C4 095:588.184 - 0.406ms returns FALSE
TE8C4 095:588.272 JLINK_IsHalted()
TE8C4 095:588.536 - 0.262ms returns FALSE
TE8C4 095:696.944 JLINK_IsHalted()
TE8C4 095:697.376 - 0.429ms returns FALSE
TE8C4 095:697.440 JLINK_IsHalted()
TE8C4 095:697.712 - 0.274ms returns FALSE
T5FB0 095:730.848 JLINK_IsHalted()
T5FB0 095:731.240 - 0.385ms returns FALSE
T5FB0 095:731.304 JLINK_IsHalted()
T5FB0 095:731.576 - 0.279ms returns FALSE
TE8C4 095:806.088 JLINK_IsHalted()
TE8C4 095:806.496 - 0.408ms returns FALSE
TE8C4 095:806.576 JLINK_IsHalted()
TE8C4 095:806.856 - 0.282ms returns FALSE
TE8C4 095:916.376 JLINK_IsHalted()
TE8C4 095:916.872 - 0.491ms returns FALSE
TE8C4 095:917.000 JLINK_IsHalted()
TE8C4 095:917.336 - 0.341ms returns FALSE
TE8C4 096:025.016 JLINK_IsHalted()
TE8C4 096:025.464 - 0.443ms returns FALSE
TE8C4 096:025.624 JLINK_IsHalted()
TE8C4 096:026.000 - 0.374ms returns FALSE
TE8C4 096:134.528 JLINK_IsHalted()
TE8C4 096:134.992 - 0.467ms returns FALSE
TE8C4 096:135.056 JLINK_IsHalted()
TE8C4 096:135.440 - 0.380ms returns FALSE
TE8C4 096:243.888 JLINK_IsHalted()
TE8C4 096:244.248 - 0.360ms returns FALSE
TE8C4 096:244.304 JLINK_IsHalted()
TE8C4 096:244.600 - 0.291ms returns FALSE
TE8C4 096:353.800 JLINK_IsHalted()
TE8C4 096:354.264 - 0.465ms returns FALSE
TE8C4 096:354.464 JLINK_IsHalted()
TE8C4 096:355.608 - 1.142ms returns FALSE
TE8C4 096:462.672 JLINK_IsHalted()
TE8C4 096:463.200 - 0.519ms returns FALSE
TE8C4 096:463.328 JLINK_IsHalted()
TE8C4 096:463.784 - 0.451ms returns FALSE
TE8C4 096:572.264 JLINK_IsHalted()
TE8C4 096:572.640 - 0.379ms returns FALSE
TE8C4 096:572.712 JLINK_IsHalted()
TE8C4 096:573.008 - 0.293ms returns FALSE
TE8C4 096:681.696 JLINK_IsHalted()
TE8C4 096:682.928 - 1.228ms returns FALSE
TE8C4 096:683.040 JLINK_IsHalted()
TE8C4 096:683.368 - 0.322ms returns FALSE
T5FB0 096:732.560 JLINK_IsHalted()
T5FB0 096:733.088 - 0.528ms returns FALSE
T5FB0 096:733.184 JLINK_IsHalted()
T5FB0 096:733.480 - 0.289ms returns FALSE
TE8C4 096:791.328 JLINK_IsHalted()
TE8C4 096:791.712 - 0.381ms returns FALSE
TE8C4 096:791.816 JLINK_IsHalted()
TE8C4 096:792.120 - 0.302ms returns FALSE
TE8C4 096:900.232 JLINK_IsHalted()
TE8C4 096:900.792 - 0.566ms returns FALSE
TE8C4 096:900.888 JLINK_IsHalted()
TE8C4 096:901.344 - 0.451ms returns FALSE
TE8C4 097:009.584 JLINK_IsHalted()
TE8C4 097:009.984 - 0.404ms returns FALSE
TE8C4 097:010.072 JLINK_IsHalted()
TE8C4 097:010.320 - 0.246ms returns FALSE
TE8C4 097:120.080 JLINK_IsHalted()
TE8C4 097:120.648 - 0.569ms returns FALSE
TE8C4 097:120.760 JLINK_IsHalted()
TE8C4 097:121.072 - 0.313ms returns FALSE
TE8C4 097:228.208 JLINK_IsHalted()
TE8C4 097:228.600 - 0.395ms returns FALSE
TE8C4 097:228.664 JLINK_IsHalted()
TE8C4 097:228.952 - 0.286ms returns FALSE
TE8C4 097:337.848 JLINK_IsHalted()
TE8C4 097:338.376 - 0.519ms returns FALSE
TE8C4 097:338.816 JLINK_IsHalted()
TE8C4 097:339.688 - 0.873ms returns FALSE
TE8C4 097:446.888 JLINK_IsHalted()
TE8C4 097:447.344 - 0.454ms returns FALSE
TE8C4 097:447.440 JLINK_IsHalted()
TE8C4 097:447.696 - 0.255ms returns FALSE
TE8C4 097:557.424 JLINK_IsHalted()
TE8C4 097:557.896 - 0.474ms returns FALSE
TE8C4 097:558.032 JLINK_IsHalted()
TE8C4 097:558.400 - 0.370ms returns FALSE
TE8C4 097:665.624 JLINK_IsHalted()
TE8C4 097:666.056 - 0.427ms returns FALSE
TE8C4 097:666.168 JLINK_IsHalted()
TE8C4 097:666.472 - 0.303ms returns FALSE
T5FB0 097:734.528 JLINK_IsHalted()
T5FB0 097:734.960 - 0.430ms returns FALSE
T5FB0 097:735.064 JLINK_IsHalted()
T5FB0 097:735.400 - 0.333ms returns FALSE
TE8C4 097:775.496 JLINK_IsHalted()
TE8C4 097:775.904 - 0.408ms returns FALSE
TE8C4 097:776.016 JLINK_IsHalted()
TE8C4 097:776.320 - 0.299ms returns FALSE
TE8C4 097:884.448 JLINK_IsHalted()
TE8C4 097:884.864 - 0.417ms returns FALSE
TE8C4 097:884.968 JLINK_IsHalted()
TE8C4 097:885.296 - 0.329ms returns FALSE
TE8C4 097:993.648 JLINK_IsHalted()
TE8C4 097:994.128 - 0.475ms returns FALSE
TE8C4 097:994.256 JLINK_IsHalted()
TE8C4 097:994.600 - 0.338ms returns FALSE
TE8C4 098:103.704 JLINK_IsHalted()
TE8C4 098:104.176 - 0.472ms returns FALSE
TE8C4 098:104.272 JLINK_IsHalted()
TE8C4 098:104.576 - 0.302ms returns FALSE
TE8C4 098:212.560 JLINK_IsHalted()
TE8C4 098:213.128 - 0.558ms returns FALSE
TE8C4 098:213.288 JLINK_IsHalted()
TE8C4 098:213.808 - 0.516ms returns FALSE
TE8C4 098:322.568 JLINK_IsHalted()
TE8C4 098:323.184 - 0.626ms returns FALSE
TE8C4 098:323.240 JLINK_IsHalted()
TE8C4 098:323.464 - 0.219ms returns FALSE
TE8C4 098:432.264 JLINK_IsHalted()
TE8C4 098:432.696 - 0.436ms returns FALSE
TE8C4 098:432.752 JLINK_IsHalted()
TE8C4 098:432.960 - 0.216ms returns FALSE
TE8C4 098:541.056 JLINK_IsHalted()
TE8C4 098:541.504 - 0.451ms returns FALSE
TE8C4 098:541.584 JLINK_IsHalted()
TE8C4 098:541.856 - 0.272ms returns FALSE
TE8C4 098:649.920 JLINK_IsHalted()
TE8C4 098:650.544 - 0.629ms returns FALSE
TE8C4 098:650.712 JLINK_IsHalted()
TE8C4 098:651.096 - 0.386ms returns FALSE
T5FB0 098:736.864 JLINK_IsHalted()
T5FB0 098:737.296 - 0.426ms returns FALSE
T5FB0 098:737.352 JLINK_IsHalted()
T5FB0 098:737.624 - 0.272ms returns FALSE
TE8C4 098:760.096 JLINK_IsHalted()
TE8C4 098:760.536 - 0.438ms returns FALSE
TE8C4 098:760.600 JLINK_IsHalted()
TE8C4 098:760.880 - 0.283ms returns FALSE
TE8C4 098:869.280 JLINK_IsHalted()
TE8C4 098:869.720 - 0.439ms returns FALSE
TE8C4 098:869.792 JLINK_IsHalted()
TE8C4 098:870.080 - 0.284ms returns FALSE
TE8C4 098:978.384 JLINK_IsHalted()
TE8C4 098:978.800 - 0.413ms returns FALSE
TE8C4 098:978.864 JLINK_IsHalted()
TE8C4 098:979.224 - 0.360ms returns FALSE
TE8C4 099:087.440 JLINK_IsHalted()
TE8C4 099:087.912 - 0.466ms returns FALSE
TE8C4 099:088.008 JLINK_IsHalted()
TE8C4 099:088.368 - 0.364ms returns FALSE
TE8C4 099:197.688 JLINK_IsHalted()
TE8C4 099:198.128 - 0.436ms returns FALSE
TE8C4 099:198.224 JLINK_IsHalted()
TE8C4 099:198.528 - 0.297ms returns FALSE
TE8C4 099:306.512 JLINK_IsHalted()
TE8C4 099:306.896 - 0.390ms returns FALSE
TE8C4 099:306.976 JLINK_IsHalted()
TE8C4 099:307.424 - 0.446ms returns FALSE
TE8C4 099:415.904 JLINK_IsHalted()
TE8C4 099:416.328 - 0.421ms returns FALSE
TE8C4 099:416.400 JLINK_IsHalted()
TE8C4 099:416.688 - 0.284ms returns FALSE
TE8C4 099:525.168 JLINK_IsHalted()
TE8C4 099:525.608 - 0.437ms returns FALSE
TE8C4 099:525.744 JLINK_IsHalted()
TE8C4 099:526.104 - 0.356ms returns FALSE
TE8C4 099:634.608 JLINK_IsHalted()
TE8C4 099:635.088 - 0.478ms returns FALSE
TE8C4 099:635.240 JLINK_IsHalted()
TE8C4 099:635.672 - 0.434ms returns FALSE
T5FB0 099:739.584 JLINK_IsHalted()
T5FB0 099:740.072 - 0.486ms returns FALSE
T5FB0 099:740.136 JLINK_IsHalted()
T5FB0 099:740.424 - 0.285ms returns FALSE
TE8C4 099:743.984 JLINK_IsHalted()
TE8C4 099:744.400 - 0.419ms returns FALSE
TE8C4 099:744.496 JLINK_IsHalted()
TE8C4 099:744.824 - 0.326ms returns FALSE
TE8C4 099:853.792 JLINK_IsHalted()
TE8C4 099:854.192 - 0.400ms returns FALSE
TE8C4 099:854.232 JLINK_IsHalted()
TE8C4 099:854.464 - 0.232ms returns FALSE
TE8C4 099:963.072 JLINK_IsHalted()
TE8C4 099:963.584 - 0.508ms returns FALSE
TE8C4 099:963.720 JLINK_IsHalted()
TE8C4 099:964.152 - 0.430ms returns FALSE
TE8C4 100:071.752 JLINK_IsHalted()
TE8C4 100:072.160 - 0.408ms returns FALSE
TE8C4 100:072.224 JLINK_IsHalted()
TE8C4 100:072.512 - 0.287ms returns FALSE
TE8C4 100:181.608 JLINK_IsHalted()
TE8C4 100:182.040 - 0.440ms returns FALSE
TE8C4 100:182.144 JLINK_IsHalted()
TE8C4 100:182.480 - 0.335ms returns FALSE
TE8C4 100:290.984 JLINK_IsHalted()
TE8C4 100:291.384 - 0.406ms returns FALSE
TE8C4 100:291.488 JLINK_IsHalted()
TE8C4 100:291.736 - 0.248ms returns FALSE
TE8C4 100:400.024 JLINK_IsHalted()
TE8C4 100:400.536 - 0.511ms returns FALSE
TE8C4 100:400.680 JLINK_IsHalted()
TE8C4 100:401.128 - 0.449ms returns FALSE
TE8C4 100:509.680 JLINK_IsHalted()
TE8C4 100:510.264 - 0.586ms returns FALSE
TE8C4 100:510.408 JLINK_IsHalted()
TE8C4 100:510.768 - 0.367ms returns FALSE
TE8C4 100:618.672 JLINK_IsHalted()
TE8C4 100:619.120 - 0.443ms returns FALSE
TE8C4 100:619.168 JLINK_IsHalted()
TE8C4 100:619.472 - 0.299ms returns FALSE
TE8C4 100:728.896 JLINK_IsHalted()
TE8C4 100:729.400 - 0.503ms returns FALSE
TE8C4 100:729.560 JLINK_IsHalted()
TE8C4 100:729.944 - 0.380ms returns FALSE
T5FB0 100:741.808 JLINK_IsHalted()
T5FB0 100:742.248 - 0.435ms returns FALSE
T5FB0 100:742.304 JLINK_IsHalted()
T5FB0 100:742.632 - 0.326ms returns FALSE
TE8C4 100:838.272 JLINK_IsHalted()
TE8C4 100:838.680 - 0.408ms returns FALSE
TE8C4 100:838.752 JLINK_IsHalted()
TE8C4 100:839.120 - 0.358ms returns FALSE
TE8C4 100:947.448 JLINK_IsHalted()
TE8C4 100:947.952 - 0.499ms returns FALSE
TE8C4 100:948.048 JLINK_IsHalted()
TE8C4 100:948.464 - 0.415ms returns FALSE
TE8C4 101:056.656 JLINK_IsHalted()
TE8C4 101:057.152 - 0.496ms returns FALSE
TE8C4 101:057.216 JLINK_IsHalted()
TE8C4 101:057.520 - 0.305ms returns FALSE
TE8C4 101:165.960 JLINK_IsHalted()
TE8C4 101:166.536 - 0.573ms returns FALSE
TE8C4 101:166.664 JLINK_IsHalted()
TE8C4 101:167.096 - 0.432ms returns FALSE
TE8C4 101:275.648 JLINK_IsHalted()
TE8C4 101:276.088 - 0.444ms returns FALSE
TE8C4 101:276.248 JLINK_IsHalted()
TE8C4 101:276.616 - 0.368ms returns FALSE
TE8C4 101:384.232 JLINK_IsHalted()
TE8C4 101:384.664 - 0.432ms returns FALSE
TE8C4 101:384.760 JLINK_IsHalted()
TE8C4 101:385.080 - 0.320ms returns FALSE
TE8C4 101:493.656 JLINK_IsHalted()
TE8C4 101:494.256 - 0.594ms returns FALSE
TE8C4 101:494.392 JLINK_IsHalted()
TE8C4 101:494.864 - 0.470ms returns FALSE
TE8C4 101:603.776 JLINK_IsHalted()
TE8C4 101:604.336 - 0.553ms returns FALSE
TE8C4 101:604.456 JLINK_IsHalted()
TE8C4 101:605.376 - 0.914ms returns FALSE
TE8C4 101:713.072 JLINK_IsHalted()
TE8C4 101:713.560 - 0.482ms returns FALSE
TE8C4 101:713.704 JLINK_IsHalted()
TE8C4 101:714.072 - 0.371ms returns FALSE
T5FB0 101:744.472 JLINK_IsHalted()
T5FB0 101:745.040 - 0.556ms returns FALSE
T5FB0 101:745.136 JLINK_IsHalted()
T5FB0 101:745.488 - 0.348ms returns FALSE
TE8C4 101:822.512 JLINK_IsHalted()
TE8C4 101:823.016 - 0.504ms returns FALSE
TE8C4 101:823.080 JLINK_IsHalted()
TE8C4 101:823.416 - 0.337ms returns FALSE
TE8C4 101:931.280 JLINK_IsHalted()
TE8C4 101:931.776 - 0.498ms returns FALSE
TE8C4 101:931.856 JLINK_IsHalted()
TE8C4 101:932.112 - 0.262ms returns FALSE
TE8C4 102:040.608 JLINK_IsHalted()
TE8C4 102:041.072 - 0.463ms returns FALSE
TE8C4 102:041.176 JLINK_IsHalted()
TE8C4 102:041.464 - 0.287ms returns FALSE
TE8C4 102:150.304 JLINK_IsHalted()
TE8C4 102:150.800 - 0.500ms returns FALSE
TE8C4 102:150.904 JLINK_IsHalted()
TE8C4 102:151.256 - 0.355ms returns FALSE
TE8C4 102:259.416 JLINK_IsHalted()
TE8C4 102:259.952 - 0.539ms returns FALSE
TE8C4 102:260.016 JLINK_IsHalted()
TE8C4 102:260.384 - 0.368ms returns FALSE
TE8C4 102:368.584 JLINK_IsHalted()
TE8C4 102:369.168 - 0.585ms returns FALSE
TE8C4 102:369.352 JLINK_IsHalted()
TE8C4 102:369.824 - 0.473ms returns FALSE
TE8C4 102:478.960 JLINK_IsHalted()
TE8C4 102:479.456 - 0.498ms returns FALSE
TE8C4 102:479.568 JLINK_IsHalted()
TE8C4 102:479.952 - 0.391ms returns FALSE
TE8C4 102:587.832 JLINK_IsHalted()
TE8C4 102:588.328 - 0.488ms returns FALSE
TE8C4 102:588.856 JLINK_IsHalted()
TE8C4 102:589.680 - 0.814ms returns FALSE
TE8C4 102:697.536 JLINK_IsHalted()
TE8C4 102:698.024 - 0.485ms returns FALSE
TE8C4 102:698.128 JLINK_IsHalted()
TE8C4 102:698.600 - 0.470ms returns FALSE
T5FB0 102:747.360 JLINK_IsHalted()
T5FB0 102:747.760 - 0.400ms returns FALSE
T5FB0 102:747.832 JLINK_IsHalted()
T5FB0 102:748.104 - 0.271ms returns FALSE
TE8C4 102:806.240 JLINK_IsHalted()
TE8C4 102:806.632 - 0.392ms returns FALSE
TE8C4 102:806.736 JLINK_IsHalted()
TE8C4 102:809.248 - 2.507ms returns FALSE
TE8C4 102:916.240 JLINK_IsHalted()
TE8C4 102:916.744 - 0.511ms returns FALSE
TE8C4 102:916.800 JLINK_IsHalted()
TE8C4 102:917.104 - 0.303ms returns FALSE
TE8C4 103:025.656 JLINK_IsHalted()
TE8C4 103:026.112 - 0.453ms returns FALSE
TE8C4 103:026.176 JLINK_IsHalted()
TE8C4 103:026.464 - 0.291ms returns FALSE
TE8C4 103:134.384 JLINK_IsHalted()
TE8C4 103:134.872 - 0.484ms returns FALSE
TE8C4 103:134.968 JLINK_IsHalted()
TE8C4 103:135.320 - 0.352ms returns FALSE
TE8C4 103:243.944 JLINK_IsHalted()
TE8C4 103:244.432 - 0.481ms returns FALSE
TE8C4 103:244.528 JLINK_IsHalted()
TE8C4 103:244.816 - 0.293ms returns FALSE
TE8C4 103:353.560 JLINK_IsHalted()
TE8C4 103:353.960 - 0.399ms returns FALSE
TE8C4 103:354.096 JLINK_IsHalted()
TE8C4 103:354.384 - 0.290ms returns FALSE
TE8C4 103:462.696 JLINK_IsHalted()
TE8C4 103:463.184 - 0.490ms returns FALSE
TE8C4 103:463.280 JLINK_IsHalted()
TE8C4 103:463.568 - 0.286ms returns FALSE
TE8C4 103:572.840 JLINK_IsHalted()
TE8C4 103:573.672 - 0.832ms returns FALSE
TE8C4 103:573.776 JLINK_IsHalted()
TE8C4 103:574.096 - 0.316ms returns FALSE
TE8C4 103:681.312 JLINK_IsHalted()
TE8C4 103:681.888 - 0.573ms returns FALSE
TE8C4 103:682.056 JLINK_IsHalted()
TE8C4 103:682.432 - 0.371ms returns FALSE
T5FB0 103:749.480 JLINK_IsHalted()
T5FB0 103:749.880 - 0.401ms returns FALSE
T5FB0 103:749.936 JLINK_IsHalted()
T5FB0 103:750.216 - 0.275ms returns FALSE
TE8C4 103:791.320 JLINK_IsHalted()
TE8C4 103:791.848 - 0.524ms returns FALSE
TE8C4 103:791.920 JLINK_IsHalted()
TE8C4 103:792.272 - 0.354ms returns FALSE
TE8C4 103:900.016 JLINK_IsHalted()
TE8C4 103:900.624 - 0.608ms returns FALSE
TE8C4 103:900.728 JLINK_IsHalted()
TE8C4 103:901.248 - 0.514ms returns FALSE
TE8C4 104:009.808 JLINK_IsHalted()
TE8C4 104:010.288 - 0.479ms returns FALSE
TE8C4 104:010.416 JLINK_IsHalted()
TE8C4 104:010.808 - 0.390ms returns FALSE
TE8C4 104:119.520 JLINK_IsHalted()
TE8C4 104:120.048 - 0.529ms returns FALSE
TE8C4 104:120.152 JLINK_IsHalted()
TE8C4 104:120.496 - 0.342ms returns FALSE
TE8C4 104:227.952 JLINK_IsHalted()
TE8C4 104:229.232 - 1.279ms returns FALSE
TE8C4 104:229.344 JLINK_IsHalted()
TE8C4 104:230.136 - 0.793ms returns FALSE
TE8C4 104:337.576 JLINK_IsHalted()
TE8C4 104:337.984 - 0.410ms returns FALSE
TE8C4 104:338.072 JLINK_IsHalted()
TE8C4 104:338.320 - 0.251ms returns FALSE
TE8C4 104:448.240 JLINK_IsHalted()
TE8C4 104:448.648 - 0.405ms returns FALSE
TE8C4 104:448.720 JLINK_IsHalted()
TE8C4 104:449.072 - 0.350ms returns FALSE
TE8C4 104:557.000 JLINK_IsHalted()
TE8C4 104:557.472 - 0.474ms returns FALSE
TE8C4 104:557.552 JLINK_IsHalted()
TE8C4 104:557.816 - 0.271ms returns FALSE
TE8C4 104:666.128 JLINK_IsHalted()
TE8C4 104:666.600 - 0.468ms returns FALSE
TE8C4 104:666.840 JLINK_IsHalted()
TE8C4 104:667.176 - 0.337ms returns FALSE
T5FB0 104:751.216 JLINK_IsHalted()
T5FB0 104:751.760 - 0.535ms returns FALSE
T5FB0 104:751.888 JLINK_IsHalted()
T5FB0 104:752.336 - 0.448ms returns FALSE
TE8C4 104:774.864 JLINK_IsHalted()
TE8C4 104:775.488 - 0.614ms returns FALSE
TE8C4 104:775.640 JLINK_IsHalted()
TE8C4 104:776.104 - 0.456ms returns FALSE
TE8C4 104:884.888 JLINK_IsHalted()
TE8C4 104:885.400 - 0.512ms returns FALSE
TE8C4 104:885.528 JLINK_IsHalted()
TE8C4 104:885.896 - 0.359ms returns FALSE
TE8C4 104:993.904 JLINK_IsHalted()
TE8C4 104:994.344 - 0.444ms returns FALSE
TE8C4 104:994.448 JLINK_IsHalted()
TE8C4 104:994.736 - 0.280ms returns FALSE
TE8C4 105:103.184 JLINK_IsHalted()
TE8C4 105:103.760 - 0.571ms returns FALSE
TE8C4 105:103.920 JLINK_IsHalted()
TE8C4 105:104.368 - 0.455ms returns FALSE
TE8C4 105:212.592 JLINK_IsHalted()
TE8C4 105:213.128 - 0.526ms returns FALSE
TE8C4 105:213.296 JLINK_IsHalted()
TE8C4 105:213.752 - 0.461ms returns FALSE
TE8C4 105:321.872 JLINK_IsHalted()
TE8C4 105:322.384 - 0.507ms returns FALSE
TE8C4 105:322.544 JLINK_IsHalted()
TE8C4 105:322.864 - 0.312ms returns FALSE
TE8C4 105:431.536 JLINK_IsHalted()
TE8C4 105:432.112 - 0.571ms returns FALSE
TE8C4 105:432.272 JLINK_IsHalted()
TE8C4 105:432.656 - 0.373ms returns FALSE
TE8C4 105:540.736 JLINK_IsHalted()
TE8C4 105:541.952 - 1.217ms returns FALSE
TE8C4 105:542.128 JLINK_IsHalted()
TE8C4 105:542.472 - 0.343ms returns FALSE
TE8C4 105:649.952 JLINK_IsHalted()
TE8C4 105:650.472 - 0.516ms returns FALSE
TE8C4 105:650.608 JLINK_IsHalted()
TE8C4 105:650.936 - 0.326ms returns FALSE
T5FB0 105:753.416 JLINK_IsHalted()
T5FB0 105:753.840 - 0.426ms returns FALSE
T5FB0 105:753.896 JLINK_IsHalted()
T5FB0 105:754.192 - 0.297ms returns FALSE
TE8C4 105:759.480 JLINK_IsHalted()
TE8C4 105:759.968 - 0.484ms returns FALSE
TE8C4 105:760.104 JLINK_IsHalted()
TE8C4 105:760.472 - 0.366ms returns FALSE
TE8C4 105:868.992 JLINK_IsHalted()
TE8C4 105:869.456 - 0.465ms returns FALSE
TE8C4 105:869.552 JLINK_IsHalted()
TE8C4 105:869.904 - 0.345ms returns FALSE
TE8C4 105:978.136 JLINK_IsHalted()
TE8C4 105:978.544 - 0.410ms returns FALSE
TE8C4 105:978.640 JLINK_IsHalted()
TE8C4 105:978.960 - 0.322ms returns FALSE
TE8C4 106:088.208 JLINK_IsHalted()
TE8C4 106:088.792 - 0.587ms returns FALSE
TE8C4 106:088.952 JLINK_IsHalted()
TE8C4 106:089.368 - 0.413ms returns FALSE
TE8C4 106:197.048 JLINK_IsHalted()
TE8C4 106:197.456 - 0.405ms returns FALSE
TE8C4 106:197.584 JLINK_IsHalted()
TE8C4 106:197.984 - 0.394ms returns FALSE
TE8C4 106:307.056 JLINK_IsHalted()
TE8C4 106:307.720 - 0.662ms returns FALSE
TE8C4 106:307.888 JLINK_IsHalted()
TE8C4 106:308.312 - 0.424ms returns FALSE
TE8C4 106:415.960 JLINK_IsHalted()
TE8C4 106:416.392 - 0.427ms returns FALSE
TE8C4 106:416.464 JLINK_IsHalted()
TE8C4 106:416.728 - 0.266ms returns FALSE
TE8C4 106:525.144 JLINK_IsHalted()
TE8C4 106:525.592 - 0.444ms returns FALSE
TE8C4 106:525.656 JLINK_IsHalted()
TE8C4 106:526.000 - 0.346ms returns FALSE
TE8C4 106:635.088 JLINK_IsHalted()
TE8C4 106:635.576 - 0.498ms returns FALSE
TE8C4 106:635.696 JLINK_IsHalted()
TE8C4 106:636.256 - 0.560ms returns FALSE
TE8C4 106:744.120 JLINK_IsHalted()
TE8C4 106:744.688 - 0.559ms returns FALSE
TE8C4 106:744.848 JLINK_IsHalted()
TE8C4 106:745.192 - 0.342ms returns FALSE
T5FB0 106:755.472 JLINK_IsHalted()
T5FB0 106:755.840 - 0.369ms returns FALSE
T5FB0 106:755.880 JLINK_IsHalted()
T5FB0 106:756.112 - 0.236ms returns FALSE
TE8C4 106:853.040 JLINK_IsHalted()
TE8C4 106:860.368 - 7.316ms returns FALSE
TE8C4 106:860.432 JLINK_IsHalted()
TE8C4 106:860.696 - 0.262ms returns FALSE
TE8C4 106:962.576 JLINK_IsHalted()
TE8C4 106:963.000 - 0.429ms returns FALSE
TE8C4 106:963.048 JLINK_IsHalted()
TE8C4 106:963.344 - 0.297ms returns FALSE
TE8C4 107:072.296 JLINK_IsHalted()
TE8C4 107:072.640 - 0.341ms returns FALSE
TE8C4 107:072.688 JLINK_IsHalted()
TE8C4 107:072.912 - 0.228ms returns FALSE
TE8C4 107:181.232 JLINK_IsHalted()
TE8C4 107:181.816 - 0.586ms returns FALSE
TE8C4 107:181.976 JLINK_IsHalted()
TE8C4 107:182.480 - 0.501ms returns FALSE
TE8C4 107:291.384 JLINK_IsHalted()
TE8C4 107:291.928 - 0.541ms returns FALSE
TE8C4 107:292.096 JLINK_IsHalted()
TE8C4 107:292.552 - 0.451ms returns FALSE
TE8C4 107:400.744 JLINK_IsHalted()
TE8C4 107:401.232 - 0.486ms returns FALSE
TE8C4 107:401.328 JLINK_IsHalted()
TE8C4 107:401.664 - 0.338ms returns FALSE
TE8C4 107:510.000 JLINK_IsHalted()
TE8C4 107:510.552 - 0.546ms returns FALSE
TE8C4 107:510.616 JLINK_IsHalted()
TE8C4 107:510.928 - 0.300ms returns FALSE
TE8C4 107:619.248 JLINK_IsHalted()
TE8C4 107:619.664 - 0.410ms returns FALSE
TE8C4 107:619.736 JLINK_IsHalted()
TE8C4 107:620.048 - 0.306ms returns FALSE
TE8C4 107:728.432 JLINK_IsHalted()
TE8C4 107:728.936 - 0.500ms returns FALSE
TE8C4 107:729.104 JLINK_IsHalted()
TE8C4 107:729.600 - 0.491ms returns FALSE
T5FB0 107:757.904 JLINK_IsHalted()
T5FB0 107:758.352 - 0.446ms returns FALSE
T5FB0 107:758.416 JLINK_IsHalted()
T5FB0 107:758.704 - 0.295ms returns FALSE
TE8C4 107:837.840 JLINK_IsHalted()
TE8C4 107:838.352 - 0.514ms returns FALSE
TE8C4 107:838.448 JLINK_IsHalted()
TE8C4 107:839.024 - 0.564ms returns FALSE
TE8C4 107:946.704 JLINK_IsHalted()
TE8C4 107:947.136 - 0.429ms returns FALSE
TE8C4 107:947.240 JLINK_IsHalted()
TE8C4 107:947.560 - 0.329ms returns FALSE
TE8C4 108:056.664 JLINK_IsHalted()
TE8C4 108:057.192 - 0.521ms returns FALSE
TE8C4 108:057.280 JLINK_IsHalted()
TE8C4 108:057.664 - 0.380ms returns FALSE
TE8C4 108:166.000 JLINK_IsHalted()
TE8C4 108:166.440 - 0.444ms returns FALSE
TE8C4 108:166.552 JLINK_IsHalted()
TE8C4 108:166.864 - 0.313ms returns FALSE
TE8C4 108:274.800 JLINK_IsHalted()
TE8C4 108:275.280 - 0.477ms returns FALSE
TE8C4 108:275.416 JLINK_IsHalted()
TE8C4 108:275.800 - 0.371ms returns FALSE
TE8C4 108:384.512 JLINK_IsHalted()
TE8C4 108:384.984 - 0.468ms returns FALSE
TE8C4 108:385.088 JLINK_IsHalted()
TE8C4 108:385.472 - 0.381ms returns FALSE
TE8C4 108:493.656 JLINK_IsHalted()
TE8C4 108:494.096 - 0.434ms returns FALSE
TE8C4 108:494.184 JLINK_IsHalted()
TE8C4 108:494.448 - 0.275ms returns FALSE
TE8C4 108:603.736 JLINK_IsHalted()
TE8C4 108:604.312 - 0.584ms returns FALSE
TE8C4 108:604.456 JLINK_IsHalted()
TE8C4 108:604.840 - 0.374ms returns FALSE
TE8C4 108:713.408 JLINK_IsHalted()
TE8C4 108:713.896 - 0.473ms returns FALSE
TE8C4 108:713.984 JLINK_IsHalted()
TE8C4 108:714.304 - 0.320ms returns FALSE
T5FB0 108:760.296 JLINK_IsHalted()
T5FB0 108:760.816 - 0.524ms returns FALSE
T5FB0 108:760.960 JLINK_IsHalted()
T5FB0 108:761.344 - 0.379ms returns FALSE
TE8C4 108:822.352 JLINK_IsHalted()
TE8C4 108:822.800 - 0.452ms returns FALSE
TE8C4 108:822.872 JLINK_IsHalted()
TE8C4 108:823.232 - 0.358ms returns FALSE
TE8C4 108:931.176 JLINK_IsHalted()
TE8C4 108:931.816 - 0.634ms returns FALSE
TE8C4 108:931.984 JLINK_IsHalted()
TE8C4 108:932.416 - 0.441ms returns FALSE
TE8C4 109:040.856 JLINK_IsHalted()
TE8C4 109:041.360 - 0.498ms returns FALSE
TE8C4 109:041.520 JLINK_IsHalted()
TE8C4 109:041.904 - 0.376ms returns FALSE
TE8C4 109:150.512 JLINK_IsHalted()
TE8C4 109:150.992 - 0.469ms returns FALSE
TE8C4 109:151.080 JLINK_IsHalted()
TE8C4 109:151.408 - 0.330ms returns FALSE
TE8C4 109:259.352 JLINK_IsHalted()
TE8C4 109:259.760 - 0.408ms returns FALSE
TE8C4 109:259.824 JLINK_IsHalted()
TE8C4 109:260.120 - 0.291ms returns FALSE
TE8C4 109:368.912 JLINK_IsHalted()
TE8C4 109:369.472 - 0.558ms returns FALSE
TE8C4 109:369.552 JLINK_IsHalted()
TE8C4 109:369.904 - 0.359ms returns FALSE
TE8C4 109:479.512 JLINK_IsHalted()
TE8C4 109:480.064 - 0.543ms returns FALSE
TE8C4 109:480.192 JLINK_IsHalted()
TE8C4 109:480.616 - 0.423ms returns FALSE
TE8C4 109:587.888 JLINK_IsHalted()
TE8C4 109:588.328 - 0.435ms returns FALSE
TE8C4 109:588.392 JLINK_IsHalted()
TE8C4 109:588.688 - 0.299ms returns FALSE
TE8C4 109:697.168 JLINK_IsHalted()
TE8C4 109:697.576 - 0.410ms returns FALSE
TE8C4 109:697.664 JLINK_IsHalted()
TE8C4 109:697.944 - 0.271ms returns FALSE
T5FB0 109:763.096 JLINK_IsHalted()
T5FB0 109:763.440 - 0.345ms returns FALSE
T5FB0 109:763.496 JLINK_IsHalted()
T5FB0 109:763.800 - 0.303ms returns FALSE
TE8C4 109:807.464 JLINK_IsHalted()
TE8C4 109:807.856 - 0.405ms returns FALSE
TE8C4 109:807.920 JLINK_IsHalted()
TE8C4 109:808.208 - 0.283ms returns FALSE
TE8C4 109:915.760 JLINK_IsHalted()
TE8C4 109:916.304 - 0.535ms returns FALSE
TE8C4 109:916.352 JLINK_IsHalted()
TE8C4 109:916.632 - 0.278ms returns FALSE
TE8C4 110:026.136 JLINK_IsHalted()
TE8C4 110:026.560 - 0.418ms returns FALSE
TE8C4 110:026.648 JLINK_IsHalted()
TE8C4 110:026.968 - 0.318ms returns FALSE
TE8C4 110:134.872 JLINK_IsHalted()
TE8C4 110:135.232 - 0.352ms returns FALSE
TE8C4 110:135.280 JLINK_IsHalted()
TE8C4 110:135.576 - 0.293ms returns FALSE
TE8C4 110:243.856 JLINK_IsHalted()
TE8C4 110:244.480 - 0.622ms returns FALSE
TE8C4 110:244.624 JLINK_IsHalted()
TE8C4 110:245.080 - 0.469ms returns FALSE
TE8C4 110:353.664 JLINK_IsHalted()
TE8C4 110:354.008 - 0.353ms returns FALSE
TE8C4 110:354.088 JLINK_IsHalted()
TE8C4 110:354.352 - 0.268ms returns FALSE
TE8C4 110:463.256 JLINK_IsHalted()
TE8C4 110:463.728 - 0.475ms returns FALSE
TE8C4 110:463.792 JLINK_IsHalted()
TE8C4 110:464.088 - 0.287ms returns FALSE
TE8C4 110:572.112 JLINK_IsHalted()
TE8C4 110:572.496 - 0.384ms returns FALSE
TE8C4 110:572.560 JLINK_IsHalted()
TE8C4 110:572.824 - 0.264ms returns FALSE
TE8C4 110:681.240 JLINK_IsHalted()
TE8C4 110:681.728 - 0.485ms returns FALSE
TE8C4 110:681.840 JLINK_IsHalted()
TE8C4 110:682.264 - 0.428ms returns FALSE
T5FB0 110:764.496 JLINK_IsHalted()
T5FB0 110:764.912 - 0.416ms returns FALSE
T5FB0 110:764.968 JLINK_IsHalted()
T5FB0 110:765.248 - 0.280ms returns FALSE
TE8C4 110:790.656 JLINK_IsHalted()
TE8C4 110:791.104 - 0.445ms returns FALSE
TE8C4 110:791.248 JLINK_IsHalted()
TE8C4 110:791.600 - 0.355ms returns FALSE
TE8C4 110:900.504 JLINK_IsHalted()
TE8C4 110:900.928 - 0.427ms returns FALSE
TE8C4 110:901.032 JLINK_IsHalted()
TE8C4 110:901.336 - 0.315ms returns FALSE
TE8C4 111:009.520 JLINK_IsHalted()
TE8C4 111:010.008 - 0.479ms returns FALSE
TE8C4 111:010.160 JLINK_IsHalted()
TE8C4 111:010.544 - 0.374ms returns FALSE
TE8C4 111:119.280 JLINK_IsHalted()
TE8C4 111:119.808 - 0.525ms returns FALSE
TE8C4 111:119.976 JLINK_IsHalted()
TE8C4 111:120.360 - 0.377ms returns FALSE
TE8C4 111:228.240 JLINK_IsHalted()
TE8C4 111:228.752 - 0.515ms returns FALSE
TE8C4 111:228.888 JLINK_IsHalted()
TE8C4 111:229.336 - 0.447ms returns FALSE
TE8C4 111:337.472 JLINK_IsHalted()
TE8C4 111:337.896 - 0.428ms returns FALSE
TE8C4 111:337.968 JLINK_IsHalted()
TE8C4 111:338.264 - 0.287ms returns FALSE
TE8C4 111:446.872 JLINK_IsHalted()
TE8C4 111:447.296 - 0.424ms returns FALSE
TE8C4 111:447.376 JLINK_IsHalted()
TE8C4 111:447.728 - 0.355ms returns FALSE
TE8C4 111:556.288 JLINK_IsHalted()
TE8C4 111:556.720 - 0.437ms returns FALSE
TE8C4 111:556.880 JLINK_IsHalted()
TE8C4 111:557.224 - 0.343ms returns FALSE
TE8C4 111:665.576 JLINK_IsHalted()
TE8C4 111:665.984 - 0.411ms returns FALSE
TE8C4 111:666.072 JLINK_IsHalted()
TE8C4 111:666.392 - 0.319ms returns FALSE
T5FB0 111:765.520 JLINK_IsHalted()
T5FB0 111:765.936 - 0.431ms returns FALSE
T5FB0 111:766.032 JLINK_IsHalted()
T5FB0 111:766.288 - 0.262ms returns FALSE
TE8C4 111:775.640 JLINK_IsHalted()
TE8C4 111:776.080 - 0.433ms returns FALSE
TE8C4 111:776.216 JLINK_IsHalted()
TE8C4 111:776.552 - 0.324ms returns FALSE
TE8C4 111:885.120 JLINK_IsHalted()
TE8C4 111:885.528 - 0.409ms returns FALSE
TE8C4 111:885.568 JLINK_IsHalted()
TE8C4 111:885.808 - 0.238ms returns FALSE
TE8C4 111:994.520 JLINK_IsHalted()
TE8C4 111:994.960 - 0.431ms returns FALSE
TE8C4 111:995.024 JLINK_IsHalted()
TE8C4 111:995.312 - 0.287ms returns FALSE
TE8C4 112:103.000 JLINK_IsHalted()
TE8C4 112:103.400 - 0.395ms returns FALSE
TE8C4 112:103.552 JLINK_IsHalted()
TE8C4 112:103.888 - 0.334ms returns FALSE
TE8C4 112:213.144 JLINK_IsHalted()
TE8C4 112:213.696 - 0.547ms returns FALSE
TE8C4 112:213.840 JLINK_IsHalted()
TE8C4 112:214.248 - 0.403ms returns FALSE
TE8C4 112:321.752 JLINK_IsHalted()
TE8C4 112:322.328 - 0.576ms returns FALSE
TE8C4 112:322.472 JLINK_IsHalted()
TE8C4 112:322.864 - 0.399ms returns FALSE
TE8C4 112:431.056 JLINK_IsHalted()
TE8C4 112:431.384 - 0.343ms returns FALSE
TE8C4 112:431.440 JLINK_IsHalted()
TE8C4 112:431.744 - 0.308ms returns FALSE
TE8C4 112:541.288 JLINK_IsHalted()
TE8C4 112:541.696 - 0.403ms returns FALSE
TE8C4 112:541.784 JLINK_IsHalted()
TE8C4 112:542.128 - 0.344ms returns FALSE
TE8C4 112:650.664 JLINK_IsHalted()
TE8C4 112:651.120 - 0.452ms returns FALSE
TE8C4 112:651.224 JLINK_IsHalted()
TE8C4 112:651.504 - 0.283ms returns FALSE
TE8C4 112:759.232 JLINK_IsHalted()
TE8C4 112:759.696 - 0.460ms returns FALSE
TE8C4 112:759.832 JLINK_IsHalted()
TE8C4 112:760.216 - 0.375ms returns FALSE
T5FB0 112:767.984 JLINK_IsHalted()
T5FB0 112:768.296 - 0.307ms returns FALSE
T5FB0 112:768.360 JLINK_IsHalted()
T5FB0 112:768.664 - 0.305ms returns FALSE
TE8C4 112:869.264 JLINK_IsHalted()
TE8C4 112:869.744 - 0.493ms returns FALSE
TE8C4 112:869.888 JLINK_IsHalted()
TE8C4 112:870.272 - 0.383ms returns FALSE
TE8C4 112:978.496 JLINK_IsHalted()
TE8C4 112:978.856 - 0.365ms returns FALSE
TE8C4 112:978.960 JLINK_IsHalted()
TE8C4 112:979.288 - 0.333ms returns FALSE
TE8C4 113:087.728 JLINK_IsHalted()
TE8C4 113:088.128 - 0.396ms returns FALSE
TE8C4 113:088.192 JLINK_IsHalted()
TE8C4 113:088.488 - 0.293ms returns FALSE
TE8C4 113:197.016 JLINK_IsHalted()
TE8C4 113:197.400 - 0.386ms returns FALSE
TE8C4 113:197.456 JLINK_IsHalted()
TE8C4 113:197.680 - 0.220ms returns FALSE
TE8C4 113:306.472 JLINK_IsHalted()
TE8C4 113:306.928 - 0.461ms returns FALSE
TE8C4 113:307.008 JLINK_IsHalted()
TE8C4 113:307.376 - 0.362ms returns FALSE
TE8C4 113:416.144 JLINK_IsHalted()
TE8C4 113:416.576 - 0.437ms returns FALSE
TE8C4 113:416.680 JLINK_IsHalted()
TE8C4 113:417.512 - 0.830ms returns FALSE
TE8C4 113:525.672 JLINK_IsHalted()
TE8C4 113:526.144 - 0.464ms returns FALSE
TE8C4 113:526.296 JLINK_IsHalted()
TE8C4 113:526.632 - 0.334ms returns FALSE
TE8C4 113:634.456 JLINK_IsHalted()
TE8C4 113:634.968 - 0.511ms returns FALSE
TE8C4 113:635.112 JLINK_IsHalted()
TE8C4 113:635.480 - 0.372ms returns FALSE
TE8C4 113:744.408 JLINK_IsHalted()
TE8C4 113:744.848 - 0.429ms returns FALSE
TE8C4 113:744.896 JLINK_IsHalted()
TE8C4 113:745.232 - 0.334ms returns FALSE
T5FB0 113:769.176 JLINK_IsHalted()
T5FB0 113:769.704 - 0.522ms returns FALSE
T5FB0 113:769.816 JLINK_IsHalted()
T5FB0 113:770.112 - 0.299ms returns FALSE
TE8C4 113:853.184 JLINK_IsHalted()
TE8C4 113:853.744 - 0.569ms returns FALSE
TE8C4 113:853.912 JLINK_IsHalted()
TE8C4 113:854.296 - 0.391ms returns FALSE
TE8C4 113:962.728 JLINK_IsHalted()
TE8C4 113:963.216 - 0.474ms returns FALSE
TE8C4 113:963.304 JLINK_IsHalted()
TE8C4 113:963.688 - 0.382ms returns FALSE
TE8C4 114:072.600 JLINK_IsHalted()
TE8C4 114:073.584 - 0.990ms returns FALSE
TE8C4 114:073.640 JLINK_IsHalted()
TE8C4 114:073.936 - 0.283ms returns FALSE
TE8C4 114:181.144 JLINK_IsHalted()
TE8C4 114:181.800 - 0.651ms returns FALSE
TE8C4 114:181.840 JLINK_IsHalted()
TE8C4 114:182.144 - 0.302ms returns FALSE
TE8C4 114:290.600 JLINK_IsHalted()
TE8C4 114:291.120 - 0.516ms returns FALSE
TE8C4 114:291.280 JLINK_IsHalted()
TE8C4 114:291.632 - 0.363ms returns FALSE
TE8C4 114:400.208 JLINK_IsHalted()
TE8C4 114:400.576 - 0.373ms returns FALSE
TE8C4 114:400.640 JLINK_IsHalted()
TE8C4 114:400.920 - 0.287ms returns FALSE
TE8C4 114:509.184 JLINK_IsHalted()
TE8C4 114:509.544 - 0.358ms returns FALSE
TE8C4 114:509.608 JLINK_IsHalted()
TE8C4 114:509.888 - 0.278ms returns FALSE
TE8C4 114:618.880 JLINK_IsHalted()
TE8C4 114:619.264 - 0.390ms returns FALSE
TE8C4 114:619.328 JLINK_IsHalted()
TE8C4 114:619.696 - 0.369ms returns FALSE
TE8C4 114:728.472 JLINK_IsHalted()
TE8C4 114:728.912 - 0.439ms returns FALSE
TE8C4 114:728.960 JLINK_IsHalted()
TE8C4 114:729.192 - 0.230ms returns FALSE
T5FB0 114:772.312 JLINK_IsHalted()
T5FB0 114:772.720 - 0.410ms returns FALSE
T5FB0 114:772.784 JLINK_IsHalted()
T5FB0 114:773.072 - 0.283ms returns FALSE
TE8C4 114:838.336 JLINK_IsHalted()
TE8C4 114:838.760 - 0.416ms returns FALSE
TE8C4 114:838.808 JLINK_IsHalted()
TE8C4 114:839.040 - 0.230ms returns FALSE
TE8C4 114:946.648 JLINK_IsHalted()
TE8C4 114:947.032 - 0.375ms returns FALSE
TE8C4 114:947.088 JLINK_IsHalted()
TE8C4 114:947.376 - 0.299ms returns FALSE
TE8C4 115:056.432 JLINK_IsHalted()
TE8C4 115:057.344 - 0.907ms returns FALSE
TE8C4 115:057.424 JLINK_IsHalted()
TE8C4 115:057.744 - 0.324ms returns FALSE
TE8C4 115:165.720 JLINK_IsHalted()
TE8C4 115:166.208 - 0.480ms returns FALSE
TE8C4 115:166.352 JLINK_IsHalted()
TE8C4 115:166.704 - 0.357ms returns FALSE
TE8C4 115:275.560 JLINK_IsHalted()
TE8C4 115:276.008 - 0.447ms returns FALSE
TE8C4 115:276.112 JLINK_IsHalted()
TE8C4 115:276.456 - 0.349ms returns FALSE
TE8C4 115:385.000 JLINK_IsHalted()
TE8C4 115:385.392 - 0.393ms returns FALSE
TE8C4 115:385.448 JLINK_IsHalted()
TE8C4 115:385.664 - 0.223ms returns FALSE
TE8C4 115:494.096 JLINK_IsHalted()
TE8C4 115:494.864 - 0.769ms returns FALSE
TE8C4 115:494.928 JLINK_IsHalted()
TE8C4 115:495.152 - 0.241ms returns FALSE
TE8C4 115:603.304 JLINK_IsHalted()
TE8C4 115:603.840 - 0.528ms returns FALSE
TE8C4 115:603.888 JLINK_IsHalted()
TE8C4 115:604.208 - 0.314ms returns FALSE
TE8C4 115:713.280 JLINK_IsHalted()
TE8C4 115:713.776 - 0.509ms returns FALSE
TE8C4 115:713.920 JLINK_IsHalted()
TE8C4 115:714.240 - 0.321ms returns FALSE
T5FB0 115:774.576 JLINK_IsHalted()
T5FB0 115:775.016 - 0.427ms returns FALSE
T5FB0 115:775.064 JLINK_IsHalted()
T5FB0 115:775.336 - 0.257ms returns FALSE
TE8C4 115:821.912 JLINK_IsHalted()
TE8C4 115:822.320 - 0.403ms returns FALSE
TE8C4 115:822.416 JLINK_IsHalted()
TE8C4 115:822.744 - 0.336ms returns FALSE
TE8C4 115:932.048 JLINK_IsHalted()
TE8C4 115:932.568 - 0.526ms returns FALSE
TE8C4 115:932.720 JLINK_IsHalted()
TE8C4 115:933.072 - 0.343ms returns FALSE
TE8C4 116:041.112 JLINK_IsHalted()
TE8C4 116:041.584 - 0.469ms returns FALSE
TE8C4 116:041.752 JLINK_IsHalted()
TE8C4 116:042.136 - 0.382ms returns FALSE
TE8C4 116:150.992 JLINK_IsHalted()
TE8C4 116:151.424 - 0.433ms returns FALSE
TE8C4 116:151.528 JLINK_IsHalted()
TE8C4 116:151.856 - 0.340ms returns FALSE
TE8C4 116:259.728 JLINK_IsHalted()
TE8C4 116:260.176 - 0.456ms returns FALSE
TE8C4 116:260.264 JLINK_IsHalted()
TE8C4 116:260.504 - 0.251ms returns FALSE
TE8C4 116:369.240 JLINK_IsHalted()
TE8C4 116:369.856 - 0.615ms returns FALSE
TE8C4 116:370.024 JLINK_IsHalted()
TE8C4 116:370.432 - 0.405ms returns FALSE
TE8C4 116:478.832 JLINK_IsHalted()
TE8C4 116:479.248 - 0.399ms returns FALSE
TE8C4 116:479.336 JLINK_IsHalted()
TE8C4 116:479.656 - 0.320ms returns FALSE
TE8C4 116:588.184 JLINK_IsHalted()
TE8C4 116:588.560 - 0.367ms returns FALSE
TE8C4 116:588.608 JLINK_IsHalted()
TE8C4 116:588.904 - 0.296ms returns FALSE
TE8C4 116:697.128 JLINK_IsHalted()
TE8C4 116:697.616 - 0.477ms returns FALSE
TE8C4 116:697.744 JLINK_IsHalted()
TE8C4 116:698.088 - 0.336ms returns FALSE
T5FB0 116:776.664 JLINK_IsHalted()
T5FB0 116:777.064 - 0.402ms returns FALSE
T5FB0 116:777.136 JLINK_IsHalted()
T5FB0 116:777.432 - 0.295ms returns FALSE
TE8C4 116:806.736 JLINK_IsHalted()
TE8C4 116:807.120 - 0.375ms returns FALSE
TE8C4 116:807.216 JLINK_IsHalted()
TE8C4 116:807.536 - 0.314ms returns FALSE
TE8C4 116:916.520 JLINK_IsHalted()
TE8C4 116:916.976 - 0.461ms returns FALSE
TE8C4 116:917.040 JLINK_IsHalted()
TE8C4 116:917.352 - 0.298ms returns FALSE
TE8C4 117:025.536 JLINK_IsHalted()
TE8C4 117:025.880 - 0.349ms returns FALSE
TE8C4 117:025.984 JLINK_IsHalted()
TE8C4 117:026.216 - 0.239ms returns FALSE
TE8C4 117:134.544 JLINK_IsHalted()
TE8C4 117:134.992 - 0.448ms returns FALSE
TE8C4 117:135.080 JLINK_IsHalted()
TE8C4 117:135.408 - 0.329ms returns FALSE
TE8C4 117:244.224 JLINK_IsHalted()
TE8C4 117:244.736 - 0.505ms returns FALSE
TE8C4 117:244.880 JLINK_IsHalted()
TE8C4 117:245.272 - 0.394ms returns FALSE
TE8C4 117:353.280 JLINK_IsHalted()
TE8C4 117:353.728 - 0.447ms returns FALSE
TE8C4 117:353.808 JLINK_IsHalted()
TE8C4 117:354.112 - 0.310ms returns FALSE
TE8C4 117:462.936 JLINK_IsHalted()
TE8C4 117:463.320 - 0.379ms returns FALSE
TE8C4 117:463.384 JLINK_IsHalted()
TE8C4 117:463.680 - 0.287ms returns FALSE
TE8C4 117:571.728 JLINK_IsHalted()
TE8C4 117:572.096 - 0.378ms returns FALSE
TE8C4 117:572.200 JLINK_IsHalted()
TE8C4 117:572.528 - 0.337ms returns FALSE
TE8C4 117:681.200 JLINK_IsHalted()
TE8C4 117:681.664 - 0.467ms returns FALSE
TE8C4 117:681.752 JLINK_IsHalted()
TE8C4 117:682.096 - 0.340ms returns FALSE
T5FB0 117:778.944 JLINK_IsHalted()
T5FB0 117:779.408 - 0.462ms returns FALSE
T5FB0 117:779.504 JLINK_IsHalted()
T5FB0 117:779.824 - 0.311ms returns FALSE
TE8C4 117:790.928 JLINK_IsHalted()
TE8C4 117:791.336 - 0.407ms returns FALSE
TE8C4 117:791.408 JLINK_IsHalted()
TE8C4 117:791.696 - 0.281ms returns FALSE
TE8C4 117:900.824 JLINK_IsHalted()
TE8C4 117:901.296 - 0.484ms returns FALSE
TE8C4 117:901.392 JLINK_IsHalted()
TE8C4 117:901.696 - 0.307ms returns FALSE
TE8C4 118:010.072 JLINK_IsHalted()
TE8C4 118:010.520 - 0.441ms returns FALSE
TE8C4 118:010.664 JLINK_IsHalted()
TE8C4 118:011.072 - 0.404ms returns FALSE
TE8C4 118:118.608 JLINK_IsHalted()
TE8C4 118:119.056 - 0.452ms returns FALSE
TE8C4 118:119.144 JLINK_IsHalted()
TE8C4 118:119.472 - 0.335ms returns FALSE
TE8C4 118:228.864 JLINK_IsHalted()
TE8C4 118:229.392 - 0.531ms returns FALSE
TE8C4 118:229.528 JLINK_IsHalted()
TE8C4 118:229.904 - 0.370ms returns FALSE
TE8C4 118:338.136 JLINK_IsHalted()
TE8C4 118:338.560 - 0.418ms returns FALSE
TE8C4 118:338.640 JLINK_IsHalted()
TE8C4 118:338.896 - 0.256ms returns FALSE
TE8C4 118:446.864 JLINK_IsHalted()
TE8C4 118:447.312 - 0.450ms returns FALSE
TE8C4 118:447.360 JLINK_IsHalted()
TE8C4 118:447.680 - 0.313ms returns FALSE
TE8C4 118:556.248 JLINK_IsHalted()
TE8C4 118:556.648 - 0.397ms returns FALSE
TE8C4 118:556.696 JLINK_IsHalted()
TE8C4 118:556.912 - 0.218ms returns FALSE
TE8C4 118:665.896 JLINK_IsHalted()
TE8C4 118:666.352 - 0.463ms returns FALSE
TE8C4 118:666.432 JLINK_IsHalted()
TE8C4 118:666.704 - 0.272ms returns FALSE
TE8C4 118:774.864 JLINK_IsHalted()
TE8C4 118:775.320 - 0.455ms returns FALSE
TE8C4 118:775.408 JLINK_IsHalted()
TE8C4 118:775.728 - 0.327ms returns FALSE
T5FB0 118:781.184 JLINK_IsHalted()
T5FB0 118:781.584 - 0.394ms returns FALSE
T5FB0 118:781.712 JLINK_IsHalted()
T5FB0 118:781.992 - 0.285ms returns FALSE
TE8C4 118:884.312 JLINK_IsHalted()
TE8C4 118:884.712 - 0.400ms returns FALSE
TE8C4 118:884.816 JLINK_IsHalted()
TE8C4 118:885.104 - 0.302ms returns FALSE
TE8C4 118:994.024 JLINK_IsHalted()
TE8C4 118:994.584 - 0.550ms returns FALSE
TE8C4 118:994.736 JLINK_IsHalted()
TE8C4 118:995.160 - 0.423ms returns FALSE
TE8C4 119:103.856 JLINK_IsHalted()
TE8C4 119:104.208 - 0.338ms returns FALSE
TE8C4 119:104.240 JLINK_IsHalted()
TE8C4 119:104.472 - 0.225ms returns FALSE
TE8C4 119:212.544 JLINK_IsHalted()
TE8C4 119:212.944 - 0.399ms returns FALSE
TE8C4 119:213.008 JLINK_IsHalted()
TE8C4 119:213.296 - 0.285ms returns FALSE
TE8C4 119:321.944 JLINK_IsHalted()
TE8C4 119:322.384 - 0.431ms returns FALSE
TE8C4 119:322.512 JLINK_IsHalted()
TE8C4 119:323.032 - 0.527ms returns FALSE
TE8C4 119:431.664 JLINK_IsHalted()
TE8C4 119:432.128 - 0.455ms returns FALSE
TE8C4 119:432.240 JLINK_IsHalted()
TE8C4 119:432.616 - 0.367ms returns FALSE
TE8C4 119:540.864 JLINK_IsHalted()
TE8C4 119:541.312 - 0.444ms returns FALSE
TE8C4 119:541.392 JLINK_IsHalted()
TE8C4 119:541.712 - 0.321ms returns FALSE
TE8C4 119:650.496 JLINK_IsHalted()
TE8C4 119:650.880 - 0.383ms returns FALSE
TE8C4 119:650.928 JLINK_IsHalted()
TE8C4 119:651.152 - 0.218ms returns FALSE
TE8C4 119:759.448 JLINK_IsHalted()
TE8C4 119:759.984 - 0.531ms returns FALSE
TE8C4 119:760.144 JLINK_IsHalted()
TE8C4 119:760.616 - 0.465ms returns FALSE
T5FB0 119:783.632 JLINK_IsHalted()
T5FB0 119:784.016 - 0.389ms returns FALSE
T5FB0 119:784.048 JLINK_IsHalted()
T5FB0 119:784.368 - 0.318ms returns FALSE
TE8C4 119:868.720 JLINK_IsHalted()
TE8C4 119:869.136 - 0.408ms returns FALSE
TE8C4 119:869.200 JLINK_IsHalted()
TE8C4 119:869.520 - 0.324ms returns FALSE
TE8C4 119:978.032 JLINK_IsHalted()
TE8C4 119:978.432 - 0.399ms returns FALSE
TE8C4 119:978.480 JLINK_IsHalted()
TE8C4 119:978.776 - 0.286ms returns FALSE
TE8C4 120:087.872 JLINK_IsHalted()
TE8C4 120:088.296 - 0.427ms returns FALSE
TE8C4 120:088.344 JLINK_IsHalted()
TE8C4 120:088.624 - 0.280ms returns FALSE
TE8C4 120:196.928 JLINK_IsHalted()
TE8C4 120:197.360 - 0.431ms returns FALSE
TE8C4 120:197.464 JLINK_IsHalted()
TE8C4 120:197.744 - 0.285ms returns FALSE
TE8C4 120:306.384 JLINK_IsHalted()
TE8C4 120:308.112 - 1.723ms returns FALSE
TE8C4 120:308.160 JLINK_IsHalted()
TE8C4 120:308.400 - 0.242ms returns FALSE
TE8C4 120:415.728 JLINK_IsHalted()
TE8C4 120:416.088 - 0.350ms returns FALSE
TE8C4 120:416.240 JLINK_IsHalted()
TE8C4 120:416.512 - 0.269ms returns FALSE
TE8C4 120:525.096 JLINK_IsHalted()
TE8C4 120:525.656 - 0.565ms returns FALSE
TE8C4 120:525.712 JLINK_IsHalted()
TE8C4 120:525.992 - 0.285ms returns FALSE
TE8C4 120:634.416 JLINK_IsHalted()
TE8C4 120:634.880 - 0.471ms returns FALSE
TE8C4 120:635.024 JLINK_IsHalted()
TE8C4 120:635.392 - 0.369ms returns FALSE
TE8C4 120:744.296 JLINK_IsHalted()
TE8C4 120:744.680 - 0.390ms returns FALSE
TE8C4 120:744.752 JLINK_IsHalted()
TE8C4 120:745.048 - 0.297ms returns FALSE
T5FB0 120:785.088 JLINK_IsHalted()
T5FB0 120:785.520 - 0.428ms returns FALSE
T5FB0 120:785.600 JLINK_IsHalted()
T5FB0 120:785.944 - 0.344ms returns FALSE
TE8C4 120:852.904 JLINK_IsHalted()
TE8C4 120:853.336 - 0.429ms returns FALSE
TE8C4 120:853.392 JLINK_IsHalted()
TE8C4 120:853.648 - 0.257ms returns FALSE
TE8C4 120:963.288 JLINK_IsHalted()
TE8C4 120:963.856 - 0.569ms returns FALSE
TE8C4 120:964.016 JLINK_IsHalted()
TE8C4 120:964.400 - 0.377ms returns FALSE
TE8C4 121:072.104 JLINK_IsHalted()
TE8C4 121:072.464 - 0.352ms returns FALSE
TE8C4 121:072.560 JLINK_IsHalted()
TE8C4 121:072.880 - 0.317ms returns FALSE
TE8C4 121:181.224 JLINK_IsHalted()
TE8C4 121:181.584 - 0.370ms returns FALSE
TE8C4 121:181.648 JLINK_IsHalted()
TE8C4 121:181.936 - 0.298ms returns FALSE
TE8C4 121:291.120 JLINK_IsHalted()
TE8C4 121:291.480 - 0.358ms returns FALSE
TE8C4 121:291.568 JLINK_IsHalted()
TE8C4 121:291.904 - 0.327ms returns FALSE
TE8C4 121:400.280 JLINK_IsHalted()
TE8C4 121:400.744 - 0.468ms returns FALSE
TE8C4 121:400.856 JLINK_IsHalted()
TE8C4 121:401.256 - 0.398ms returns FALSE
TE8C4 121:509.872 JLINK_IsHalted()
TE8C4 121:510.352 - 0.461ms returns FALSE
TE8C4 121:510.416 JLINK_IsHalted()
TE8C4 121:510.768 - 0.357ms returns FALSE
TE8C4 121:619.240 JLINK_IsHalted()
TE8C4 121:620.240 - 1.002ms returns FALSE
TE8C4 121:620.312 JLINK_IsHalted()
TE8C4 121:620.568 - 0.257ms returns FALSE
TE8C4 121:728.104 JLINK_IsHalted()
TE8C4 121:728.600 - 0.499ms returns FALSE
TE8C4 121:728.704 JLINK_IsHalted()
TE8C4 121:729.112 - 0.407ms returns FALSE
T5FB0 121:786.800 JLINK_IsHalted()
T5FB0 121:787.240 - 0.439ms returns FALSE
T5FB0 121:787.312 JLINK_IsHalted()
T5FB0 121:787.672 - 0.360ms returns FALSE
TE8C4 121:838.248 JLINK_IsHalted()
TE8C4 121:838.680 - 0.428ms returns FALSE
TE8C4 121:838.784 JLINK_IsHalted()
TE8C4 121:839.104 - 0.323ms returns FALSE
TE8C4 121:947.584 JLINK_IsHalted()
TE8C4 121:948.016 - 0.435ms returns FALSE
TE8C4 121:948.160 JLINK_IsHalted()
TE8C4 121:948.520 - 0.362ms returns FALSE
TE8C4 122:056.192 JLINK_IsHalted()
TE8C4 122:056.680 - 0.478ms returns FALSE
TE8C4 122:056.816 JLINK_IsHalted()
TE8C4 122:057.168 - 0.346ms returns FALSE
TE8C4 122:165.872 JLINK_IsHalted()
TE8C4 122:166.376 - 0.503ms returns FALSE
TE8C4 122:166.480 JLINK_IsHalted()
TE8C4 122:166.848 - 0.372ms returns FALSE
TE8C4 122:275.312 JLINK_IsHalted()
TE8C4 122:275.864 - 0.552ms returns FALSE
TE8C4 122:276.008 JLINK_IsHalted()
TE8C4 122:276.416 - 0.420ms returns FALSE
TE8C4 122:384.640 JLINK_IsHalted()
TE8C4 122:385.176 - 0.527ms returns FALSE
TE8C4 122:385.320 JLINK_IsHalted()
TE8C4 122:385.920 - 0.607ms returns FALSE
TE8C4 122:493.712 JLINK_IsHalted()
TE8C4 122:494.272 - 0.565ms returns FALSE
TE8C4 122:494.400 JLINK_IsHalted()
TE8C4 122:494.888 - 0.477ms returns FALSE
TE8C4 122:603.432 JLINK_IsHalted()
TE8C4 122:603.856 - 0.420ms returns FALSE
TE8C4 122:603.920 JLINK_IsHalted()
TE8C4 122:604.184 - 0.270ms returns FALSE
TE8C4 122:713.128 JLINK_IsHalted()
TE8C4 122:713.560 - 0.438ms returns FALSE
TE8C4 122:713.624 JLINK_IsHalted()
TE8C4 122:713.904 - 0.277ms returns FALSE
T5FB0 122:789.168 JLINK_IsHalted()
T5FB0 122:789.504 - 0.326ms returns FALSE
T5FB0 122:789.608 JLINK_IsHalted()
T5FB0 122:789.936 - 0.324ms returns FALSE
TE8C4 122:822.168 JLINK_IsHalted()
TE8C4 122:822.640 - 0.479ms returns FALSE
TE8C4 122:822.720 JLINK_IsHalted()
TE8C4 122:823.040 - 0.320ms returns FALSE
TE8C4 122:931.816 JLINK_IsHalted()
TE8C4 122:932.336 - 0.522ms returns FALSE
TE8C4 122:932.440 JLINK_IsHalted()
TE8C4 122:932.840 - 0.394ms returns FALSE
TE8C4 123:040.536 JLINK_IsHalted()
TE8C4 123:040.936 - 0.398ms returns FALSE
TE8C4 123:041.000 JLINK_IsHalted()
TE8C4 123:041.328 - 0.335ms returns FALSE
TE8C4 123:150.040 JLINK_IsHalted()
TE8C4 123:150.592 - 0.550ms returns FALSE
TE8C4 123:150.704 JLINK_IsHalted()
TE8C4 123:151.248 - 0.536ms returns FALSE
TE8C4 123:259.792 JLINK_IsHalted()
TE8C4 123:260.224 - 0.427ms returns FALSE
TE8C4 123:260.272 JLINK_IsHalted()
TE8C4 123:260.584 - 0.309ms returns FALSE
TE8C4 123:369.488 JLINK_IsHalted()
TE8C4 123:369.880 - 0.392ms returns FALSE
TE8C4 123:370.000 JLINK_IsHalted()
TE8C4 123:370.880 - 0.876ms returns FALSE
TE8C4 123:478.480 JLINK_IsHalted()
TE8C4 123:478.976 - 0.498ms returns FALSE
TE8C4 123:479.080 JLINK_IsHalted()
TE8C4 123:479.488 - 0.412ms returns FALSE
TE8C4 123:587.736 JLINK_IsHalted()
TE8C4 123:588.184 - 0.454ms returns FALSE
TE8C4 123:588.288 JLINK_IsHalted()
TE8C4 123:588.656 - 0.371ms returns FALSE
TE8C4 123:697.200 JLINK_IsHalted()
TE8C4 123:697.688 - 0.493ms returns FALSE
TE8C4 123:697.808 JLINK_IsHalted()
TE8C4 123:698.200 - 0.389ms returns FALSE
T5FB0 123:791.744 JLINK_IsHalted()
T5FB0 123:792.128 - 0.387ms returns FALSE
T5FB0 123:792.240 JLINK_IsHalted()
T5FB0 123:792.536 - 0.299ms returns FALSE
TE8C4 123:806.144 JLINK_IsHalted()
TE8C4 123:806.488 - 0.345ms returns FALSE
TE8C4 123:806.544 JLINK_IsHalted()
TE8C4 123:806.800 - 0.260ms returns FALSE
TE8C4 123:916.016 JLINK_IsHalted()
TE8C4 123:916.608 - 0.592ms returns FALSE
TE8C4 123:916.720 JLINK_IsHalted()
TE8C4 123:917.040 - 0.320ms returns FALSE
TE8C4 124:024.792 JLINK_IsHalted()
TE8C4 124:025.232 - 0.429ms returns FALSE
TE8C4 124:025.296 JLINK_IsHalted()
TE8C4 124:025.576 - 0.282ms returns FALSE
TE8C4 124:134.512 JLINK_IsHalted()
TE8C4 124:134.872 - 0.363ms returns FALSE
TE8C4 124:134.992 JLINK_IsHalted()
TE8C4 124:135.312 - 0.318ms returns FALSE
TE8C4 124:244.200 JLINK_IsHalted()
TE8C4 124:244.648 - 0.450ms returns FALSE
TE8C4 124:244.736 JLINK_IsHalted()
TE8C4 124:245.056 - 0.317ms returns FALSE
TE8C4 124:353.408 JLINK_IsHalted()
TE8C4 124:353.904 - 0.501ms returns FALSE
TE8C4 124:354.048 JLINK_IsHalted()
TE8C4 124:354.368 - 0.322ms returns FALSE
TE8C4 124:462.616 JLINK_IsHalted()
TE8C4 124:463.216 - 0.598ms returns FALSE
TE8C4 124:463.384 JLINK_IsHalted()
TE8C4 124:463.792 - 0.409ms returns FALSE
TE8C4 124:571.888 JLINK_IsHalted()
TE8C4 124:572.208 - 0.316ms returns FALSE
TE8C4 124:572.272 JLINK_IsHalted()
TE8C4 124:572.560 - 0.274ms returns FALSE
TE8C4 124:681.040 JLINK_IsHalted()
TE8C4 124:681.576 - 0.529ms returns FALSE
TE8C4 124:681.728 JLINK_IsHalted()
TE8C4 124:682.112 - 0.386ms returns FALSE
TE8C4 124:790.704 JLINK_IsHalted()
TE8C4 124:791.208 - 0.487ms returns FALSE
TE8C4 124:791.312 JLINK_IsHalted()
TE8C4 124:791.704 - 0.398ms returns FALSE
T5FB0 124:793.560 JLINK_IsHalted()
T5FB0 124:793.984 - 0.429ms returns FALSE
T5FB0 124:794.088 JLINK_IsHalted()
T5FB0 124:794.456 - 0.374ms returns FALSE
TE8C4 124:900.304 JLINK_IsHalted()
TE8C4 124:900.864 - 0.559ms returns FALSE
TE8C4 124:901.032 JLINK_IsHalted()
TE8C4 124:901.416 - 0.384ms returns FALSE
TE8C4 125:010.352 JLINK_IsHalted()
TE8C4 125:010.776 - 0.415ms returns FALSE
TE8C4 125:010.840 JLINK_IsHalted()
TE8C4 125:011.120 - 0.284ms returns FALSE
TE8C4 125:119.384 JLINK_IsHalted()
TE8C4 125:119.824 - 0.443ms returns FALSE
TE8C4 125:119.896 JLINK_IsHalted()
TE8C4 125:121.328 - 1.435ms returns FALSE
TE8C4 125:228.688 JLINK_IsHalted()
TE8C4 125:229.096 - 0.404ms returns FALSE
TE8C4 125:229.160 JLINK_IsHalted()
TE8C4 125:229.456 - 0.293ms returns FALSE
TE8C4 125:337.280 JLINK_IsHalted()
TE8C4 125:337.688 - 0.399ms returns FALSE
TE8C4 125:337.768 JLINK_IsHalted()
TE8C4 125:338.024 - 0.259ms returns FALSE
TE8C4 125:447.168 JLINK_IsHalted()
TE8C4 125:447.552 - 0.392ms returns FALSE
TE8C4 125:447.616 JLINK_IsHalted()
TE8C4 125:447.896 - 0.291ms returns FALSE
TE8C4 125:556.816 JLINK_IsHalted()
TE8C4 125:557.736 - 0.929ms returns FALSE
TE8C4 125:557.784 JLINK_IsHalted()
TE8C4 125:558.016 - 0.238ms returns FALSE
TE8C4 125:666.368 JLINK_IsHalted()
TE8C4 125:666.880 - 0.509ms returns FALSE
TE8C4 125:666.968 JLINK_IsHalted()
TE8C4 125:667.288 - 0.316ms returns FALSE
TE8C4 125:775.744 JLINK_IsHalted()
TE8C4 125:776.168 - 0.423ms returns FALSE
TE8C4 125:776.232 JLINK_IsHalted()
TE8C4 125:776.488 - 0.255ms returns FALSE
T5FB0 125:796.376 JLINK_IsHalted()
T5FB0 125:796.824 - 0.456ms returns FALSE
T5FB0 125:796.888 JLINK_IsHalted()
T5FB0 125:797.200 - 0.302ms returns FALSE
TE8C4 125:885.208 JLINK_IsHalted()
TE8C4 125:885.528 - 0.323ms returns FALSE
TE8C4 125:885.568 JLINK_IsHalted()
TE8C4 125:885.800 - 0.229ms returns FALSE
TE8C4 125:993.792 JLINK_IsHalted()
TE8C4 125:994.280 - 0.480ms returns FALSE
TE8C4 125:994.352 JLINK_IsHalted()
TE8C4 125:994.944 - 0.578ms returns FALSE
TE8C4 126:103.472 JLINK_IsHalted()
TE8C4 126:103.920 - 0.449ms returns FALSE
TE8C4 126:103.984 JLINK_IsHalted()
TE8C4 126:104.360 - 0.365ms returns FALSE
TE8C4 126:212.992 JLINK_IsHalted()
TE8C4 126:213.424 - 0.432ms returns FALSE
TE8C4 126:213.528 JLINK_IsHalted()
TE8C4 126:213.848 - 0.325ms returns FALSE
TE8C4 126:321.728 JLINK_IsHalted()
TE8C4 126:322.152 - 0.416ms returns FALSE
TE8C4 126:322.216 JLINK_IsHalted()
TE8C4 126:322.520 - 0.305ms returns FALSE
TE8C4 126:431.616 JLINK_IsHalted()
TE8C4 126:432.128 - 0.515ms returns FALSE
TE8C4 126:432.240 JLINK_IsHalted()
TE8C4 126:432.640 - 0.384ms returns FALSE
TE8C4 126:541.352 JLINK_IsHalted()
TE8C4 126:541.800 - 0.445ms returns FALSE
TE8C4 126:541.904 JLINK_IsHalted()
TE8C4 126:542.224 - 0.317ms returns FALSE
TE8C4 126:650.792 JLINK_IsHalted()
TE8C4 126:651.200 - 0.420ms returns FALSE
TE8C4 126:651.312 JLINK_IsHalted()
TE8C4 126:651.608 - 0.300ms returns FALSE
TE8C4 126:759.744 JLINK_IsHalted()
TE8C4 126:760.168 - 0.426ms returns FALSE
TE8C4 126:760.272 JLINK_IsHalted()
TE8C4 126:760.616 - 0.337ms returns FALSE
T5FB0 126:798.000 JLINK_IsHalted()
T5FB0 126:798.488 - 0.481ms returns FALSE
T5FB0 126:798.552 JLINK_IsHalted()
T5FB0 126:798.824 - 0.274ms returns FALSE
TE8C4 126:869.120 JLINK_IsHalted()
TE8C4 126:869.592 - 0.477ms returns FALSE
TE8C4 126:869.760 JLINK_IsHalted()
TE8C4 126:870.336 - 0.578ms returns FALSE
TE8C4 126:978.736 JLINK_IsHalted()
TE8C4 126:979.216 - 0.480ms returns FALSE
TE8C4 126:979.312 JLINK_IsHalted()
TE8C4 126:979.824 - 0.507ms returns FALSE
TE8C4 127:088.472 JLINK_IsHalted()
TE8C4 127:088.912 - 0.431ms returns FALSE
TE8C4 127:089.008 JLINK_IsHalted()
TE8C4 127:089.296 - 0.272ms returns FALSE
TE8C4 127:197.264 JLINK_IsHalted()
TE8C4 127:197.680 - 0.412ms returns FALSE
TE8C4 127:197.760 JLINK_IsHalted()
TE8C4 127:198.032 - 0.263ms returns FALSE
TE8C4 127:306.032 JLINK_IsHalted()
TE8C4 127:306.408 - 0.377ms returns FALSE
TE8C4 127:306.456 JLINK_IsHalted()
TE8C4 127:306.768 - 0.308ms returns FALSE
TE8C4 127:416.048 JLINK_IsHalted()
TE8C4 127:416.512 - 0.451ms returns FALSE
TE8C4 127:416.640 JLINK_IsHalted()
TE8C4 127:416.936 - 0.302ms returns FALSE
TE8C4 127:525.616 JLINK_IsHalted()
TE8C4 127:525.992 - 0.370ms returns FALSE
TE8C4 127:526.096 JLINK_IsHalted()
TE8C4 127:526.440 - 0.334ms returns FALSE
TE8C4 127:634.968 JLINK_IsHalted()
TE8C4 127:635.480 - 0.511ms returns FALSE
TE8C4 127:635.648 JLINK_IsHalted()
TE8C4 127:636.016 - 0.379ms returns FALSE
TE8C4 127:744.216 JLINK_IsHalted()
TE8C4 127:744.616 - 0.394ms returns FALSE
TE8C4 127:744.680 JLINK_IsHalted()
TE8C4 127:744.976 - 0.292ms returns FALSE
T5FB0 127:800.944 JLINK_IsHalted()
T5FB0 127:801.328 - 0.380ms returns FALSE
T5FB0 127:801.368 JLINK_IsHalted()
T5FB0 127:801.616 - 0.245ms returns FALSE
TE8C4 127:853.184 JLINK_IsHalted()
TE8C4 127:853.672 - 0.485ms returns FALSE
TE8C4 127:853.760 JLINK_IsHalted()
TE8C4 127:854.120 - 0.355ms returns FALSE
TE8C4 127:962.520 JLINK_IsHalted()
TE8C4 127:963.072 - 0.551ms returns FALSE
TE8C4 127:963.200 JLINK_IsHalted()
TE8C4 127:963.600 - 0.393ms returns FALSE
TE8C4 128:071.832 JLINK_IsHalted()
TE8C4 128:072.280 - 0.450ms returns FALSE
TE8C4 128:072.384 JLINK_IsHalted()
TE8C4 128:072.720 - 0.329ms returns FALSE
TE8C4 128:181.392 JLINK_IsHalted()
TE8C4 128:181.968 - 0.582ms returns FALSE
TE8C4 128:182.096 JLINK_IsHalted()
TE8C4 128:182.440 - 0.348ms returns FALSE
TE8C4 128:291.248 JLINK_IsHalted()
TE8C4 128:291.696 - 0.441ms returns FALSE
TE8C4 128:291.760 JLINK_IsHalted()
TE8C4 128:292.112 - 0.342ms returns FALSE
TE8C4 128:400.768 JLINK_IsHalted()
TE8C4 128:401.216 - 0.453ms returns FALSE
TE8C4 128:401.304 JLINK_IsHalted()
TE8C4 128:401.688 - 0.375ms returns FALSE
TE8C4 128:509.696 JLINK_IsHalted()
TE8C4 128:510.144 - 0.435ms returns FALSE
TE8C4 128:510.248 JLINK_IsHalted()
TE8C4 128:510.576 - 0.322ms returns FALSE
TE8C4 128:619.120 JLINK_IsHalted()
TE8C4 128:619.568 - 0.449ms returns FALSE
TE8C4 128:619.712 JLINK_IsHalted()
TE8C4 128:620.136 - 0.422ms returns FALSE
TE8C4 128:728.240 JLINK_IsHalted()
TE8C4 128:728.704 - 0.464ms returns FALSE
TE8C4 128:728.880 JLINK_IsHalted()
TE8C4 128:729.328 - 0.453ms returns FALSE
T5FB0 128:803.736 JLINK_IsHalted()
T5FB0 128:804.272 - 0.538ms returns FALSE
T5FB0 128:804.376 JLINK_IsHalted()
T5FB0 128:804.776 - 0.394ms returns FALSE
TE8C4 128:837.928 JLINK_IsHalted()
TE8C4 128:838.424 - 0.492ms returns FALSE
TE8C4 128:838.528 JLINK_IsHalted()
TE8C4 128:838.864 - 0.340ms returns FALSE
TE8C4 128:947.176 JLINK_IsHalted()
TE8C4 128:947.560 - 0.393ms returns FALSE
TE8C4 128:947.664 JLINK_IsHalted()
TE8C4 128:947.992 - 0.320ms returns FALSE
TE8C4 129:056.144 JLINK_IsHalted()
TE8C4 129:056.616 - 0.472ms returns FALSE
TE8C4 129:056.728 JLINK_IsHalted()
TE8C4 129:057.088 - 0.357ms returns FALSE
TE8C4 129:166.096 JLINK_IsHalted()
TE8C4 129:166.448 - 0.355ms returns FALSE
TE8C4 129:166.552 JLINK_IsHalted()
TE8C4 129:166.888 - 0.327ms returns FALSE
TE8C4 129:275.456 JLINK_IsHalted()
TE8C4 129:275.944 - 0.488ms returns FALSE
TE8C4 129:276.008 JLINK_IsHalted()
TE8C4 129:276.392 - 0.383ms returns FALSE
TE8C4 129:386.992 JLINK_IsHalted()
TE8C4 129:387.456 - 0.461ms returns FALSE
TE8C4 129:387.544 JLINK_IsHalted()
TE8C4 129:387.792 - 0.250ms returns FALSE
TE8C4 129:494.320 JLINK_IsHalted()
TE8C4 129:494.832 - 0.506ms returns FALSE
TE8C4 129:494.936 JLINK_IsHalted()
TE8C4 129:495.296 - 0.351ms returns FALSE
TE8C4 129:603.544 JLINK_IsHalted()
TE8C4 129:604.056 - 0.507ms returns FALSE
TE8C4 129:604.160 JLINK_IsHalted()
TE8C4 129:604.568 - 0.410ms returns FALSE
TE8C4 129:713.344 JLINK_IsHalted()
TE8C4 129:713.904 - 0.561ms returns FALSE
TE8C4 129:714.000 JLINK_IsHalted()
TE8C4 129:714.328 - 0.327ms returns FALSE
T5FB0 129:806.480 JLINK_IsHalted()
T5FB0 129:806.936 - 0.463ms returns FALSE
T5FB0 129:807.040 JLINK_IsHalted()
T5FB0 129:807.360 - 0.312ms returns FALSE
TE8C4 129:822.576 JLINK_IsHalted()
TE8C4 129:822.960 - 0.383ms returns FALSE
TE8C4 129:823.024 JLINK_IsHalted()
TE8C4 129:823.408 - 0.380ms returns FALSE
TE8C4 129:931.536 JLINK_IsHalted()
TE8C4 129:931.984 - 0.447ms returns FALSE
TE8C4 129:932.048 JLINK_IsHalted()
TE8C4 129:932.392 - 0.345ms returns FALSE
TE8C4 130:040.960 JLINK_IsHalted()
TE8C4 130:041.360 - 0.388ms returns FALSE
TE8C4 130:041.448 JLINK_IsHalted()
TE8C4 130:042.192 - 0.731ms returns FALSE
TE8C4 130:149.904 JLINK_IsHalted()
TE8C4 130:150.552 - 0.644ms returns FALSE
TE8C4 130:150.704 JLINK_IsHalted()
TE8C4 130:151.216 - 0.511ms returns FALSE
TE8C4 130:259.480 JLINK_IsHalted()
TE8C4 130:259.984 - 0.505ms returns FALSE
TE8C4 130:260.080 JLINK_IsHalted()
TE8C4 130:260.496 - 0.415ms returns FALSE
TE8C4 130:368.936 JLINK_IsHalted()
TE8C4 130:369.432 - 0.493ms returns FALSE
TE8C4 130:369.560 JLINK_IsHalted()
TE8C4 130:369.904 - 0.335ms returns FALSE
TE8C4 130:478.384 JLINK_IsHalted()
TE8C4 130:478.808 - 0.422ms returns FALSE
TE8C4 130:478.912 JLINK_IsHalted()
TE8C4 130:479.272 - 0.345ms returns FALSE
TE8C4 130:588.120 JLINK_IsHalted()
TE8C4 130:588.480 - 0.361ms returns FALSE
TE8C4 130:588.528 JLINK_IsHalted()
TE8C4 130:588.840 - 0.306ms returns FALSE
TE8C4 130:697.408 JLINK_IsHalted()
TE8C4 130:697.936 - 0.519ms returns FALSE
TE8C4 130:698.112 JLINK_IsHalted()
TE8C4 130:698.664 - 0.552ms returns FALSE
TE8C4 130:807.128 JLINK_IsHalted()
TE8C4 130:808.000 - 0.870ms returns FALSE
TE8C4 130:808.064 JLINK_IsHalted()
TE8C4 130:808.360 - 0.289ms returns FALSE
T5FB0 130:808.752 JLINK_IsHalted()
T5FB0 130:809.104 - 0.343ms returns FALSE
T5FB0 130:809.152 JLINK_IsHalted()
T5FB0 130:809.472 - 0.310ms returns FALSE
TE8C4 130:915.624 JLINK_IsHalted()
TE8C4 130:916.184 - 0.555ms returns FALSE
TE8C4 130:916.304 JLINK_IsHalted()
TE8C4 130:916.760 - 0.464ms returns FALSE
TE8C4 131:025.040 JLINK_IsHalted()
TE8C4 131:025.552 - 0.513ms returns FALSE
TE8C4 131:025.648 JLINK_IsHalted()
TE8C4 131:025.984 - 0.332ms returns FALSE
TE8C4 131:135.104 JLINK_IsHalted()
TE8C4 131:135.576 - 0.470ms returns FALSE
TE8C4 131:135.640 JLINK_IsHalted()
TE8C4 131:135.936 - 0.284ms returns FALSE
TE8C4 131:244.112 JLINK_IsHalted()
TE8C4 131:244.544 - 0.429ms returns FALSE
TE8C4 131:244.624 JLINK_IsHalted()
TE8C4 131:244.888 - 0.274ms returns FALSE
TE8C4 131:353.776 JLINK_IsHalted()
TE8C4 131:354.280 - 0.494ms returns FALSE
TE8C4 131:354.416 JLINK_IsHalted()
TE8C4 131:354.792 - 0.376ms returns FALSE
TE8C4 131:462.976 JLINK_IsHalted()
TE8C4 131:463.472 - 0.493ms returns FALSE
TE8C4 131:463.536 JLINK_IsHalted()
TE8C4 131:463.824 - 0.282ms returns FALSE
TE8C4 131:572.368 JLINK_IsHalted()
TE8C4 131:572.880 - 0.510ms returns FALSE
TE8C4 131:572.968 JLINK_IsHalted()
TE8C4 131:573.312 - 0.348ms returns FALSE
TE8C4 131:681.552 JLINK_IsHalted()
TE8C4 131:682.048 - 0.501ms returns FALSE
TE8C4 131:682.224 JLINK_IsHalted()
TE8C4 131:682.664 - 0.426ms returns FALSE
TE8C4 131:791.120 JLINK_IsHalted()
TE8C4 131:791.792 - 0.674ms returns FALSE
TE8C4 131:791.848 JLINK_IsHalted()
TE8C4 131:792.152 - 0.307ms returns FALSE
T5FB0 131:811.440 JLINK_IsHalted()
T5FB0 131:811.864 - 0.421ms returns FALSE
T5FB0 131:811.928 JLINK_IsHalted()
T5FB0 131:812.208 - 0.281ms returns FALSE
TE8C4 131:900.272 JLINK_IsHalted()
TE8C4 131:900.800 - 0.529ms returns FALSE
TE8C4 131:900.968 JLINK_IsHalted()
TE8C4 131:901.400 - 0.437ms returns FALSE
TE8C4 132:009.880 JLINK_IsHalted()
TE8C4 132:010.392 - 0.519ms returns FALSE
TE8C4 132:010.544 JLINK_IsHalted()
TE8C4 132:011.008 - 0.460ms returns FALSE
TE8C4 132:119.024 JLINK_IsHalted()
TE8C4 132:119.464 - 0.433ms returns FALSE
TE8C4 132:119.552 JLINK_IsHalted()
TE8C4 132:119.888 - 0.338ms returns FALSE
TE8C4 132:228.824 JLINK_IsHalted()
TE8C4 132:229.184 - 0.352ms returns FALSE
TE8C4 132:229.248 JLINK_IsHalted()
TE8C4 132:229.520 - 0.277ms returns FALSE
TE8C4 132:337.520 JLINK_IsHalted()
TE8C4 132:338.152 - 0.621ms returns FALSE
TE8C4 132:338.224 JLINK_IsHalted()
TE8C4 132:338.560 - 0.337ms returns FALSE
TE8C4 132:447.296 JLINK_IsHalted()
TE8C4 132:447.704 - 0.403ms returns FALSE
TE8C4 132:447.768 JLINK_IsHalted()
TE8C4 132:448.048 - 0.286ms returns FALSE
TE8C4 132:556.624 JLINK_IsHalted()
TE8C4 132:557.040 - 0.423ms returns FALSE
TE8C4 132:557.080 JLINK_IsHalted()
TE8C4 132:557.312 - 0.228ms returns FALSE
TE8C4 132:666.240 JLINK_IsHalted()
TE8C4 132:666.728 - 0.492ms returns FALSE
TE8C4 132:666.840 JLINK_IsHalted()
TE8C4 132:667.152 - 0.303ms returns FALSE
TE8C4 132:775.120 JLINK_IsHalted()
TE8C4 132:775.512 - 0.401ms returns FALSE
TE8C4 132:775.600 JLINK_IsHalted()
TE8C4 132:775.936 - 0.327ms returns FALSE
T5FB0 132:813.208 JLINK_IsHalted()
T5FB0 132:813.584 - 0.367ms returns FALSE
T5FB0 132:813.648 JLINK_IsHalted()
T5FB0 132:813.928 - 0.277ms returns FALSE
TE8C4 132:885.080 JLINK_IsHalted()
TE8C4 132:885.504 - 0.423ms returns FALSE
TE8C4 132:885.672 JLINK_IsHalted()
TE8C4 132:886.040 - 0.369ms returns FALSE
TE8C4 132:994.448 JLINK_IsHalted()
TE8C4 132:994.920 - 0.472ms returns FALSE
TE8C4 132:995.008 JLINK_IsHalted()
TE8C4 132:995.344 - 0.330ms returns FALSE
TE8C4 133:103.528 JLINK_IsHalted()
TE8C4 133:103.960 - 0.426ms returns FALSE
TE8C4 133:104.016 JLINK_IsHalted()
TE8C4 133:104.240 - 0.228ms returns FALSE
TE8C4 133:213.336 JLINK_IsHalted()
TE8C4 133:214.032 - 0.689ms returns FALSE
TE8C4 133:214.168 JLINK_IsHalted()
TE8C4 133:214.568 - 0.402ms returns FALSE
TE8C4 133:321.752 JLINK_IsHalted()
TE8C4 133:322.384 - 0.625ms returns FALSE
TE8C4 133:322.520 JLINK_IsHalted()
TE8C4 133:322.904 - 0.378ms returns FALSE
TE8C4 133:431.952 JLINK_IsHalted()
TE8C4 133:432.640 - 0.689ms returns FALSE
TE8C4 133:432.728 JLINK_IsHalted()
TE8C4 133:434.344 - 1.617ms returns FALSE
TE8C4 133:540.800 JLINK_IsHalted()
TE8C4 133:541.336 - 0.545ms returns FALSE
TE8C4 133:541.520 JLINK_IsHalted()
TE8C4 133:543.680 - 2.168ms returns FALSE
TE8C4 133:649.920 JLINK_IsHalted()
TE8C4 133:650.416 - 0.494ms returns FALSE
TE8C4 133:650.496 JLINK_IsHalted()
TE8C4 133:650.768 - 0.269ms returns FALSE
TE8C4 133:759.400 JLINK_IsHalted()
TE8C4 133:759.856 - 0.450ms returns FALSE
TE8C4 133:759.952 JLINK_IsHalted()
TE8C4 133:760.256 - 0.307ms returns FALSE
T5FB0 133:815.128 JLINK_IsHalted()
T5FB0 133:815.488 - 0.368ms returns FALSE
T5FB0 133:815.568 JLINK_IsHalted()
T5FB0 133:815.848 - 0.286ms returns FALSE
TE8C4 133:868.760 JLINK_IsHalted()
TE8C4 133:869.272 - 0.511ms returns FALSE
TE8C4 133:869.376 JLINK_IsHalted()
TE8C4 133:869.672 - 0.297ms returns FALSE
TE8C4 133:978.536 JLINK_IsHalted()
TE8C4 133:978.944 - 0.408ms returns FALSE
TE8C4 133:978.992 JLINK_IsHalted()
TE8C4 133:979.368 - 0.362ms returns FALSE
TE8C4 134:088.016 JLINK_IsHalted()
TE8C4 134:088.488 - 0.479ms returns FALSE
TE8C4 134:088.592 JLINK_IsHalted()
TE8C4 134:088.976 - 0.384ms returns FALSE
TE8C4 134:197.080 JLINK_IsHalted()
TE8C4 134:197.440 - 0.363ms returns FALSE
TE8C4 134:197.504 JLINK_IsHalted()
TE8C4 134:197.784 - 0.275ms returns FALSE
TE8C4 134:306.720 JLINK_IsHalted()
TE8C4 134:307.168 - 0.460ms returns FALSE
TE8C4 134:307.264 JLINK_IsHalted()
TE8C4 134:307.600 - 0.334ms returns FALSE
TE8C4 134:415.600 JLINK_IsHalted()
TE8C4 134:416.208 - 0.591ms returns FALSE
TE8C4 134:416.352 JLINK_IsHalted()
TE8C4 134:416.688 - 0.347ms returns FALSE
TE8C4 134:525.472 JLINK_IsHalted()
TE8C4 134:525.968 - 0.486ms returns FALSE
TE8C4 134:526.112 JLINK_IsHalted()
TE8C4 134:526.624 - 0.504ms returns FALSE
TE8C4 134:635.552 JLINK_IsHalted()
TE8C4 134:636.096 - 0.538ms returns FALSE
TE8C4 134:636.144 JLINK_IsHalted()
TE8C4 134:636.432 - 0.277ms returns FALSE
TE8C4 134:744.304 JLINK_IsHalted()
TE8C4 134:744.784 - 0.469ms returns FALSE
TE8C4 134:744.928 JLINK_IsHalted()
TE8C4 134:745.248 - 0.331ms returns FALSE
T5FB0 134:817.152 JLINK_IsHalted()
T5FB0 134:817.712 - 0.570ms returns FALSE
T5FB0 134:817.776 JLINK_IsHalted()
T5FB0 134:818.064 - 0.282ms returns FALSE
TE8C4 134:852.960 JLINK_IsHalted()
TE8C4 134:853.408 - 0.441ms returns FALSE
TE8C4 134:853.504 JLINK_IsHalted()
TE8C4 134:853.984 - 0.480ms returns FALSE
TE8C4 134:962.880 JLINK_IsHalted()
TE8C4 134:963.376 - 0.500ms returns FALSE
TE8C4 134:963.488 JLINK_IsHalted()
TE8C4 134:963.872 - 0.391ms returns FALSE
TE8C4 135:072.400 JLINK_IsHalted()
TE8C4 135:072.896 - 0.497ms returns FALSE
TE8C4 135:072.992 JLINK_IsHalted()
TE8C4 135:074.608 - 1.617ms returns FALSE
TE8C4 135:181.024 JLINK_IsHalted()
TE8C4 135:181.488 - 0.476ms returns FALSE
TE8C4 135:181.664 JLINK_IsHalted()
TE8C4 135:182.048 - 0.390ms returns FALSE
TE8C4 135:290.848 JLINK_IsHalted()
TE8C4 135:291.296 - 0.441ms returns FALSE
TE8C4 135:291.424 JLINK_IsHalted()
TE8C4 135:291.856 - 0.426ms returns FALSE
TE8C4 135:400.768 JLINK_IsHalted()
TE8C4 135:401.200 - 0.430ms returns FALSE
TE8C4 135:401.264 JLINK_IsHalted()
TE8C4 135:401.536 - 0.274ms returns FALSE
TE8C4 135:509.296 JLINK_IsHalted()
TE8C4 135:509.824 - 0.534ms returns FALSE
TE8C4 135:509.888 JLINK_IsHalted()
TE8C4 135:510.160 - 0.265ms returns FALSE
TE8C4 135:619.056 JLINK_IsHalted()
TE8C4 135:619.616 - 0.541ms returns FALSE
TE8C4 135:619.760 JLINK_IsHalted()
TE8C4 135:620.256 - 0.492ms returns FALSE
TE8C4 135:728.480 JLINK_IsHalted()
TE8C4 135:728.928 - 0.470ms returns FALSE
TE8C4 135:729.072 JLINK_IsHalted()
TE8C4 135:729.440 - 0.354ms returns FALSE
T5FB0 135:818.720 JLINK_IsHalted()
T5FB0 135:819.088 - 0.372ms returns FALSE
T5FB0 135:819.152 JLINK_IsHalted()
T5FB0 135:819.360 - 0.227ms returns FALSE
TE8C4 135:837.360 JLINK_IsHalted()
TE8C4 135:837.856 - 0.480ms returns FALSE
TE8C4 135:837.936 JLINK_IsHalted()
TE8C4 135:838.352 - 0.399ms returns FALSE
TE8C4 135:947.168 JLINK_IsHalted()
TE8C4 135:947.632 - 0.471ms returns FALSE
TE8C4 135:947.744 JLINK_IsHalted()
TE8C4 135:948.048 - 0.304ms returns FALSE
TE8C4 136:056.400 JLINK_IsHalted()
TE8C4 136:057.344 - 0.947ms returns FALSE
TE8C4 136:057.824 JLINK_IsHalted()
TE8C4 136:058.080 - 0.257ms returns FALSE
TE8C4 136:166.304 JLINK_IsHalted()
TE8C4 136:166.832 - 0.537ms returns FALSE
TE8C4 136:167.008 JLINK_IsHalted()
TE8C4 136:167.488 - 0.482ms returns FALSE
TE8C4 136:274.896 JLINK_IsHalted()
TE8C4 136:275.312 - 0.411ms returns FALSE
TE8C4 136:275.376 JLINK_IsHalted()
TE8C4 136:275.744 - 0.367ms returns FALSE
TE8C4 136:384.672 JLINK_IsHalted()
TE8C4 136:385.136 - 0.462ms returns FALSE
TE8C4 136:385.232 JLINK_IsHalted()
TE8C4 136:385.680 - 0.442ms returns FALSE
TE8C4 136:493.824 JLINK_IsHalted()
TE8C4 136:494.352 - 0.532ms returns FALSE
TE8C4 136:494.496 JLINK_IsHalted()
TE8C4 136:494.944 - 0.448ms returns FALSE
TE8C4 136:602.928 JLINK_IsHalted()
TE8C4 136:603.360 - 0.415ms returns FALSE
TE8C4 136:603.424 JLINK_IsHalted()
TE8C4 136:603.792 - 0.352ms returns FALSE
TE8C4 136:712.640 JLINK_IsHalted()
TE8C4 136:714.144 - 1.507ms returns FALSE
TE8C4 136:714.224 JLINK_IsHalted()
TE8C4 136:714.656 - 0.425ms returns FALSE
T5FB0 136:820.496 JLINK_IsHalted()
T5FB0 136:820.960 - 0.466ms returns FALSE
T5FB0 136:821.024 JLINK_IsHalted()
T5FB0 136:821.344 - 0.310ms returns FALSE
TE8C4 136:822.240 JLINK_IsHalted()
TE8C4 136:822.544 - 0.302ms returns FALSE
TE8C4 136:822.608 JLINK_IsHalted()
TE8C4 136:822.896 - 0.296ms returns FALSE
TE8C4 136:932.016 JLINK_IsHalted()
TE8C4 136:932.576 - 0.550ms returns FALSE
TE8C4 136:932.736 JLINK_IsHalted()
TE8C4 136:933.088 - 0.368ms returns FALSE
TE8C4 137:040.560 JLINK_IsHalted()
TE8C4 137:041.008 - 0.454ms returns FALSE
TE8C4 137:041.184 JLINK_IsHalted()
TE8C4 137:041.920 - 0.744ms returns FALSE
TE8C4 137:150.112 JLINK_IsHalted()
TE8C4 137:150.688 - 0.577ms returns FALSE
TE8C4 137:150.832 JLINK_IsHalted()
TE8C4 137:151.296 - 0.453ms returns FALSE
TE8C4 137:260.128 JLINK_IsHalted()
TE8C4 137:260.592 - 0.473ms returns FALSE
TE8C4 137:260.736 JLINK_IsHalted()
TE8C4 137:261.088 - 0.359ms returns FALSE
TE8C4 137:369.040 JLINK_IsHalted()
TE8C4 137:369.472 - 0.432ms returns FALSE
TE8C4 137:369.552 JLINK_IsHalted()
TE8C4 137:369.888 - 0.345ms returns FALSE
TE8C4 137:478.496 JLINK_IsHalted()
TE8C4 137:478.976 - 0.481ms returns FALSE
TE8C4 137:479.056 JLINK_IsHalted()
TE8C4 137:479.328 - 0.273ms returns FALSE
TE8C4 137:588.160 JLINK_IsHalted()
TE8C4 137:588.576 - 0.419ms returns FALSE
TE8C4 137:588.704 JLINK_IsHalted()
TE8C4 137:589.104 - 0.395ms returns FALSE
TE8C4 137:697.616 JLINK_IsHalted()
TE8C4 137:698.272 - 0.648ms returns FALSE
TE8C4 137:698.432 JLINK_IsHalted()
TE8C4 137:698.944 - 0.518ms returns FALSE
TE8C4 137:806.304 JLINK_IsHalted()
TE8C4 137:806.864 - 0.542ms returns FALSE
TE8C4 137:806.976 JLINK_IsHalted()
TE8C4 137:807.344 - 0.376ms returns FALSE
T5FB0 137:822.528 JLINK_IsHalted()
T5FB0 137:823.104 - 0.575ms returns FALSE
T5FB0 137:823.168 JLINK_IsHalted()
T5FB0 137:823.456 - 0.287ms returns FALSE
TE8C4 137:916.000 JLINK_IsHalted()
TE8C4 137:916.432 - 0.426ms returns FALSE
TE8C4 137:916.496 JLINK_IsHalted()
TE8C4 137:916.768 - 0.279ms returns FALSE
TE8C4 138:025.216 JLINK_IsHalted()
TE8C4 138:025.696 - 0.484ms returns FALSE
TE8C4 138:025.760 JLINK_IsHalted()
TE8C4 138:026.048 - 0.286ms returns FALSE
TE8C4 138:134.896 JLINK_IsHalted()
TE8C4 138:135.344 - 0.459ms returns FALSE
TE8C4 138:135.408 JLINK_IsHalted()
TE8C4 138:135.792 - 0.375ms returns FALSE
TE8C4 138:244.384 JLINK_IsHalted()
TE8C4 138:244.896 - 0.528ms returns FALSE
TE8C4 138:245.056 JLINK_IsHalted()
TE8C4 138:245.424 - 0.364ms returns FALSE
TE8C4 138:353.440 JLINK_IsHalted()
TE8C4 138:353.888 - 0.458ms returns FALSE
TE8C4 138:353.952 JLINK_IsHalted()
TE8C4 138:354.336 - 0.378ms returns FALSE
TE8C4 138:462.304 JLINK_IsHalted()
TE8C4 138:462.864 - 0.557ms returns FALSE
TE8C4 138:463.008 JLINK_IsHalted()
TE8C4 138:463.376 - 0.357ms returns FALSE
TE8C4 138:571.984 JLINK_IsHalted()
TE8C4 138:572.576 - 0.588ms returns FALSE
TE8C4 138:572.720 JLINK_IsHalted()
TE8C4 138:573.104 - 0.387ms returns FALSE
TE8C4 138:681.712 JLINK_IsHalted()
TE8C4 138:682.384 - 0.654ms returns FALSE
TE8C4 138:682.528 JLINK_IsHalted()
TE8C4 138:682.976 - 0.441ms returns FALSE
TE8C4 138:791.392 JLINK_IsHalted()
TE8C4 138:791.776 - 0.370ms returns FALSE
TE8C4 138:791.840 JLINK_IsHalted()
TE8C4 138:792.128 - 0.295ms returns FALSE
T5FB0 138:825.440 JLINK_IsHalted()
T5FB0 138:825.952 - 0.515ms returns FALSE
T5FB0 138:826.016 JLINK_IsHalted()
T5FB0 138:826.304 - 0.279ms returns FALSE
TE8C4 138:899.856 JLINK_IsHalted()
TE8C4 138:900.352 - 0.503ms returns FALSE
TE8C4 138:900.512 JLINK_IsHalted()
TE8C4 138:900.800 - 0.278ms returns FALSE
TE8C4 139:009.696 JLINK_IsHalted()
TE8C4 139:010.224 - 0.531ms returns FALSE
TE8C4 139:010.400 JLINK_IsHalted()
TE8C4 139:010.752 - 0.352ms returns FALSE
TE8C4 139:119.600 JLINK_IsHalted()
TE8C4 139:120.160 - 0.563ms returns FALSE
TE8C4 139:120.272 JLINK_IsHalted()
TE8C4 139:120.672 - 0.409ms returns FALSE
TE8C4 139:228.816 JLINK_IsHalted()
TE8C4 139:229.344 - 0.530ms returns FALSE
TE8C4 139:229.472 JLINK_IsHalted()
TE8C4 139:229.936 - 0.464ms returns FALSE
TE8C4 139:337.984 JLINK_IsHalted()
TE8C4 139:338.416 - 0.436ms returns FALSE
TE8C4 139:338.512 JLINK_IsHalted()
TE8C4 139:338.848 - 0.339ms returns FALSE
TE8C4 139:446.672 JLINK_IsHalted()
TE8C4 139:447.056 - 0.384ms returns FALSE
TE8C4 139:447.120 JLINK_IsHalted()
TE8C4 139:447.424 - 0.309ms returns FALSE
TE8C4 139:558.304 JLINK_IsHalted()
TE8C4 139:558.640 - 0.343ms returns FALSE
TE8C4 139:558.704 JLINK_IsHalted()
TE8C4 139:558.992 - 0.291ms returns FALSE
TE8C4 139:665.664 JLINK_IsHalted()
TE8C4 139:666.080 - 0.408ms returns FALSE
TE8C4 139:666.144 JLINK_IsHalted()
TE8C4 139:666.416 - 0.286ms returns FALSE
TE8C4 139:775.072 JLINK_IsHalted()
TE8C4 139:775.616 - 0.544ms returns FALSE
TE8C4 139:775.776 JLINK_IsHalted()
TE8C4 139:776.192 - 0.413ms returns FALSE
T5FB0 139:826.720 JLINK_IsHalted()
T5FB0 139:827.136 - 0.419ms returns FALSE
T5FB0 139:827.200 JLINK_IsHalted()
T5FB0 139:827.600 - 0.392ms returns FALSE
TE8C4 139:885.344 JLINK_IsHalted()
TE8C4 139:885.968 - 0.617ms returns FALSE
TE8C4 139:886.048 JLINK_IsHalted()
TE8C4 139:886.400 - 0.345ms returns FALSE
TE8C4 139:994.352 JLINK_IsHalted()
TE8C4 139:994.768 - 0.404ms returns FALSE
TE8C4 139:994.880 JLINK_IsHalted()
TE8C4 139:995.184 - 0.302ms returns FALSE
TE8C4 140:103.760 JLINK_IsHalted()
TE8C4 140:104.272 - 0.512ms returns FALSE
TE8C4 140:104.336 JLINK_IsHalted()
TE8C4 140:104.608 - 0.283ms returns FALSE
TE8C4 140:212.896 JLINK_IsHalted()
TE8C4 140:213.440 - 0.536ms returns FALSE
TE8C4 140:213.584 JLINK_IsHalted()
TE8C4 140:213.952 - 0.378ms returns FALSE
TE8C4 140:321.808 JLINK_IsHalted()
TE8C4 140:322.336 - 0.522ms returns FALSE
TE8C4 140:322.400 JLINK_IsHalted()
TE8C4 140:322.720 - 0.310ms returns FALSE
TE8C4 140:431.568 JLINK_IsHalted()
TE8C4 140:432.192 - 0.616ms returns FALSE
TE8C4 140:432.352 JLINK_IsHalted()
TE8C4 140:432.848 - 0.486ms returns FALSE
TE8C4 140:540.464 JLINK_IsHalted()
TE8C4 140:540.880 - 0.400ms returns FALSE
TE8C4 140:540.912 JLINK_IsHalted()
TE8C4 140:541.168 - 0.259ms returns FALSE
TE8C4 140:649.904 JLINK_IsHalted()
TE8C4 140:650.480 - 0.577ms returns FALSE
TE8C4 140:650.624 JLINK_IsHalted()
TE8C4 140:650.992 - 0.359ms returns FALSE
TE8C4 140:759.536 JLINK_IsHalted()
TE8C4 140:760.096 - 0.550ms returns FALSE
TE8C4 140:760.224 JLINK_IsHalted()
TE8C4 140:760.544 - 0.323ms returns FALSE
T5FB0 140:828.864 JLINK_IsHalted()
T5FB0 140:829.312 - 0.445ms returns FALSE
T5FB0 140:829.392 JLINK_IsHalted()
T5FB0 140:829.664 - 0.272ms returns FALSE
TE8C4 140:868.576 JLINK_IsHalted()
TE8C4 140:869.088 - 0.525ms returns FALSE
TE8C4 140:869.200 JLINK_IsHalted()
TE8C4 140:869.536 - 0.332ms returns FALSE
TE8C4 140:978.848 JLINK_IsHalted()
TE8C4 140:979.312 - 0.460ms returns FALSE
TE8C4 140:979.552 JLINK_IsHalted()
TE8C4 140:980.256 - 0.704ms returns FALSE
TE8C4 141:088.256 JLINK_IsHalted()
TE8C4 141:088.832 - 0.575ms returns FALSE
TE8C4 141:088.976 JLINK_IsHalted()
TE8C4 141:089.424 - 0.451ms returns FALSE
TE8C4 141:196.928 JLINK_IsHalted()
TE8C4 141:197.440 - 0.506ms returns FALSE
TE8C4 141:197.584 JLINK_IsHalted()
TE8C4 141:197.936 - 0.363ms returns FALSE
TE8C4 141:306.336 JLINK_IsHalted()
TE8C4 141:306.704 - 0.368ms returns FALSE
TE8C4 141:306.768 JLINK_IsHalted()
TE8C4 141:307.040 - 0.291ms returns FALSE
TE8C4 141:416.304 JLINK_IsHalted()
TE8C4 141:416.944 - 0.639ms returns FALSE
TE8C4 141:417.152 JLINK_IsHalted()
TE8C4 141:417.504 - 0.356ms returns FALSE
TE8C4 141:524.960 JLINK_IsHalted()
TE8C4 141:525.504 - 0.548ms returns FALSE
TE8C4 141:525.584 JLINK_IsHalted()
TE8C4 141:525.856 - 0.276ms returns FALSE
TE8C4 141:634.608 JLINK_IsHalted()
TE8C4 141:635.232 - 0.609ms returns FALSE
TE8C4 141:635.360 JLINK_IsHalted()
TE8C4 141:635.712 - 0.339ms returns FALSE
TE8C4 141:743.824 JLINK_IsHalted()
TE8C4 141:744.400 - 0.585ms returns FALSE
TE8C4 141:744.544 JLINK_IsHalted()
TE8C4 141:744.928 - 0.380ms returns FALSE
T5FB0 141:830.304 JLINK_IsHalted()
T5FB0 141:830.656 - 0.348ms returns FALSE
T5FB0 141:830.688 JLINK_IsHalted()
T5FB0 141:830.944 - 0.247ms returns FALSE
TE8C4 141:853.392 JLINK_IsHalted()
TE8C4 141:853.856 - 0.479ms returns FALSE
TE8C4 141:854.000 JLINK_IsHalted()
TE8C4 141:854.368 - 0.373ms returns FALSE
TE8C4 141:962.960 JLINK_IsHalted()
TE8C4 141:963.440 - 0.495ms returns FALSE
TE8C4 141:963.552 JLINK_IsHalted()
TE8C4 141:963.872 - 0.340ms returns FALSE
TE8C4 142:072.128 JLINK_IsHalted()
TE8C4 142:072.720 - 0.587ms returns FALSE
TE8C4 142:072.800 JLINK_IsHalted()
TE8C4 142:073.120 - 0.312ms returns FALSE
TE8C4 142:181.760 JLINK_IsHalted()
TE8C4 142:182.304 - 0.544ms returns FALSE
TE8C4 142:182.432 JLINK_IsHalted()
TE8C4 142:182.800 - 0.358ms returns FALSE
TE8C4 142:290.688 JLINK_IsHalted()
TE8C4 142:363.776 - 73.088ms returns FALSE
TE8C4 142:363.872 JLINK_IsHalted()
TE8C4 142:364.192 - 0.316ms returns FALSE
TE8C4 142:462.608 JLINK_IsHalted()
TE8C4 142:463.136 - 0.532ms returns FALSE
TE8C4 142:463.280 JLINK_IsHalted()
TE8C4 142:463.696 - 0.418ms returns FALSE
TE8C4 142:572.192 JLINK_IsHalted()
TE8C4 142:572.640 - 0.455ms returns FALSE
TE8C4 142:572.768 JLINK_IsHalted()
TE8C4 142:573.152 - 0.383ms returns FALSE
TE8C4 142:681.760 JLINK_IsHalted()
TE8C4 142:682.304 - 0.553ms returns FALSE
TE8C4 142:682.528 JLINK_IsHalted()
TE8C4 142:683.040 - 0.503ms returns FALSE
TE8C4 142:790.896 JLINK_IsHalted()
TE8C4 142:792.144 - 1.234ms returns FALSE
TE8C4 142:792.224 JLINK_IsHalted()
TE8C4 142:792.560 - 0.336ms returns FALSE
T5FB0 142:831.808 JLINK_IsHalted()
T5FB0 142:832.272 - 0.462ms returns FALSE
T5FB0 142:832.320 JLINK_IsHalted()
T5FB0 142:832.608 - 0.293ms returns FALSE
TE8C4 142:900.192 JLINK_IsHalted()
TE8C4 142:900.720 - 0.517ms returns FALSE
TE8C4 142:900.896 JLINK_IsHalted()
TE8C4 142:901.200 - 0.304ms returns FALSE
TE8C4 143:009.456 JLINK_IsHalted()
TE8C4 143:009.952 - 0.492ms returns FALSE
TE8C4 143:010.064 JLINK_IsHalted()
TE8C4 143:010.384 - 0.317ms returns FALSE
TE8C4 143:118.704 JLINK_IsHalted()
TE8C4 143:119.280 - 0.579ms returns FALSE
TE8C4 143:119.456 JLINK_IsHalted()
TE8C4 143:119.952 - 0.492ms returns FALSE
TE8C4 143:228.704 JLINK_IsHalted()
TE8C4 143:229.312 - 0.612ms returns FALSE
TE8C4 143:229.440 JLINK_IsHalted()
TE8C4 143:229.776 - 0.336ms returns FALSE
TE8C4 143:337.504 JLINK_IsHalted()
TE8C4 143:338.016 - 0.527ms returns FALSE
TE8C4 143:338.112 JLINK_IsHalted()
TE8C4 143:338.432 - 0.315ms returns FALSE
TE8C4 143:448.112 JLINK_IsHalted()
TE8C4 143:448.448 - 0.332ms returns FALSE
TE8C4 143:448.528 JLINK_IsHalted()
TE8C4 143:448.800 - 0.276ms returns FALSE
TE8C4 143:556.944 JLINK_IsHalted()
TE8C4 143:557.344 - 0.399ms returns FALSE
TE8C4 143:557.440 JLINK_IsHalted()
TE8C4 143:557.728 - 0.295ms returns FALSE
TE8C4 143:666.144 JLINK_IsHalted()
TE8C4 143:674.720 - 8.581ms returns FALSE
TE8C4 143:674.816 JLINK_IsHalted()
TE8C4 143:675.152 - 0.340ms returns FALSE
TE8C4 143:775.040 JLINK_IsHalted()
TE8C4 143:775.584 - 0.553ms returns FALSE
TE8C4 143:775.760 JLINK_IsHalted()
TE8C4 143:776.112 - 0.358ms returns FALSE
T5FB0 143:834.160 JLINK_IsHalted()
T5FB0 143:834.592 - 0.437ms returns FALSE
T5FB0 143:834.672 JLINK_IsHalted()
T5FB0 143:835.024 - 0.351ms returns FALSE
TE8C4 143:884.656 JLINK_IsHalted()
TE8C4 143:885.056 - 0.401ms returns FALSE
TE8C4 143:885.152 JLINK_IsHalted()
TE8C4 143:885.472 - 0.330ms returns FALSE
TE8C4 143:993.616 JLINK_IsHalted()
TE8C4 143:994.000 - 0.389ms returns FALSE
TE8C4 143:994.064 JLINK_IsHalted()
TE8C4 143:994.336 - 0.283ms returns FALSE
TE8C4 144:103.072 JLINK_IsHalted()
TE8C4 144:103.584 - 0.527ms returns FALSE
TE8C4 144:103.696 JLINK_IsHalted()
TE8C4 144:104.080 - 0.379ms returns FALSE
TE8C4 144:212.448 JLINK_IsHalted()
TE8C4 144:212.960 - 0.507ms returns FALSE
TE8C4 144:213.040 JLINK_IsHalted()
TE8C4 144:213.344 - 0.298ms returns FALSE
TE8C4 144:322.592 JLINK_IsHalted()
TE8C4 144:323.120 - 0.537ms returns FALSE
TE8C4 144:323.232 JLINK_IsHalted()
TE8C4 144:323.552 - 0.332ms returns FALSE
TE8C4 144:432.016 JLINK_IsHalted()
TE8C4 144:432.656 - 0.637ms returns FALSE
TE8C4 144:432.848 JLINK_IsHalted()
TE8C4 144:433.440 - 0.596ms returns FALSE
TE8C4 144:540.896 JLINK_IsHalted()
TE8C4 144:541.392 - 0.491ms returns FALSE
TE8C4 144:541.472 JLINK_IsHalted()
TE8C4 144:541.744 - 0.281ms returns FALSE
TE8C4 144:650.784 JLINK_IsHalted()
TE8C4 144:651.296 - 0.505ms returns FALSE
TE8C4 144:651.392 JLINK_IsHalted()
TE8C4 144:651.808 - 0.419ms returns FALSE
TE8C4 144:759.840 JLINK_IsHalted()
TE8C4 144:760.272 - 0.439ms returns FALSE
TE8C4 144:760.336 JLINK_IsHalted()
TE8C4 144:760.688 - 0.346ms returns FALSE
T5FB0 144:837.072 JLINK_IsHalted()
T5FB0 144:837.536 - 0.475ms returns FALSE
T5FB0 144:837.648 JLINK_IsHalted()
T5FB0 144:837.952 - 0.303ms returns FALSE
TE8C4 144:869.392 JLINK_IsHalted()
TE8C4 144:869.920 - 0.529ms returns FALSE
TE8C4 144:870.016 JLINK_IsHalted()
TE8C4 144:870.480 - 0.453ms returns FALSE
TE8C4 144:978.144 JLINK_IsHalted()
TE8C4 144:978.656 - 0.497ms returns FALSE
TE8C4 144:978.784 JLINK_IsHalted()
TE8C4 144:979.120 - 0.336ms returns FALSE
TE8C4 145:088.704 JLINK_IsHalted()
TE8C4 145:089.296 - 0.589ms returns FALSE
TE8C4 145:089.392 JLINK_IsHalted()
TE8C4 145:089.680 - 0.287ms returns FALSE
TE8C4 145:196.816 JLINK_IsHalted()
TE8C4 145:197.360 - 0.546ms returns FALSE
TE8C4 145:197.456 JLINK_IsHalted()
TE8C4 145:197.808 - 0.355ms returns FALSE
TE8C4 145:306.656 JLINK_IsHalted()
TE8C4 145:307.104 - 0.427ms returns FALSE
TE8C4 145:307.200 JLINK_IsHalted()
TE8C4 145:307.552 - 0.350ms returns FALSE
TE8C4 145:416.144 JLINK_IsHalted()
TE8C4 145:416.592 - 0.453ms returns FALSE
TE8C4 145:416.688 JLINK_IsHalted()
TE8C4 145:416.944 - 0.262ms returns FALSE
TE8C4 145:525.456 JLINK_IsHalted()
TE8C4 145:525.984 - 0.527ms returns FALSE
TE8C4 145:526.112 JLINK_IsHalted()
TE8C4 145:526.432 - 0.323ms returns FALSE
TE8C4 145:635.232 JLINK_IsHalted()
TE8C4 145:635.760 - 0.520ms returns FALSE
TE8C4 145:635.936 JLINK_IsHalted()
TE8C4 145:636.480 - 0.538ms returns FALSE
TE8C4 145:743.664 JLINK_IsHalted()
TE8C4 145:744.160 - 0.508ms returns FALSE
TE8C4 145:744.240 JLINK_IsHalted()
TE8C4 145:744.512 - 0.268ms returns FALSE
T5FB0 145:839.712 JLINK_IsHalted()
T5FB0 145:840.032 - 0.327ms returns FALSE
T5FB0 145:840.096 JLINK_IsHalted()
T5FB0 145:840.480 - 0.391ms returns FALSE
TE8C4 145:853.472 JLINK_IsHalted()
TE8C4 145:853.856 - 0.389ms returns FALSE
TE8C4 145:853.984 JLINK_IsHalted()
TE8C4 145:854.384 - 0.398ms returns FALSE
TE8C4 145:962.416 JLINK_IsHalted()
TE8C4 145:962.928 - 0.516ms returns FALSE
TE8C4 145:963.072 JLINK_IsHalted()
TE8C4 145:963.536 - 0.455ms returns FALSE
TE8C4 146:072.352 JLINK_IsHalted()
TE8C4 146:072.880 - 0.526ms returns FALSE
TE8C4 146:073.040 JLINK_IsHalted()
TE8C4 146:073.472 - 0.436ms returns FALSE
TE8C4 146:181.584 JLINK_IsHalted()
TE8C4 146:182.144 - 0.562ms returns FALSE
TE8C4 146:182.304 JLINK_IsHalted()
TE8C4 146:182.768 - 0.451ms returns FALSE
TE8C4 146:290.848 JLINK_IsHalted()
TE8C4 146:291.296 - 0.448ms returns FALSE
TE8C4 146:291.424 JLINK_IsHalted()
TE8C4 146:291.712 - 0.290ms returns FALSE
TE8C4 146:400.128 JLINK_IsHalted()
TE8C4 146:400.736 - 0.602ms returns FALSE
TE8C4 146:400.800 JLINK_IsHalted()
TE8C4 146:401.312 - 0.495ms returns FALSE
TE8C4 146:509.408 JLINK_IsHalted()
TE8C4 146:509.824 - 0.433ms returns FALSE
TE8C4 146:509.888 JLINK_IsHalted()
TE8C4 146:510.176 - 0.278ms returns FALSE
TE8C4 146:618.976 JLINK_IsHalted()
TE8C4 146:619.600 - 0.623ms returns FALSE
TE8C4 146:619.664 JLINK_IsHalted()
TE8C4 146:620.064 - 0.396ms returns FALSE
TE8C4 146:728.464 JLINK_IsHalted()
TE8C4 146:729.296 - 0.841ms returns FALSE
TE8C4 146:729.360 JLINK_IsHalted()
TE8C4 146:729.680 - 0.315ms returns FALSE
TE8C4 146:837.856 JLINK_IsHalted()
TE8C4 146:838.352 - 0.488ms returns FALSE
TE8C4 146:838.432 JLINK_IsHalted()
TE8C4 146:838.736 - 0.313ms returns FALSE
T5FB0 146:842.848 JLINK_IsHalted()
T5FB0 146:843.296 - 0.445ms returns FALSE
T5FB0 146:843.360 JLINK_IsHalted()
T5FB0 146:843.648 - 0.293ms returns FALSE
TE8C4 146:947.168 JLINK_IsHalted()
TE8C4 146:947.664 - 0.484ms returns FALSE
TE8C4 146:947.744 JLINK_IsHalted()
TE8C4 146:948.000 - 0.256ms returns FALSE
TE8C4 147:056.736 JLINK_IsHalted()
TE8C4 147:057.136 - 0.404ms returns FALSE
TE8C4 147:057.200 JLINK_IsHalted()
TE8C4 147:057.856 - 0.642ms returns FALSE
TE8C4 147:165.472 JLINK_IsHalted()
TE8C4 147:166.048 - 0.580ms returns FALSE
TE8C4 147:166.192 JLINK_IsHalted()
TE8C4 147:166.656 - 0.459ms returns FALSE
TE8C4 147:275.200 JLINK_IsHalted()
TE8C4 147:275.744 - 0.543ms returns FALSE
TE8C4 147:275.904 JLINK_IsHalted()
TE8C4 147:276.304 - 0.388ms returns FALSE
TE8C4 147:384.272 JLINK_IsHalted()
TE8C4 147:384.656 - 0.385ms returns FALSE
TE8C4 147:384.688 JLINK_IsHalted()
TE8C4 147:384.928 - 0.231ms returns FALSE
TE8C4 147:493.616 JLINK_IsHalted()
TE8C4 147:494.144 - 0.516ms returns FALSE
TE8C4 147:494.288 JLINK_IsHalted()
TE8C4 147:494.720 - 0.439ms returns FALSE
TE8C4 147:603.472 JLINK_IsHalted()
TE8C4 147:604.064 - 0.585ms returns FALSE
TE8C4 147:604.208 JLINK_IsHalted()
TE8C4 147:604.624 - 0.403ms returns FALSE
TE8C4 147:714.080 JLINK_IsHalted()
TE8C4 147:714.608 - 0.537ms returns FALSE
TE8C4 147:714.704 JLINK_IsHalted()
TE8C4 147:715.040 - 0.329ms returns FALSE
TE8C4 147:822.032 JLINK_IsHalted()
TE8C4 147:822.608 - 0.582ms returns FALSE
TE8C4 147:822.768 JLINK_IsHalted()
TE8C4 147:823.744 - 0.971ms returns FALSE
T5FB0 147:844.096 JLINK_IsHalted()
T5FB0 147:844.464 - 0.362ms returns FALSE
T5FB0 147:844.512 JLINK_IsHalted()
T5FB0 147:844.736 - 0.227ms returns FALSE
TE8C4 147:932.064 JLINK_IsHalted()
TE8C4 147:932.848 - 0.795ms returns FALSE
TE8C4 147:933.024 JLINK_IsHalted()
TE8C4 147:933.456 - 0.427ms returns FALSE
TE8C4 148:040.624 JLINK_IsHalted()
TE8C4 148:041.024 - 0.401ms returns FALSE
TE8C4 148:041.104 JLINK_IsHalted()
TE8C4 148:041.472 - 0.369ms returns FALSE
TE8C4 148:149.904 JLINK_IsHalted()
TE8C4 148:150.432 - 0.515ms returns FALSE
TE8C4 148:150.560 JLINK_IsHalted()
TE8C4 148:150.944 - 0.394ms returns FALSE
TE8C4 148:259.792 JLINK_IsHalted()
TE8C4 148:260.368 - 0.573ms returns FALSE
TE8C4 148:260.480 JLINK_IsHalted()
TE8C4 148:261.024 - 0.537ms returns FALSE
TE8C4 148:369.232 JLINK_IsHalted()
TE8C4 148:369.680 - 0.443ms returns FALSE
TE8C4 148:369.744 JLINK_IsHalted()
TE8C4 148:370.016 - 0.282ms returns FALSE
TE8C4 148:478.160 JLINK_IsHalted()
TE8C4 148:478.672 - 0.502ms returns FALSE
TE8C4 148:478.832 JLINK_IsHalted()
TE8C4 148:479.200 - 0.367ms returns FALSE
TE8C4 148:587.584 JLINK_IsHalted()
TE8C4 148:589.600 - 2.005ms returns FALSE
TE8C4 148:589.744 JLINK_IsHalted()
TE8C4 148:590.144 - 0.403ms returns FALSE
TE8C4 148:696.624 JLINK_IsHalted()
TE8C4 148:697.056 - 0.415ms returns FALSE
TE8C4 148:697.120 JLINK_IsHalted()
TE8C4 148:697.472 - 0.355ms returns FALSE
TE8C4 148:806.496 JLINK_IsHalted()
TE8C4 148:806.944 - 0.431ms returns FALSE
TE8C4 148:807.040 JLINK_IsHalted()
TE8C4 148:807.424 - 0.389ms returns FALSE
T5FB0 148:846.304 JLINK_IsHalted()
T5FB0 148:846.656 - 0.355ms returns FALSE
T5FB0 148:846.736 JLINK_IsHalted()
T5FB0 148:847.040 - 0.305ms returns FALSE
TE8C4 148:915.680 JLINK_IsHalted()
TE8C4 148:916.128 - 0.439ms returns FALSE
TE8C4 148:916.240 JLINK_IsHalted()
TE8C4 148:916.640 - 0.390ms returns FALSE
TE8C4 149:025.712 JLINK_IsHalted()
TE8C4 149:026.272 - 0.554ms returns FALSE
TE8C4 149:026.416 JLINK_IsHalted()
TE8C4 149:026.688 - 0.271ms returns FALSE
TE8C4 149:135.152 JLINK_IsHalted()
TE8C4 149:135.648 - 0.486ms returns FALSE
TE8C4 149:135.728 JLINK_IsHalted()
TE8C4 149:136.144 - 0.416ms returns FALSE
TE8C4 149:244.320 JLINK_IsHalted()
TE8C4 149:244.864 - 0.537ms returns FALSE
TE8C4 149:245.008 JLINK_IsHalted()
TE8C4 149:245.424 - 0.419ms returns FALSE
TE8C4 149:353.248 JLINK_IsHalted()
TE8C4 149:353.696 - 0.458ms returns FALSE
TE8C4 149:353.776 JLINK_IsHalted()
TE8C4 149:354.048 - 0.274ms returns FALSE
TE8C4 149:462.944 JLINK_IsHalted()
TE8C4 149:463.504 - 0.555ms returns FALSE
TE8C4 149:463.648 JLINK_IsHalted()
TE8C4 149:464.032 - 0.394ms returns FALSE
TE8C4 149:572.464 JLINK_IsHalted()
TE8C4 149:573.024 - 0.563ms returns FALSE
TE8C4 149:573.152 JLINK_IsHalted()
TE8C4 149:573.488 - 0.332ms returns FALSE
TE8C4 149:681.648 JLINK_IsHalted()
TE8C4 149:682.064 - 0.413ms returns FALSE
TE8C4 149:682.144 JLINK_IsHalted()
TE8C4 149:682.512 - 0.365ms returns FALSE
TE8C4 149:790.592 JLINK_IsHalted()
TE8C4 149:790.976 - 0.383ms returns FALSE
TE8C4 149:791.072 JLINK_IsHalted()
TE8C4 149:791.392 - 0.328ms returns FALSE
T5FB0 149:848.080 JLINK_IsHalted()
T5FB0 149:848.432 - 0.354ms returns FALSE
T5FB0 149:848.480 JLINK_IsHalted()
T5FB0 149:848.704 - 0.220ms returns FALSE
TE8C4 149:900.208 JLINK_IsHalted()
TE8C4 149:900.832 - 0.632ms returns FALSE
TE8C4 149:900.976 JLINK_IsHalted()
TE8C4 149:901.344 - 0.366ms returns FALSE
TE8C4 150:009.536 JLINK_IsHalted()
TE8C4 150:010.032 - 0.494ms returns FALSE
TE8C4 150:010.128 JLINK_IsHalted()
TE8C4 150:010.576 - 0.442ms returns FALSE
TE8C4 150:118.752 JLINK_IsHalted()
TE8C4 150:119.344 - 0.583ms returns FALSE
TE8C4 150:119.472 JLINK_IsHalted()
TE8C4 150:119.936 - 0.462ms returns FALSE
TE8C4 150:228.048 JLINK_IsHalted()
TE8C4 150:228.624 - 0.572ms returns FALSE
TE8C4 150:228.784 JLINK_IsHalted()
TE8C4 150:229.344 - 0.545ms returns FALSE
TE8C4 150:338.032 JLINK_IsHalted()
TE8C4 150:338.448 - 0.401ms returns FALSE
TE8C4 150:338.512 JLINK_IsHalted()
TE8C4 150:338.784 - 0.279ms returns FALSE
TE8C4 150:447.568 JLINK_IsHalted()
TE8C4 150:448.160 - 0.611ms returns FALSE
TE8C4 150:448.352 JLINK_IsHalted()
TE8C4 150:448.704 - 0.363ms returns FALSE
TE8C4 150:556.176 JLINK_IsHalted()
TE8C4 150:556.608 - 0.431ms returns FALSE
TE8C4 150:556.688 JLINK_IsHalted()
TE8C4 150:556.992 - 0.305ms returns FALSE
TE8C4 150:665.712 JLINK_IsHalted()
TE8C4 150:666.208 - 0.505ms returns FALSE
TE8C4 150:666.368 JLINK_IsHalted()
TE8C4 150:666.720 - 0.346ms returns FALSE
TE8C4 150:775.184 JLINK_IsHalted()
TE8C4 150:775.728 - 0.546ms returns FALSE
TE8C4 150:775.856 JLINK_IsHalted()
TE8C4 150:776.224 - 0.364ms returns FALSE
T5FB0 150:849.936 JLINK_IsHalted()
T5FB0 150:850.336 - 0.413ms returns FALSE
T5FB0 150:850.464 JLINK_IsHalted()
T5FB0 150:850.784 - 0.307ms returns FALSE
TE8C4 150:884.240 JLINK_IsHalted()
TE8C4 150:884.640 - 0.399ms returns FALSE
TE8C4 150:884.704 JLINK_IsHalted()
TE8C4 150:886.192 - 1.491ms returns FALSE
TE8C4 150:994.528 JLINK_IsHalted()
TE8C4 150:995.072 - 0.540ms returns FALSE
TE8C4 150:995.232 JLINK_IsHalted()
TE8C4 150:995.616 - 0.384ms returns FALSE
TE8C4 151:104.208 JLINK_IsHalted()
TE8C4 151:104.544 - 0.335ms returns FALSE
TE8C4 151:104.640 JLINK_IsHalted()
TE8C4 151:105.040 - 0.400ms returns FALSE
TE8C4 151:212.960 JLINK_IsHalted()
TE8C4 151:213.344 - 0.391ms returns FALSE
TE8C4 151:213.408 JLINK_IsHalted()
TE8C4 151:213.696 - 0.285ms returns FALSE
TE8C4 151:322.432 JLINK_IsHalted()
TE8C4 151:322.848 - 0.420ms returns FALSE
TE8C4 151:322.912 JLINK_IsHalted()
TE8C4 151:323.200 - 0.294ms returns FALSE
TE8C4 151:431.568 JLINK_IsHalted()
TE8C4 151:432.128 - 0.562ms returns FALSE
TE8C4 151:432.224 JLINK_IsHalted()
TE8C4 151:432.672 - 0.448ms returns FALSE
TE8C4 151:540.768 JLINK_IsHalted()
TE8C4 151:541.152 - 0.382ms returns FALSE
TE8C4 151:541.200 JLINK_IsHalted()
TE8C4 151:541.504 - 0.310ms returns FALSE
TE8C4 151:650.432 JLINK_IsHalted()
TE8C4 151:650.976 - 0.547ms returns FALSE
TE8C4 151:651.104 JLINK_IsHalted()
TE8C4 151:651.616 - 0.523ms returns FALSE
TE8C4 151:760.096 JLINK_IsHalted()
TE8C4 151:760.608 - 0.503ms returns FALSE
TE8C4 151:760.768 JLINK_IsHalted()
TE8C4 151:761.184 - 0.426ms returns FALSE
T5FB0 151:853.008 JLINK_IsHalted()
T5FB0 151:854.880 - 1.859ms returns FALSE
T5FB0 151:854.976 JLINK_IsHalted()
T5FB0 151:855.344 - 0.367ms returns FALSE
TE8C4 151:868.624 JLINK_IsHalted()
TE8C4 151:869.088 - 0.459ms returns FALSE
TE8C4 151:869.216 JLINK_IsHalted()
TE8C4 151:869.632 - 0.418ms returns FALSE
TE8C4 151:977.984 JLINK_IsHalted()
TE8C4 151:978.352 - 0.367ms returns FALSE
TE8C4 151:978.464 JLINK_IsHalted()
TE8C4 151:978.784 - 0.320ms returns FALSE
TE8C4 152:088.256 JLINK_IsHalted()
TE8C4 152:088.896 - 0.640ms returns FALSE
TE8C4 152:089.056 JLINK_IsHalted()
TE8C4 152:089.552 - 0.488ms returns FALSE
TE8C4 152:197.360 JLINK_IsHalted()
TE8C4 152:197.856 - 0.493ms returns FALSE
TE8C4 152:197.968 JLINK_IsHalted()
TE8C4 152:198.368 - 0.399ms returns FALSE
TE8C4 152:306.848 JLINK_IsHalted()
TE8C4 152:307.360 - 0.516ms returns FALSE
TE8C4 152:307.552 JLINK_IsHalted()
TE8C4 152:308.544 - 0.976ms returns FALSE
TE8C4 152:416.048 JLINK_IsHalted()
TE8C4 152:416.624 - 0.583ms returns FALSE
TE8C4 152:416.880 JLINK_IsHalted()
TE8C4 152:417.296 - 0.411ms returns FALSE
TE8C4 152:525.360 JLINK_IsHalted()
TE8C4 152:525.952 - 0.586ms returns FALSE
TE8C4 152:526.096 JLINK_IsHalted()
TE8C4 152:526.384 - 0.296ms returns FALSE
TE8C4 152:634.848 JLINK_IsHalted()
TE8C4 152:635.424 - 0.565ms returns FALSE
TE8C4 152:635.552 JLINK_IsHalted()
TE8C4 152:635.952 - 0.389ms returns FALSE
TE8C4 152:744.576 JLINK_IsHalted()
TE8C4 152:745.088 - 0.508ms returns FALSE
TE8C4 152:745.248 JLINK_IsHalted()
TE8C4 152:745.696 - 0.432ms returns FALSE
TE8C4 152:853.584 JLINK_IsHalted()
TE8C4 152:854.144 - 0.569ms returns FALSE
TE8C4 152:854.304 JLINK_IsHalted()
TE8C4 152:854.832 - 0.524ms returns FALSE
T5FB0 152:857.776 JLINK_IsHalted()
T5FB0 152:858.112 - 0.331ms returns FALSE
T5FB0 152:858.160 JLINK_IsHalted()
T5FB0 152:858.400 - 0.227ms returns FALSE
TE8C4 152:962.848 JLINK_IsHalted()
TE8C4 152:963.488 - 0.645ms returns FALSE
TE8C4 152:963.664 JLINK_IsHalted()
TE8C4 152:964.064 - 0.406ms returns FALSE
TE8C4 153:071.888 JLINK_IsHalted()
TE8C4 153:072.368 - 0.476ms returns FALSE
TE8C4 153:072.464 JLINK_IsHalted()
TE8C4 153:072.784 - 0.308ms returns FALSE
TE8C4 153:181.872 JLINK_IsHalted()
TE8C4 153:182.448 - 0.580ms returns FALSE
TE8C4 153:182.560 JLINK_IsHalted()
TE8C4 153:182.992 - 0.425ms returns FALSE
TE8C4 153:291.392 JLINK_IsHalted()
TE8C4 153:291.808 - 0.420ms returns FALSE
TE8C4 153:291.872 JLINK_IsHalted()
TE8C4 153:292.144 - 0.276ms returns FALSE
TE8C4 153:400.288 JLINK_IsHalted()
TE8C4 153:401.248 - 0.947ms returns FALSE
TE8C4 153:401.392 JLINK_IsHalted()
TE8C4 153:401.760 - 0.365ms returns FALSE
TE8C4 153:509.488 JLINK_IsHalted()
TE8C4 153:510.000 - 0.505ms returns FALSE
TE8C4 153:510.192 JLINK_IsHalted()
TE8C4 153:510.560 - 0.372ms returns FALSE
TE8C4 153:618.784 JLINK_IsHalted()
TE8C4 153:619.200 - 0.427ms returns FALSE
TE8C4 153:619.264 JLINK_IsHalted()
TE8C4 153:619.632 - 0.368ms returns FALSE
TE8C4 153:728.736 JLINK_IsHalted()
TE8C4 153:729.184 - 0.454ms returns FALSE
TE8C4 153:729.296 JLINK_IsHalted()
TE8C4 153:729.664 - 0.368ms returns FALSE
TE8C4 153:838.000 JLINK_IsHalted()
TE8C4 153:838.560 - 0.561ms returns FALSE
TE8C4 153:838.672 JLINK_IsHalted()
TE8C4 153:838.992 - 0.313ms returns FALSE
T5FB0 153:860.192 JLINK_IsHalted()
T5FB0 153:860.576 - 0.395ms returns FALSE
T5FB0 153:860.640 JLINK_IsHalted()
T5FB0 153:860.944 - 0.304ms returns FALSE
TE8C4 153:947.456 JLINK_IsHalted()
TE8C4 153:948.048 - 0.583ms returns FALSE
TE8C4 153:948.128 JLINK_IsHalted()
TE8C4 153:948.608 - 0.462ms returns FALSE
TE8C4 154:056.672 JLINK_IsHalted()
TE8C4 154:057.104 - 0.419ms returns FALSE
TE8C4 154:057.184 JLINK_IsHalted()
TE8C4 154:057.440 - 0.250ms returns FALSE
TE8C4 154:166.288 JLINK_IsHalted()
TE8C4 154:166.752 - 0.454ms returns FALSE
TE8C4 154:166.832 JLINK_IsHalted()
TE8C4 154:167.120 - 0.279ms returns FALSE
TE8C4 154:275.680 JLINK_IsHalted()
TE8C4 154:276.112 - 0.441ms returns FALSE
TE8C4 154:276.192 JLINK_IsHalted()
TE8C4 154:276.464 - 0.288ms returns FALSE
TE8C4 154:384.288 JLINK_IsHalted()
TE8C4 154:384.816 - 0.540ms returns FALSE
TE8C4 154:384.992 JLINK_IsHalted()
TE8C4 154:385.440 - 0.458ms returns FALSE
TE8C4 154:493.632 JLINK_IsHalted()
TE8C4 154:494.208 - 0.573ms returns FALSE
TE8C4 154:494.304 JLINK_IsHalted()
TE8C4 154:494.688 - 0.370ms returns FALSE
TE8C4 154:603.360 JLINK_IsHalted()
TE8C4 154:603.824 - 0.464ms returns FALSE
TE8C4 154:603.936 JLINK_IsHalted()
TE8C4 154:604.368 - 0.429ms returns FALSE
TE8C4 154:713.808 JLINK_IsHalted()
TE8C4 154:714.384 - 0.570ms returns FALSE
TE8C4 154:714.480 JLINK_IsHalted()
TE8C4 154:714.976 - 0.489ms returns FALSE
TE8C4 154:822.208 JLINK_IsHalted()
TE8C4 154:822.752 - 0.553ms returns FALSE
TE8C4 154:822.864 JLINK_IsHalted()
TE8C4 154:823.280 - 0.412ms returns FALSE
T5FB0 154:861.856 JLINK_IsHalted()
T5FB0 154:862.368 - 0.520ms returns FALSE
T5FB0 154:862.544 JLINK_IsHalted()
T5FB0 154:862.832 - 0.298ms returns FALSE
TE8C4 154:931.984 JLINK_IsHalted()
TE8C4 154:932.576 - 0.590ms returns FALSE
TE8C4 154:932.672 JLINK_IsHalted()
TE8C4 154:933.024 - 0.344ms returns FALSE
TE8C4 155:040.736 JLINK_IsHalted()
TE8C4 155:041.360 - 0.629ms returns FALSE
TE8C4 155:041.536 JLINK_IsHalted()
TE8C4 155:041.952 - 0.416ms returns FALSE
TE8C4 155:150.208 JLINK_IsHalted()
TE8C4 155:150.608 - 0.389ms returns FALSE
TE8C4 155:150.672 JLINK_IsHalted()
TE8C4 155:150.944 - 0.282ms returns FALSE
TE8C4 155:260.176 JLINK_IsHalted()
TE8C4 155:260.640 - 0.481ms returns FALSE
TE8C4 155:260.720 JLINK_IsHalted()
TE8C4 155:261.088 - 0.353ms returns FALSE
TE8C4 155:369.440 JLINK_IsHalted()
TE8C4 155:369.952 - 0.514ms returns FALSE
TE8C4 155:370.080 JLINK_IsHalted()
TE8C4 155:370.464 - 0.396ms returns FALSE
TE8C4 155:478.048 JLINK_IsHalted()
TE8C4 155:478.656 - 0.601ms returns FALSE
TE8C4 155:478.752 JLINK_IsHalted()
TE8C4 155:479.136 - 0.374ms returns FALSE
TE8C4 155:587.728 JLINK_IsHalted()
TE8C4 155:588.416 - 0.682ms returns FALSE
TE8C4 155:588.560 JLINK_IsHalted()
TE8C4 155:588.960 - 0.407ms returns FALSE
TE8C4 155:697.152 JLINK_IsHalted()
TE8C4 155:697.648 - 0.502ms returns FALSE
TE8C4 155:697.760 JLINK_IsHalted()
TE8C4 155:698.128 - 0.363ms returns FALSE
TE8C4 155:806.112 JLINK_IsHalted()
TE8C4 155:806.560 - 0.431ms returns FALSE
TE8C4 155:806.624 JLINK_IsHalted()
TE8C4 155:807.008 - 0.368ms returns FALSE
T5FB0 155:864.992 JLINK_IsHalted()
T5FB0 155:865.600 - 0.604ms returns FALSE
T5FB0 155:865.712 JLINK_IsHalted()
T5FB0 155:866.080 - 0.355ms returns FALSE
TE8C4 155:915.552 JLINK_IsHalted()
TE8C4 155:915.952 - 0.406ms returns FALSE
TE8C4 155:916.112 JLINK_IsHalted()
TE8C4 155:916.448 - 0.336ms returns FALSE
TE8C4 156:025.680 JLINK_IsHalted()
TE8C4 156:026.176 - 0.496ms returns FALSE
TE8C4 156:026.288 JLINK_IsHalted()
TE8C4 156:026.784 - 0.484ms returns FALSE
TE8C4 156:134.800 JLINK_IsHalted()
TE8C4 156:135.232 - 0.438ms returns FALSE
TE8C4 156:135.360 JLINK_IsHalted()
TE8C4 156:135.776 - 0.416ms returns FALSE
TE8C4 156:243.904 JLINK_IsHalted()
TE8C4 156:244.320 - 0.420ms returns FALSE
TE8C4 156:244.384 JLINK_IsHalted()
TE8C4 156:244.688 - 0.314ms returns FALSE
TE8C4 156:353.488 JLINK_IsHalted()
TE8C4 156:354.944 - 1.456ms returns FALSE
TE8C4 156:355.088 JLINK_IsHalted()
TE8C4 156:355.440 - 0.359ms returns FALSE
TE8C4 156:462.368 JLINK_IsHalted()
TE8C4 156:462.832 - 0.475ms returns FALSE
TE8C4 156:462.960 JLINK_IsHalted()
TE8C4 156:463.472 - 0.514ms returns FALSE
TE8C4 156:572.576 JLINK_IsHalted()
TE8C4 156:573.040 - 0.479ms returns FALSE
TE8C4 156:573.136 JLINK_IsHalted()
TE8C4 156:573.472 - 0.323ms returns FALSE
TE8C4 156:682.176 JLINK_IsHalted()
TE8C4 156:682.656 - 0.480ms returns FALSE
TE8C4 156:682.784 JLINK_IsHalted()
TE8C4 156:683.232 - 0.452ms returns FALSE
TE8C4 156:791.312 JLINK_IsHalted()
TE8C4 156:791.856 - 0.553ms returns FALSE
TE8C4 156:792.032 JLINK_IsHalted()
TE8C4 156:792.528 - 0.502ms returns FALSE
T5FB0 156:868.128 JLINK_IsHalted()
T5FB0 156:868.512 - 0.382ms returns FALSE
T5FB0 156:868.576 JLINK_IsHalted()
T5FB0 156:868.864 - 0.282ms returns FALSE
TE8C4 156:900.512 JLINK_IsHalted()
TE8C4 156:901.024 - 0.513ms returns FALSE
TE8C4 156:901.136 JLINK_IsHalted()
TE8C4 156:901.664 - 0.524ms returns FALSE
TE8C4 157:010.160 JLINK_IsHalted()
TE8C4 157:010.704 - 0.535ms returns FALSE
TE8C4 157:010.832 JLINK_IsHalted()
TE8C4 157:011.296 - 0.475ms returns FALSE
TE8C4 157:120.128 JLINK_IsHalted()
TE8C4 157:120.688 - 0.558ms returns FALSE
TE8C4 157:120.848 JLINK_IsHalted()
TE8C4 157:121.344 - 0.489ms returns FALSE
TE8C4 157:228.864 JLINK_IsHalted()
TE8C4 157:229.248 - 0.383ms returns FALSE
TE8C4 157:229.408 JLINK_IsHalted()
TE8C4 157:229.744 - 0.351ms returns FALSE
TE8C4 157:337.712 JLINK_IsHalted()
TE8C4 157:338.096 - 0.386ms returns FALSE
TE8C4 157:338.160 JLINK_IsHalted()
TE8C4 157:338.448 - 0.275ms returns FALSE
TE8C4 157:446.768 JLINK_IsHalted()
TE8C4 157:447.232 - 0.459ms returns FALSE
TE8C4 157:447.328 JLINK_IsHalted()
TE8C4 157:447.664 - 0.337ms returns FALSE
TE8C4 157:556.608 JLINK_IsHalted()
TE8C4 157:557.088 - 0.478ms returns FALSE
TE8C4 157:557.264 JLINK_IsHalted()
TE8C4 157:557.600 - 0.338ms returns FALSE
TE8C4 157:665.920 JLINK_IsHalted()
TE8C4 157:666.496 - 0.565ms returns FALSE
TE8C4 157:666.672 JLINK_IsHalted()
TE8C4 157:667.056 - 0.381ms returns FALSE
TE8C4 157:775.664 JLINK_IsHalted()
TE8C4 157:776.144 - 0.477ms returns FALSE
TE8C4 157:776.288 JLINK_IsHalted()
TE8C4 157:776.688 - 0.403ms returns FALSE
T5FB0 157:870.368 JLINK_IsHalted()
T5FB0 157:870.896 - 0.544ms returns FALSE
T5FB0 157:871.008 JLINK_IsHalted()
T5FB0 157:871.360 - 0.362ms returns FALSE
TE8C4 157:884.816 JLINK_IsHalted()
TE8C4 157:885.280 - 0.473ms returns FALSE
TE8C4 157:885.392 JLINK_IsHalted()
TE8C4 157:885.680 - 0.304ms returns FALSE
TE8C4 157:993.856 JLINK_IsHalted()
TE8C4 157:994.272 - 0.407ms returns FALSE
TE8C4 157:994.336 JLINK_IsHalted()
TE8C4 157:994.608 - 0.280ms returns FALSE
TE8C4 158:103.744 JLINK_IsHalted()
TE8C4 158:104.240 - 0.503ms returns FALSE
TE8C4 158:104.304 JLINK_IsHalted()
TE8C4 158:104.720 - 0.400ms returns FALSE
TE8C4 158:212.448 JLINK_IsHalted()
TE8C4 158:212.880 - 0.434ms returns FALSE
TE8C4 158:212.992 JLINK_IsHalted()
TE8C4 158:213.296 - 0.316ms returns FALSE
TE8C4 158:322.192 JLINK_IsHalted()
TE8C4 158:322.784 - 0.585ms returns FALSE
TE8C4 158:322.944 JLINK_IsHalted()
TE8C4 158:323.296 - 0.358ms returns FALSE
TE8C4 158:431.696 JLINK_IsHalted()
TE8C4 158:432.304 - 0.616ms returns FALSE
TE8C4 158:432.400 JLINK_IsHalted()
TE8C4 158:432.800 - 0.415ms returns FALSE
TE8C4 158:541.376 JLINK_IsHalted()
TE8C4 158:542.720 - 1.342ms returns FALSE
TE8C4 158:542.928 JLINK_IsHalted()
TE8C4 158:543.344 - 0.429ms returns FALSE
TE8C4 158:651.168 JLINK_IsHalted()
TE8C4 158:665.424 - 14.238ms returns FALSE
TE8C4 158:665.488 JLINK_IsHalted()
TE8C4 158:665.760 - 0.291ms returns FALSE
TE8C4 158:759.472 JLINK_IsHalted()
TE8C4 158:759.856 - 0.374ms returns FALSE
TE8C4 158:759.968 JLINK_IsHalted()
TE8C4 158:760.288 - 0.311ms returns FALSE
TE8C4 158:868.832 JLINK_IsHalted()
TE8C4 158:869.472 - 0.649ms returns FALSE
TE8C4 158:869.632 JLINK_IsHalted()
TE8C4 158:870.128 - 0.498ms returns FALSE
T5FB0 158:872.736 JLINK_IsHalted()
T5FB0 158:873.152 - 0.415ms returns FALSE
T5FB0 158:873.248 JLINK_IsHalted()
T5FB0 158:873.664 - 0.424ms returns FALSE
TE8C4 158:978.880 JLINK_IsHalted()
TE8C4 158:979.312 - 0.439ms returns FALSE
TE8C4 158:979.472 JLINK_IsHalted()
TE8C4 158:979.808 - 0.340ms returns FALSE
TE8C4 159:088.464 JLINK_IsHalted()
TE8C4 159:088.992 - 0.525ms returns FALSE
TE8C4 159:089.184 JLINK_IsHalted()
TE8C4 159:089.648 - 0.473ms returns FALSE
TE8C4 159:197.152 JLINK_IsHalted()
TE8C4 159:197.664 - 0.516ms returns FALSE
TE8C4 159:197.776 JLINK_IsHalted()
TE8C4 159:198.048 - 0.280ms returns FALSE
TE8C4 159:306.400 JLINK_IsHalted()
TE8C4 159:306.832 - 0.416ms returns FALSE
TE8C4 159:306.896 JLINK_IsHalted()
TE8C4 159:307.184 - 0.289ms returns FALSE
TE8C4 159:415.520 JLINK_IsHalted()
TE8C4 159:415.952 - 0.423ms returns FALSE
TE8C4 159:416.080 JLINK_IsHalted()
TE8C4 159:416.464 - 0.375ms returns FALSE
TE8C4 159:525.392 JLINK_IsHalted()
TE8C4 159:526.352 - 0.962ms returns FALSE
TE8C4 159:526.416 JLINK_IsHalted()
TE8C4 159:526.624 - 0.217ms returns FALSE
TE8C4 159:635.424 JLINK_IsHalted()
TE8C4 159:636.128 - 0.707ms returns FALSE
TE8C4 159:636.256 JLINK_IsHalted()
TE8C4 159:636.592 - 0.339ms returns FALSE
TE8C4 159:746.736 JLINK_IsHalted()
TE8C4 159:747.088 - 0.343ms returns FALSE
TE8C4 159:747.152 JLINK_IsHalted()
TE8C4 159:747.456 - 0.298ms returns FALSE
TE8C4 159:853.696 JLINK_IsHalted()
TE8C4 159:854.240 - 0.545ms returns FALSE
TE8C4 159:854.352 JLINK_IsHalted()
TE8C4 159:854.720 - 0.368ms returns FALSE
T5FB0 159:875.440 JLINK_IsHalted()
T5FB0 159:875.984 - 0.534ms returns FALSE
T5FB0 159:876.224 JLINK_IsHalted()
T5FB0 159:876.608 - 0.388ms returns FALSE
TE8C4 159:962.336 JLINK_IsHalted()
TE8C4 159:962.768 - 0.428ms returns FALSE
TE8C4 159:962.864 JLINK_IsHalted()
TE8C4 159:963.184 - 0.324ms returns FALSE
TE8C4 160:072.576 JLINK_IsHalted()
TE8C4 160:073.168 - 0.583ms returns FALSE
TE8C4 160:073.328 JLINK_IsHalted()
TE8C4 160:073.856 - 0.525ms returns FALSE
TE8C4 160:181.936 JLINK_IsHalted()
TE8C4 160:182.640 - 0.700ms returns FALSE
TE8C4 160:182.832 JLINK_IsHalted()
TE8C4 160:183.344 - 0.505ms returns FALSE
TE8C4 160:290.912 JLINK_IsHalted()
TE8C4 160:291.296 - 0.388ms returns FALSE
TE8C4 160:291.360 JLINK_IsHalted()
TE8C4 160:291.664 - 0.291ms returns FALSE
TE8C4 160:400.720 JLINK_IsHalted()
TE8C4 160:401.104 - 0.387ms returns FALSE
TE8C4 160:401.184 JLINK_IsHalted()
TE8C4 160:401.456 - 0.279ms returns FALSE
TE8C4 160:509.216 JLINK_IsHalted()
TE8C4 160:509.712 - 0.488ms returns FALSE
TE8C4 160:509.856 JLINK_IsHalted()
TE8C4 160:510.176 - 0.328ms returns FALSE
TE8C4 160:618.672 JLINK_IsHalted()
TE8C4 160:619.296 - 0.614ms returns FALSE
TE8C4 160:619.440 JLINK_IsHalted()
TE8C4 160:619.856 - 0.404ms returns FALSE
TE8C4 160:728.032 JLINK_IsHalted()
TE8C4 160:728.672 - 0.645ms returns FALSE
TE8C4 160:728.848 JLINK_IsHalted()
TE8C4 160:729.312 - 0.475ms returns FALSE
TE8C4 160:838.080 JLINK_IsHalted()
TE8C4 160:838.608 - 0.517ms returns FALSE
TE8C4 160:838.704 JLINK_IsHalted()
TE8C4 160:839.072 - 0.371ms returns FALSE
T5FB0 160:877.824 JLINK_IsHalted()
T5FB0 160:878.240 - 0.423ms returns FALSE
T5FB0 160:878.320 JLINK_IsHalted()
T5FB0 160:878.608 - 0.286ms returns FALSE
TE8C4 160:946.784 JLINK_IsHalted()
TE8C4 160:947.152 - 0.373ms returns FALSE
TE8C4 160:947.216 JLINK_IsHalted()
TE8C4 160:947.472 - 0.265ms returns FALSE
TE8C4 161:061.152 JLINK_IsHalted()
TE8C4 161:061.600 - 0.426ms returns FALSE
TE8C4 161:061.728 JLINK_IsHalted()
TE8C4 161:062.176 - 0.447ms returns FALSE
TE8C4 161:165.504 JLINK_IsHalted()
TE8C4 161:166.000 - 0.498ms returns FALSE
TE8C4 161:166.160 JLINK_IsHalted()
TE8C4 161:166.592 - 0.442ms returns FALSE
TE8C4 161:275.456 JLINK_IsHalted()
TE8C4 161:275.872 - 0.416ms returns FALSE
TE8C4 161:275.936 JLINK_IsHalted()
TE8C4 161:276.224 - 0.281ms returns FALSE
TE8C4 161:384.848 JLINK_IsHalted()
TE8C4 161:385.424 - 0.573ms returns FALSE
TE8C4 161:385.504 JLINK_IsHalted()
TE8C4 161:385.824 - 0.337ms returns FALSE
TE8C4 161:494.512 JLINK_IsHalted()
TE8C4 161:495.072 - 0.561ms returns FALSE
TE8C4 161:495.200 JLINK_IsHalted()
TE8C4 161:495.616 - 0.421ms returns FALSE
TE8C4 161:603.232 JLINK_IsHalted()
TE8C4 161:603.680 - 0.451ms returns FALSE
TE8C4 161:603.760 JLINK_IsHalted()
TE8C4 161:604.032 - 0.277ms returns FALSE
TE8C4 161:712.992 JLINK_IsHalted()
TE8C4 161:713.536 - 0.529ms returns FALSE
TE8C4 161:713.680 JLINK_IsHalted()
TE8C4 161:714.128 - 0.449ms returns FALSE
TE8C4 161:822.560 JLINK_IsHalted()
TE8C4 161:823.024 - 0.467ms returns FALSE
TE8C4 161:823.120 JLINK_IsHalted()
TE8C4 161:823.456 - 0.336ms returns FALSE
T5FB0 161:879.840 JLINK_IsHalted()
T5FB0 161:880.240 - 0.399ms returns FALSE
T5FB0 161:880.304 JLINK_IsHalted()
T5FB0 161:880.592 - 0.284ms returns FALSE
TE8C4 161:932.016 JLINK_IsHalted()
TE8C4 161:932.544 - 0.515ms returns FALSE
TE8C4 161:932.688 JLINK_IsHalted()
TE8C4 161:933.024 - 0.337ms returns FALSE
TE8C4 162:040.912 JLINK_IsHalted()
TE8C4 162:041.376 - 0.448ms returns FALSE
TE8C4 162:041.440 JLINK_IsHalted()
TE8C4 162:041.744 - 0.306ms returns FALSE
TE8C4 162:150.048 JLINK_IsHalted()
TE8C4 162:150.528 - 0.491ms returns FALSE
TE8C4 162:150.688 JLINK_IsHalted()
TE8C4 162:151.056 - 0.351ms returns FALSE
TE8C4 162:259.520 JLINK_IsHalted()
TE8C4 162:259.888 - 0.363ms returns FALSE
TE8C4 162:259.936 JLINK_IsHalted()
TE8C4 162:260.224 - 0.294ms returns FALSE
TE8C4 162:370.016 JLINK_IsHalted()
TE8C4 162:370.512 - 0.497ms returns FALSE
TE8C4 162:370.592 JLINK_IsHalted()
TE8C4 162:370.944 - 0.335ms returns FALSE
TE8C4 162:478.384 JLINK_IsHalted()
TE8C4 162:478.864 - 0.479ms returns FALSE
TE8C4 162:478.944 JLINK_IsHalted()
TE8C4 162:479.200 - 0.276ms returns FALSE
TE8C4 162:588.240 JLINK_IsHalted()
TE8C4 162:590.192 - 1.959ms returns FALSE
TE8C4 162:590.304 JLINK_IsHalted()
TE8C4 162:590.640 - 0.333ms returns FALSE
TE8C4 162:696.800 JLINK_IsHalted()
TE8C4 162:697.232 - 0.428ms returns FALSE
TE8C4 162:697.312 JLINK_IsHalted()
TE8C4 162:697.696 - 0.368ms returns FALSE
TE8C4 162:806.768 JLINK_IsHalted()
TE8C4 162:807.168 - 0.404ms returns FALSE
TE8C4 162:807.232 JLINK_IsHalted()
TE8C4 162:807.520 - 0.276ms returns FALSE
T5FB0 162:880.736 JLINK_IsHalted()
T5FB0 162:881.120 - 0.389ms returns FALSE
T5FB0 162:881.168 JLINK_IsHalted()
T5FB0 162:881.456 - 0.293ms returns FALSE
TE8C4 162:916.240 JLINK_IsHalted()
TE8C4 162:916.704 - 0.454ms returns FALSE
TE8C4 162:916.832 JLINK_IsHalted()
TE8C4 162:917.264 - 0.439ms returns FALSE
TE8C4 163:025.072 JLINK_IsHalted()
TE8C4 163:025.472 - 0.402ms returns FALSE
TE8C4 163:025.536 JLINK_IsHalted()
TE8C4 163:025.744 - 0.209ms returns FALSE
TE8C4 163:134.592 JLINK_IsHalted()
TE8C4 163:135.040 - 0.450ms returns FALSE
TE8C4 163:135.104 JLINK_IsHalted()
TE8C4 163:135.392 - 0.285ms returns FALSE
TE8C4 163:243.808 JLINK_IsHalted()
TE8C4 163:244.304 - 0.479ms returns FALSE
TE8C4 163:244.400 JLINK_IsHalted()
TE8C4 163:244.752 - 0.348ms returns FALSE
TE8C4 163:353.792 JLINK_IsHalted()
TE8C4 163:354.224 - 0.435ms returns FALSE
TE8C4 163:354.416 JLINK_IsHalted()
TE8C4 163:354.848 - 0.426ms returns FALSE
TE8C4 163:462.800 JLINK_IsHalted()
TE8C4 163:463.296 - 0.497ms returns FALSE
TE8C4 163:463.344 JLINK_IsHalted()
TE8C4 163:463.632 - 0.283ms returns FALSE
TE8C4 163:572.480 JLINK_IsHalted()
TE8C4 163:572.912 - 0.438ms returns FALSE
TE8C4 163:573.040 JLINK_IsHalted()
TE8C4 163:573.344 - 0.295ms returns FALSE
TE8C4 163:681.952 JLINK_IsHalted()
TE8C4 163:682.416 - 0.462ms returns FALSE
TE8C4 163:682.512 JLINK_IsHalted()
TE8C4 163:682.912 - 0.413ms returns FALSE
TE8C4 163:790.912 JLINK_IsHalted()
TE8C4 163:791.520 - 0.592ms returns FALSE
TE8C4 163:792.032 JLINK_IsHalted()
TE8C4 163:792.816 - 0.782ms returns FALSE
T5FB0 163:882.528 JLINK_IsHalted()
T5FB0 163:883.104 - 0.560ms returns FALSE
T5FB0 163:883.168 JLINK_IsHalted()
T5FB0 163:883.440 - 0.283ms returns FALSE
TE8C4 163:900.192 JLINK_IsHalted()
TE8C4 163:900.864 - 0.669ms returns FALSE
TE8C4 163:901.024 JLINK_IsHalted()
TE8C4 163:901.392 - 0.372ms returns FALSE
TE8C4 164:009.184 JLINK_IsHalted()
TE8C4 164:009.616 - 0.427ms returns FALSE
TE8C4 164:009.680 JLINK_IsHalted()
TE8C4 164:009.952 - 0.285ms returns FALSE
TE8C4 164:118.640 JLINK_IsHalted()
TE8C4 164:119.152 - 0.508ms returns FALSE
TE8C4 164:119.264 JLINK_IsHalted()
TE8C4 164:119.552 - 0.298ms returns FALSE
TE8C4 164:228.736 JLINK_IsHalted()
TE8C4 164:229.216 - 0.482ms returns FALSE
TE8C4 164:229.328 JLINK_IsHalted()
TE8C4 164:229.680 - 0.354ms returns FALSE
TE8C4 164:337.264 JLINK_IsHalted()
TE8C4 164:337.712 - 0.451ms returns FALSE
TE8C4 164:337.856 JLINK_IsHalted()
TE8C4 164:338.176 - 0.320ms returns FALSE
TE8C4 164:446.912 JLINK_IsHalted()
TE8C4 164:447.408 - 0.508ms returns FALSE
TE8C4 164:447.488 JLINK_IsHalted()
TE8C4 164:447.872 - 0.392ms returns FALSE
TE8C4 164:556.576 JLINK_IsHalted()
TE8C4 164:557.088 - 0.504ms returns FALSE
TE8C4 164:557.152 JLINK_IsHalted()
TE8C4 164:557.456 - 0.306ms returns FALSE
TE8C4 164:665.888 JLINK_IsHalted()
TE8C4 164:666.400 - 0.513ms returns FALSE
TE8C4 164:666.528 JLINK_IsHalted()
TE8C4 164:666.912 - 0.375ms returns FALSE
TE8C4 164:775.424 JLINK_IsHalted()
TE8C4 164:776.400 - 0.974ms returns FALSE
TE8C4 164:776.496 JLINK_IsHalted()
TE8C4 164:776.752 - 0.261ms returns FALSE
TE8C4 164:884.640 JLINK_IsHalted()
TE8C4 164:885.216 - 0.578ms returns FALSE
TE8C4 164:885.344 JLINK_IsHalted()
TE8C4 164:885.632 - 0.297ms returns FALSE
T5FB0 164:885.744 JLINK_IsHalted()
T5FB0 164:886.208 - 0.456ms returns FALSE
T5FB0 164:886.336 JLINK_IsHalted()
T5FB0 164:886.656 - 0.327ms returns FALSE
TE8C4 164:994.576 JLINK_IsHalted()
TE8C4 164:995.088 - 0.504ms returns FALSE
TE8C4 164:995.200 JLINK_IsHalted()
TE8C4 164:995.616 - 0.430ms returns FALSE
TE8C4 165:103.712 JLINK_IsHalted()
TE8C4 165:104.240 - 0.530ms returns FALSE
TE8C4 165:104.336 JLINK_IsHalted()
TE8C4 165:104.672 - 0.328ms returns FALSE
TE8C4 165:212.944 JLINK_IsHalted()
TE8C4 165:213.424 - 0.487ms returns FALSE
TE8C4 165:213.568 JLINK_IsHalted()
TE8C4 165:213.920 - 0.343ms returns FALSE
TE8C4 165:322.416 JLINK_IsHalted()
TE8C4 165:322.896 - 0.482ms returns FALSE
TE8C4 165:322.976 JLINK_IsHalted()
TE8C4 165:323.328 - 0.338ms returns FALSE
TE8C4 165:431.632 JLINK_IsHalted()
TE8C4 165:432.256 - 0.631ms returns FALSE
TE8C4 165:432.416 JLINK_IsHalted()
TE8C4 165:432.912 - 0.488ms returns FALSE
TE8C4 165:540.928 JLINK_IsHalted()
TE8C4 165:541.376 - 0.445ms returns FALSE
TE8C4 165:541.424 JLINK_IsHalted()
TE8C4 165:541.728 - 0.298ms returns FALSE
TE8C4 165:650.432 JLINK_IsHalted()
TE8C4 165:650.880 - 0.450ms returns FALSE
TE8C4 165:650.960 JLINK_IsHalted()
TE8C4 165:651.232 - 0.265ms returns FALSE
TE8C4 165:759.392 JLINK_IsHalted()
TE8C4 165:759.824 - 0.412ms returns FALSE
TE8C4 165:759.888 JLINK_IsHalted()
TE8C4 165:760.160 - 0.271ms returns FALSE
TE8C4 165:868.912 JLINK_IsHalted()
TE8C4 165:869.456 - 0.540ms returns FALSE
TE8C4 165:869.616 JLINK_IsHalted()
TE8C4 165:869.984 - 0.361ms returns FALSE
T5FB0 165:886.560 JLINK_IsHalted()
T5FB0 165:886.960 - 0.393ms returns FALSE
T5FB0 165:887.024 JLINK_IsHalted()
T5FB0 165:887.312 - 0.280ms returns FALSE
TE8C4 165:978.528 JLINK_IsHalted()
TE8C4 165:979.008 - 0.482ms returns FALSE
TE8C4 165:979.152 JLINK_IsHalted()
TE8C4 165:979.520 - 0.366ms returns FALSE
TE8C4 166:087.984 JLINK_IsHalted()
TE8C4 166:088.336 - 0.353ms returns FALSE
TE8C4 166:088.384 JLINK_IsHalted()
TE8C4 166:088.608 - 0.230ms returns FALSE
TE8C4 166:197.568 JLINK_IsHalted()
TE8C4 166:197.968 - 0.393ms returns FALSE
TE8C4 166:198.048 JLINK_IsHalted()
TE8C4 166:198.432 - 0.380ms returns FALSE
TE8C4 166:306.800 JLINK_IsHalted()
TE8C4 166:307.216 - 0.400ms returns FALSE
TE8C4 166:307.264 JLINK_IsHalted()
TE8C4 166:307.568 - 0.301ms returns FALSE
TE8C4 166:416.192 JLINK_IsHalted()
TE8C4 166:416.736 - 0.529ms returns FALSE
TE8C4 166:416.864 JLINK_IsHalted()
TE8C4 166:417.312 - 0.463ms returns FALSE
TE8C4 166:525.392 JLINK_IsHalted()
TE8C4 166:525.856 - 0.465ms returns FALSE
TE8C4 166:525.968 JLINK_IsHalted()
TE8C4 166:526.304 - 0.348ms returns FALSE
TE8C4 166:635.056 JLINK_IsHalted()
TE8C4 166:635.552 - 0.487ms returns FALSE
TE8C4 166:635.616 JLINK_IsHalted()
TE8C4 166:635.888 - 0.272ms returns FALSE
TE8C4 166:744.288 JLINK_IsHalted()
TE8C4 166:744.736 - 0.443ms returns FALSE
TE8C4 166:744.816 JLINK_IsHalted()
TE8C4 166:745.376 - 0.557ms returns FALSE
TE8C4 166:853.728 JLINK_IsHalted()
TE8C4 166:854.176 - 0.453ms returns FALSE
TE8C4 166:854.288 JLINK_IsHalted()
TE8C4 166:854.624 - 0.323ms returns FALSE
T5FB0 166:888.016 JLINK_IsHalted()
T5FB0 166:888.432 - 0.422ms returns FALSE
T5FB0 166:888.496 JLINK_IsHalted()
T5FB0 166:888.880 - 0.381ms returns FALSE
TE8C4 166:962.816 JLINK_IsHalted()
TE8C4 166:963.296 - 0.473ms returns FALSE
TE8C4 166:963.392 JLINK_IsHalted()
TE8C4 166:963.712 - 0.322ms returns FALSE
TE8C4 167:072.320 JLINK_IsHalted()
TE8C4 167:072.704 - 0.385ms returns FALSE
TE8C4 167:072.768 JLINK_IsHalted()
TE8C4 167:073.056 - 0.288ms returns FALSE
TE8C4 167:181.584 JLINK_IsHalted()
TE8C4 167:181.984 - 0.398ms returns FALSE
TE8C4 167:182.016 JLINK_IsHalted()
TE8C4 167:182.240 - 0.231ms returns FALSE
TE8C4 167:291.232 JLINK_IsHalted()
TE8C4 167:291.776 - 0.546ms returns FALSE
TE8C4 167:291.872 JLINK_IsHalted()
TE8C4 167:292.336 - 0.452ms returns FALSE
TE8C4 167:400.528 JLINK_IsHalted()
TE8C4 167:401.056 - 0.529ms returns FALSE
TE8C4 167:401.248 JLINK_IsHalted()
TE8C4 167:401.760 - 0.504ms returns FALSE
TE8C4 167:510.448 JLINK_IsHalted()
TE8C4 167:510.912 - 0.457ms returns FALSE
TE8C4 167:511.024 JLINK_IsHalted()
TE8C4 167:511.392 - 0.366ms returns FALSE
TE8C4 167:618.608 JLINK_IsHalted()
TE8C4 167:619.200 - 0.590ms returns FALSE
TE8C4 167:619.312 JLINK_IsHalted()
TE8C4 167:619.696 - 0.388ms returns FALSE
TE8C4 167:728.880 JLINK_IsHalted()
TE8C4 167:729.360 - 0.468ms returns FALSE
TE8C4 167:729.424 JLINK_IsHalted()
TE8C4 167:729.696 - 0.281ms returns FALSE
TE8C4 167:838.064 JLINK_IsHalted()
TE8C4 167:838.624 - 0.556ms returns FALSE
TE8C4 167:838.800 JLINK_IsHalted()
TE8C4 167:839.296 - 0.508ms returns FALSE
T5FB0 167:890.224 JLINK_IsHalted()
T5FB0 167:890.752 - 0.520ms returns FALSE
T5FB0 167:890.912 JLINK_IsHalted()
T5FB0 167:891.312 - 0.409ms returns FALSE
TE8C4 167:947.296 JLINK_IsHalted()
TE8C4 167:947.744 - 0.452ms returns FALSE
TE8C4 167:947.872 JLINK_IsHalted()
TE8C4 167:948.192 - 0.322ms returns FALSE
TE8C4 168:056.480 JLINK_IsHalted()
TE8C4 168:056.880 - 0.406ms returns FALSE
TE8C4 168:057.008 JLINK_IsHalted()
TE8C4 168:057.376 - 0.355ms returns FALSE
TE8C4 168:165.456 JLINK_IsHalted()
TE8C4 168:165.904 - 0.442ms returns FALSE
TE8C4 168:165.984 JLINK_IsHalted()
TE8C4 168:166.336 - 0.345ms returns FALSE
TE8C4 168:275.104 JLINK_IsHalted()
TE8C4 168:275.552 - 0.433ms returns FALSE
TE8C4 168:275.632 JLINK_IsHalted()
TE8C4 168:276.096 - 0.449ms returns FALSE
TE8C4 168:384.352 JLINK_IsHalted()
TE8C4 168:384.864 - 0.499ms returns FALSE
TE8C4 168:384.992 JLINK_IsHalted()
TE8C4 168:385.472 - 0.474ms returns FALSE
TE8C4 168:493.600 JLINK_IsHalted()
TE8C4 168:494.208 - 0.607ms returns FALSE
TE8C4 168:494.400 JLINK_IsHalted()
TE8C4 168:494.848 - 0.448ms returns FALSE
TE8C4 168:603.424 JLINK_IsHalted()
TE8C4 168:604.000 - 0.575ms returns FALSE
TE8C4 168:604.128 JLINK_IsHalted()
TE8C4 168:604.528 - 0.391ms returns FALSE
TE8C4 168:712.496 JLINK_IsHalted()
TE8C4 168:712.880 - 0.386ms returns FALSE
TE8C4 168:712.992 JLINK_IsHalted()
TE8C4 168:713.312 - 0.335ms returns FALSE
TE8C4 168:822.560 JLINK_IsHalted()
TE8C4 168:823.040 - 0.489ms returns FALSE
TE8C4 168:823.136 JLINK_IsHalted()
TE8C4 168:823.456 - 0.321ms returns FALSE
T5FB0 168:892.432 JLINK_IsHalted()
T5FB0 168:892.832 - 0.388ms returns FALSE
T5FB0 168:892.880 JLINK_IsHalted()
T5FB0 168:893.168 - 0.295ms returns FALSE
TE8C4 168:931.936 JLINK_IsHalted()
TE8C4 168:932.448 - 0.494ms returns FALSE
TE8C4 168:932.592 JLINK_IsHalted()
TE8C4 168:933.008 - 0.411ms returns FALSE
TE8C4 169:040.928 JLINK_IsHalted()
TE8C4 169:041.344 - 0.422ms returns FALSE
TE8C4 169:041.408 JLINK_IsHalted()
TE8C4 169:041.856 - 0.443ms returns FALSE
TE8C4 169:150.528 JLINK_IsHalted()
TE8C4 169:150.928 - 0.397ms returns FALSE
TE8C4 169:150.976 JLINK_IsHalted()
TE8C4 169:151.280 - 0.304ms returns FALSE
TE8C4 169:259.968 JLINK_IsHalted()
TE8C4 169:260.448 - 0.469ms returns FALSE
TE8C4 169:260.512 JLINK_IsHalted()
TE8C4 169:260.768 - 0.264ms returns FALSE
TE8C4 169:368.800 JLINK_IsHalted()
TE8C4 169:369.216 - 0.410ms returns FALSE
TE8C4 169:369.280 JLINK_IsHalted()
TE8C4 169:369.632 - 0.351ms returns FALSE
TE8C4 169:478.800 JLINK_IsHalted()
TE8C4 169:479.264 - 0.476ms returns FALSE
TE8C4 169:479.392 JLINK_IsHalted()
TE8C4 169:479.712 - 0.319ms returns FALSE
TE8C4 169:587.488 JLINK_IsHalted()
TE8C4 169:587.984 - 0.478ms returns FALSE
TE8C4 169:588.080 JLINK_IsHalted()
TE8C4 169:588.432 - 0.343ms returns FALSE
TE8C4 169:696.976 JLINK_IsHalted()
TE8C4 169:697.424 - 0.444ms returns FALSE
TE8C4 169:697.520 JLINK_IsHalted()
TE8C4 169:697.920 - 0.398ms returns FALSE
TE8C4 169:806.768 JLINK_IsHalted()
TE8C4 169:809.712 - 2.939ms returns FALSE
TE8C4 169:809.824 JLINK_IsHalted()
TE8C4 169:810.208 - 0.399ms returns FALSE
T5FB0 169:895.024 JLINK_IsHalted()
T5FB0 169:895.488 - 0.454ms returns FALSE
T5FB0 169:895.568 JLINK_IsHalted()
T5FB0 169:895.904 - 0.337ms returns FALSE
TE8C4 169:915.408 JLINK_IsHalted()
TE8C4 169:915.776 - 0.369ms returns FALSE
TE8C4 169:915.808 JLINK_IsHalted()
TE8C4 169:916.048 - 0.230ms returns FALSE
TE8C4 170:025.520 JLINK_IsHalted()
TE8C4 170:026.704 - 1.185ms returns FALSE
TE8C4 170:026.768 JLINK_IsHalted()
TE8C4 170:027.168 - 0.400ms returns FALSE
TE8C4 170:134.352 JLINK_IsHalted()
TE8C4 170:134.896 - 0.541ms returns FALSE
TE8C4 170:135.024 JLINK_IsHalted()
TE8C4 170:135.392 - 0.365ms returns FALSE
TE8C4 170:244.064 JLINK_IsHalted()
TE8C4 170:244.512 - 0.448ms returns FALSE
TE8C4 170:244.640 JLINK_IsHalted()
TE8C4 170:245.008 - 0.357ms returns FALSE
TE8C4 170:353.200 JLINK_IsHalted()
TE8C4 170:353.712 - 0.500ms returns FALSE
TE8C4 170:353.856 JLINK_IsHalted()
TE8C4 170:354.256 - 0.395ms returns FALSE
TE8C4 170:463.056 JLINK_IsHalted()
TE8C4 170:463.520 - 0.461ms returns FALSE
TE8C4 170:463.648 JLINK_IsHalted()
TE8C4 170:463.968 - 0.317ms returns FALSE
TE8C4 170:572.560 JLINK_IsHalted()
TE8C4 170:573.072 - 0.511ms returns FALSE
TE8C4 170:573.168 JLINK_IsHalted()
TE8C4 170:573.504 - 0.326ms returns FALSE
TE8C4 170:681.520 JLINK_IsHalted()
TE8C4 170:681.952 - 0.415ms returns FALSE
TE8C4 170:682.016 JLINK_IsHalted()
TE8C4 170:682.416 - 0.397ms returns FALSE
TE8C4 170:790.624 JLINK_IsHalted()
TE8C4 170:790.960 - 0.336ms returns FALSE
TE8C4 170:791.008 JLINK_IsHalted()
TE8C4 170:791.248 - 0.240ms returns FALSE
T5FB0 170:896.288 JLINK_IsHalted()
T5FB0 170:897.520 - 1.233ms returns FALSE
T5FB0 170:897.584 JLINK_IsHalted()
T5FB0 170:897.824 - 0.247ms returns FALSE
TE8C4 170:900.496 JLINK_IsHalted()
TE8C4 170:900.880 - 0.387ms returns FALSE
TE8C4 170:900.944 JLINK_IsHalted()
TE8C4 170:901.328 - 0.383ms returns FALSE
TE8C4 171:010.064 JLINK_IsHalted()
TE8C4 171:010.464 - 0.410ms returns FALSE
TE8C4 171:010.576 JLINK_IsHalted()
TE8C4 171:010.896 - 0.328ms returns FALSE
TE8C4 171:118.992 JLINK_IsHalted()
TE8C4 171:119.456 - 0.462ms returns FALSE
TE8C4 171:119.536 JLINK_IsHalted()
TE8C4 171:119.872 - 0.332ms returns FALSE
TE8C4 171:228.080 JLINK_IsHalted()
TE8C4 171:228.688 - 0.603ms returns FALSE
TE8C4 171:228.848 JLINK_IsHalted()
TE8C4 171:229.296 - 0.446ms returns FALSE
TE8C4 171:337.456 JLINK_IsHalted()
TE8C4 171:337.904 - 0.442ms returns FALSE
TE8C4 171:337.968 JLINK_IsHalted()
TE8C4 171:338.336 - 0.372ms returns FALSE
TE8C4 171:447.232 JLINK_IsHalted()
TE8C4 171:447.600 - 0.377ms returns FALSE
TE8C4 171:447.664 JLINK_IsHalted()
TE8C4 171:447.952 - 0.276ms returns FALSE
TE8C4 171:557.008 JLINK_IsHalted()
TE8C4 171:557.344 - 0.346ms returns FALSE
TE8C4 171:557.440 JLINK_IsHalted()
TE8C4 171:557.776 - 0.333ms returns FALSE
TE8C4 171:666.080 JLINK_IsHalted()
TE8C4 171:666.448 - 0.358ms returns FALSE
TE8C4 171:666.528 JLINK_IsHalted()
TE8C4 171:666.800 - 0.279ms returns FALSE
TE8C4 171:774.864 JLINK_IsHalted()
TE8C4 171:775.360 - 0.501ms returns FALSE
TE8C4 171:775.456 JLINK_IsHalted()
TE8C4 171:775.792 - 0.339ms returns FALSE
TE8C4 171:884.352 JLINK_IsHalted()
TE8C4 171:884.736 - 0.384ms returns FALSE
TE8C4 171:884.832 JLINK_IsHalted()
TE8C4 171:885.152 - 0.328ms returns FALSE
T5FB0 171:898.816 JLINK_IsHalted()
T5FB0 171:899.216 - 0.401ms returns FALSE
T5FB0 171:899.280 JLINK_IsHalted()
T5FB0 171:899.488 - 0.219ms returns FALSE
TE8C4 171:994.208 JLINK_IsHalted()
TE8C4 171:994.688 - 0.490ms returns FALSE
TE8C4 171:994.832 JLINK_IsHalted()
TE8C4 171:995.296 - 0.462ms returns FALSE
TE8C4 172:103.328 JLINK_IsHalted()
TE8C4 172:103.680 - 0.349ms returns FALSE
TE8C4 172:103.744 JLINK_IsHalted()
TE8C4 172:104.032 - 0.285ms returns FALSE
TE8C4 172:212.496 JLINK_IsHalted()
TE8C4 172:212.896 - 0.406ms returns FALSE
TE8C4 172:212.960 JLINK_IsHalted()
TE8C4 172:213.232 - 0.272ms returns FALSE
TE8C4 172:322.064 JLINK_IsHalted()
TE8C4 172:322.592 - 0.543ms returns FALSE
TE8C4 172:322.736 JLINK_IsHalted()
TE8C4 172:323.152 - 0.409ms returns FALSE
TE8C4 172:431.168 JLINK_IsHalted()
TE8C4 172:431.568 - 0.384ms returns FALSE
TE8C4 172:431.696 JLINK_IsHalted()
TE8C4 172:432.064 - 0.371ms returns FALSE
TE8C4 172:541.280 JLINK_IsHalted()
TE8C4 172:541.664 - 0.391ms returns FALSE
TE8C4 172:541.728 JLINK_IsHalted()
TE8C4 172:542.032 - 0.306ms returns FALSE
TE8C4 172:650.832 JLINK_IsHalted()
TE8C4 172:651.392 - 0.567ms returns FALSE
TE8C4 172:651.520 JLINK_IsHalted()
TE8C4 172:651.936 - 0.416ms returns FALSE
TE8C4 172:760.048 JLINK_IsHalted()
TE8C4 172:760.576 - 0.524ms returns FALSE
TE8C4 172:760.736 JLINK_IsHalted()
TE8C4 172:761.248 - 0.508ms returns FALSE
TE8C4 172:869.024 JLINK_IsHalted()
TE8C4 172:869.600 - 0.584ms returns FALSE
TE8C4 172:869.760 JLINK_IsHalted()
TE8C4 172:870.112 - 0.365ms returns FALSE
T5FB0 172:899.872 JLINK_IsHalted()
T5FB0 172:900.320 - 0.454ms returns FALSE
T5FB0 172:900.384 JLINK_IsHalted()
T5FB0 172:900.704 - 0.315ms returns FALSE
TE8C4 172:978.656 JLINK_IsHalted()
TE8C4 172:979.008 - 0.342ms returns FALSE
TE8C4 172:979.104 JLINK_IsHalted()
TE8C4 172:979.440 - 0.337ms returns FALSE
TE8C4 173:088.144 JLINK_IsHalted()
TE8C4 173:088.576 - 0.431ms returns FALSE
TE8C4 173:088.704 JLINK_IsHalted()
TE8C4 173:089.072 - 0.371ms returns FALSE
TE8C4 173:196.832 JLINK_IsHalted()
TE8C4 173:197.168 - 0.342ms returns FALSE
TE8C4 173:197.232 JLINK_IsHalted()
TE8C4 173:197.536 - 0.290ms returns FALSE
TE8C4 173:306.384 JLINK_IsHalted()
TE8C4 173:306.848 - 0.468ms returns FALSE
TE8C4 173:306.960 JLINK_IsHalted()
TE8C4 173:307.296 - 0.333ms returns FALSE
TE8C4 173:416.368 JLINK_IsHalted()
TE8C4 173:416.784 - 0.406ms returns FALSE
TE8C4 173:416.848 JLINK_IsHalted()
TE8C4 173:417.120 - 0.278ms returns FALSE
TE8C4 173:524.832 JLINK_IsHalted()
TE8C4 173:525.216 - 0.382ms returns FALSE
TE8C4 173:525.296 JLINK_IsHalted()
TE8C4 173:525.648 - 0.340ms returns FALSE
TE8C4 173:635.056 JLINK_IsHalted()
TE8C4 173:635.472 - 0.408ms returns FALSE
TE8C4 173:635.568 JLINK_IsHalted()
TE8C4 173:635.936 - 0.360ms returns FALSE
TE8C4 173:744.288 JLINK_IsHalted()
TE8C4 173:744.704 - 0.413ms returns FALSE
TE8C4 173:744.832 JLINK_IsHalted()
TE8C4 173:745.200 - 0.363ms returns FALSE
TE8C4 173:853.280 JLINK_IsHalted()
TE8C4 173:853.792 - 0.504ms returns FALSE
TE8C4 173:853.856 JLINK_IsHalted()
TE8C4 173:854.192 - 0.341ms returns FALSE
T5FB0 173:902.016 JLINK_IsHalted()
T5FB0 173:902.496 - 0.485ms returns FALSE
T5FB0 173:902.624 JLINK_IsHalted()
T5FB0 173:902.928 - 0.300ms returns FALSE
TE8C4 173:963.424 JLINK_IsHalted()
TE8C4 173:964.032 - 0.615ms returns FALSE
TE8C4 173:964.144 JLINK_IsHalted()
TE8C4 173:964.560 - 0.420ms returns FALSE
TE8C4 174:072.448 JLINK_IsHalted()
TE8C4 174:072.848 - 0.398ms returns FALSE
TE8C4 174:072.912 JLINK_IsHalted()
TE8C4 174:073.184 - 0.275ms returns FALSE
TE8C4 174:181.584 JLINK_IsHalted()
TE8C4 174:181.952 - 0.381ms returns FALSE
TE8C4 174:182.048 JLINK_IsHalted()
TE8C4 174:182.384 - 0.336ms returns FALSE
TE8C4 174:291.088 JLINK_IsHalted()
TE8C4 174:291.488 - 0.399ms returns FALSE
TE8C4 174:291.648 JLINK_IsHalted()
TE8C4 174:292.160 - 0.507ms returns FALSE
TE8C4 174:400.608 JLINK_IsHalted()
TE8C4 174:401.120 - 0.508ms returns FALSE
TE8C4 174:401.216 JLINK_IsHalted()
TE8C4 174:401.680 - 0.460ms returns FALSE
TE8C4 174:509.856 JLINK_IsHalted()
TE8C4 174:510.352 - 0.506ms returns FALSE
TE8C4 174:510.528 JLINK_IsHalted()
TE8C4 174:510.944 - 0.407ms returns FALSE
TE8C4 174:619.104 JLINK_IsHalted()
TE8C4 174:619.840 - 0.742ms returns FALSE
TE8C4 174:619.888 JLINK_IsHalted()
TE8C4 174:620.176 - 0.277ms returns FALSE
TE8C4 174:728.304 JLINK_IsHalted()
TE8C4 174:728.688 - 0.379ms returns FALSE
TE8C4 174:728.848 JLINK_IsHalted()
TE8C4 174:729.184 - 0.340ms returns FALSE
TE8C4 174:837.344 JLINK_IsHalted()
TE8C4 174:837.712 - 0.359ms returns FALSE
TE8C4 174:837.744 JLINK_IsHalted()
TE8C4 174:837.984 - 0.224ms returns FALSE
T5FB0 174:905.088 JLINK_IsHalted()
T5FB0 174:905.504 - 0.399ms returns FALSE
T5FB0 174:905.552 JLINK_IsHalted()
T5FB0 174:905.776 - 0.229ms returns FALSE
TE8C4 174:947.280 JLINK_IsHalted()
TE8C4 174:947.808 - 0.530ms returns FALSE
TE8C4 174:947.968 JLINK_IsHalted()
TE8C4 174:948.352 - 0.376ms returns FALSE
TE8C4 175:056.096 JLINK_IsHalted()
TE8C4 175:056.592 - 0.499ms returns FALSE
TE8C4 175:056.672 JLINK_IsHalted()
TE8C4 175:056.960 - 0.284ms returns FALSE
TE8C4 175:165.488 JLINK_IsHalted()
TE8C4 175:165.888 - 0.398ms returns FALSE
TE8C4 175:166.000 JLINK_IsHalted()
TE8C4 175:166.352 - 0.351ms returns FALSE
TE8C4 175:275.040 JLINK_IsHalted()
TE8C4 175:276.208 - 1.163ms returns FALSE
TE8C4 175:276.416 JLINK_IsHalted()
TE8C4 175:276.704 - 0.294ms returns FALSE
TE8C4 175:384.768 JLINK_IsHalted()
TE8C4 175:385.168 - 0.403ms returns FALSE
TE8C4 175:385.232 JLINK_IsHalted()
TE8C4 175:385.584 - 0.359ms returns FALSE
TE8C4 175:493.968 JLINK_IsHalted()
TE8C4 175:494.448 - 0.478ms returns FALSE
TE8C4 175:494.608 JLINK_IsHalted()
TE8C4 175:495.008 - 0.393ms returns FALSE
TE8C4 175:603.408 JLINK_IsHalted()
TE8C4 175:604.640 - 1.226ms returns FALSE
TE8C4 175:604.736 JLINK_IsHalted()
TE8C4 175:605.024 - 0.290ms returns FALSE
TE8C4 175:712.912 JLINK_IsHalted()
TE8C4 175:713.328 - 0.418ms returns FALSE
TE8C4 175:713.472 JLINK_IsHalted()
TE8C4 175:713.824 - 0.359ms returns FALSE
TE8C4 175:822.176 JLINK_IsHalted()
TE8C4 175:822.624 - 0.452ms returns FALSE
TE8C4 175:822.688 JLINK_IsHalted()
TE8C4 175:822.928 - 0.245ms returns FALSE
T5FB0 175:907.440 JLINK_IsHalted()
T5FB0 175:907.872 - 0.442ms returns FALSE
T5FB0 175:907.968 JLINK_IsHalted()
T5FB0 175:908.288 - 0.325ms returns FALSE
TE8C4 175:931.264 JLINK_IsHalted()
TE8C4 175:931.856 - 0.580ms returns FALSE
TE8C4 175:931.984 JLINK_IsHalted()
TE8C4 175:932.416 - 0.436ms returns FALSE
TE8C4 176:040.800 JLINK_IsHalted()
TE8C4 176:041.280 - 0.475ms returns FALSE
TE8C4 176:041.392 JLINK_IsHalted()
TE8C4 176:041.824 - 0.416ms returns FALSE
TE8C4 176:150.704 JLINK_IsHalted()
TE8C4 176:151.152 - 0.447ms returns FALSE
TE8C4 176:151.264 JLINK_IsHalted()
TE8C4 176:151.584 - 0.309ms returns FALSE
TE8C4 176:260.000 JLINK_IsHalted()
TE8C4 176:260.448 - 0.455ms returns FALSE
TE8C4 176:260.576 JLINK_IsHalted()
TE8C4 176:260.896 - 0.317ms returns FALSE
TE8C4 176:369.024 JLINK_IsHalted()
TE8C4 176:369.456 - 0.430ms returns FALSE
TE8C4 176:369.568 JLINK_IsHalted()
TE8C4 176:369.872 - 0.304ms returns FALSE
TE8C4 176:478.192 JLINK_IsHalted()
TE8C4 176:478.736 - 0.547ms returns FALSE
TE8C4 176:478.880 JLINK_IsHalted()
TE8C4 176:479.264 - 0.374ms returns FALSE
TE8C4 176:587.424 JLINK_IsHalted()
TE8C4 176:587.872 - 0.460ms returns FALSE
TE8C4 176:588.032 JLINK_IsHalted()
TE8C4 176:588.384 - 0.351ms returns FALSE
TE8C4 176:696.960 JLINK_IsHalted()
TE8C4 176:697.360 - 0.389ms returns FALSE
TE8C4 176:697.504 JLINK_IsHalted()
TE8C4 176:697.904 - 0.413ms returns FALSE
TE8C4 176:806.736 JLINK_IsHalted()
TE8C4 176:807.072 - 0.337ms returns FALSE
TE8C4 176:807.120 JLINK_IsHalted()
TE8C4 176:807.344 - 0.226ms returns FALSE
T5FB0 176:910.112 JLINK_IsHalted()
T5FB0 176:910.576 - 0.473ms returns FALSE
T5FB0 176:910.672 JLINK_IsHalted()
T5FB0 176:911.008 - 0.338ms returns FALSE
TE8C4 176:916.112 JLINK_IsHalted()
TE8C4 176:916.528 - 0.418ms returns FALSE
TE8C4 176:916.640 JLINK_IsHalted()
TE8C4 176:916.944 - 0.294ms returns FALSE
TE8C4 177:024.848 JLINK_IsHalted()
TE8C4 177:025.248 - 0.401ms returns FALSE
TE8C4 177:025.312 JLINK_IsHalted()
TE8C4 177:025.600 - 0.297ms returns FALSE
TE8C4 177:134.736 JLINK_IsHalted()
TE8C4 177:135.200 - 0.472ms returns FALSE
TE8C4 177:135.264 JLINK_IsHalted()
TE8C4 177:135.664 - 0.398ms returns FALSE
TE8C4 177:244.576 JLINK_IsHalted()
TE8C4 177:245.152 - 0.563ms returns FALSE
TE8C4 177:245.280 JLINK_IsHalted()
TE8C4 177:245.536 - 0.239ms returns FALSE
TE8C4 177:353.472 JLINK_IsHalted()
TE8C4 177:353.920 - 0.441ms returns FALSE
TE8C4 177:354.080 JLINK_IsHalted()
TE8C4 177:354.464 - 0.397ms returns FALSE
TE8C4 177:463.216 JLINK_IsHalted()
TE8C4 177:463.856 - 0.633ms returns FALSE
TE8C4 177:463.968 JLINK_IsHalted()
TE8C4 177:464.320 - 0.366ms returns FALSE
TE8C4 177:572.016 JLINK_IsHalted()
TE8C4 177:572.496 - 0.465ms returns FALSE
TE8C4 177:572.640 JLINK_IsHalted()
TE8C4 177:573.008 - 0.361ms returns FALSE
TE8C4 177:681.984 JLINK_IsHalted()
TE8C4 177:682.400 - 0.418ms returns FALSE
TE8C4 177:682.480 JLINK_IsHalted()
TE8C4 177:682.816 - 0.339ms returns FALSE
TE8C4 177:790.944 JLINK_IsHalted()
TE8C4 177:791.392 - 0.456ms returns FALSE
TE8C4 177:791.552 JLINK_IsHalted()
TE8C4 177:791.904 - 0.353ms returns FALSE
TE8C4 177:900.752 JLINK_IsHalted()
TE8C4 177:901.200 - 0.454ms returns FALSE
TE8C4 177:901.280 JLINK_IsHalted()
TE8C4 177:901.536 - 0.274ms returns FALSE
T5FB0 177:912.672 JLINK_IsHalted()
T5FB0 177:913.056 - 0.392ms returns FALSE
T5FB0 177:913.120 JLINK_IsHalted()
T5FB0 177:913.408 - 0.281ms returns FALSE
TE8C4 178:009.968 JLINK_IsHalted()
TE8C4 178:010.528 - 0.562ms returns FALSE
TE8C4 178:010.688 JLINK_IsHalted()
TE8C4 178:011.136 - 0.448ms returns FALSE
TE8C4 178:119.040 JLINK_IsHalted()
TE8C4 178:119.392 - 0.352ms returns FALSE
TE8C4 178:119.504 JLINK_IsHalted()
TE8C4 178:119.824 - 0.314ms returns FALSE
TE8C4 178:228.816 JLINK_IsHalted()
TE8C4 178:229.264 - 0.441ms returns FALSE
TE8C4 178:229.328 JLINK_IsHalted()
TE8C4 178:229.600 - 0.276ms returns FALSE
TE8C4 178:337.760 JLINK_IsHalted()
TE8C4 178:338.272 - 0.533ms returns FALSE
TE8C4 178:338.448 JLINK_IsHalted()
TE8C4 178:338.800 - 0.358ms returns FALSE
TE8C4 178:447.328 JLINK_IsHalted()
TE8C4 178:447.744 - 0.406ms returns FALSE
TE8C4 178:447.824 JLINK_IsHalted()
TE8C4 178:448.064 - 0.246ms returns FALSE
TE8C4 178:556.096 JLINK_IsHalted()
TE8C4 178:556.624 - 0.523ms returns FALSE
TE8C4 178:556.704 JLINK_IsHalted()
TE8C4 178:557.008 - 0.299ms returns FALSE
TE8C4 178:666.032 JLINK_IsHalted()
TE8C4 178:666.464 - 0.425ms returns FALSE
TE8C4 178:666.528 JLINK_IsHalted()
TE8C4 178:666.816 - 0.279ms returns FALSE
TE8C4 178:775.264 JLINK_IsHalted()
TE8C4 178:776.048 - 0.791ms returns FALSE
TE8C4 178:776.384 JLINK_IsHalted()
TE8C4 178:777.120 - 0.737ms returns FALSE
TE8C4 178:885.184 JLINK_IsHalted()
TE8C4 178:885.648 - 0.470ms returns FALSE
TE8C4 178:885.728 JLINK_IsHalted()
TE8C4 178:886.064 - 0.344ms returns FALSE
T5FB0 178:914.848 JLINK_IsHalted()
T5FB0 178:915.360 - 0.497ms returns FALSE
T5FB0 178:915.488 JLINK_IsHalted()
T5FB0 178:915.808 - 0.324ms returns FALSE
TE8C4 178:993.536 JLINK_IsHalted()
TE8C4 178:993.936 - 0.404ms returns FALSE
TE8C4 178:994.016 JLINK_IsHalted()
TE8C4 178:994.320 - 0.284ms returns FALSE
TE8C4 179:103.776 JLINK_IsHalted()
TE8C4 179:104.304 - 0.529ms returns FALSE
TE8C4 179:104.416 JLINK_IsHalted()
TE8C4 179:104.736 - 0.318ms returns FALSE
TE8C4 179:212.512 JLINK_IsHalted()
TE8C4 179:212.848 - 0.341ms returns FALSE
TE8C4 179:212.896 JLINK_IsHalted()
TE8C4 179:213.120 - 0.225ms returns FALSE
TE8C4 179:323.072 JLINK_IsHalted()
TE8C4 179:323.552 - 0.477ms returns FALSE
TE8C4 179:323.648 JLINK_IsHalted()
TE8C4 179:324.080 - 0.433ms returns FALSE
TE8C4 179:432.064 JLINK_IsHalted()
TE8C4 179:432.560 - 0.500ms returns FALSE
TE8C4 179:432.688 JLINK_IsHalted()
TE8C4 179:433.184 - 0.478ms returns FALSE
TE8C4 179:540.832 JLINK_IsHalted()
TE8C4 179:541.344 - 0.512ms returns FALSE
TE8C4 179:541.456 JLINK_IsHalted()
TE8C4 179:541.792 - 0.349ms returns FALSE
TE8C4 179:650.048 JLINK_IsHalted()
TE8C4 179:650.448 - 0.407ms returns FALSE
TE8C4 179:650.608 JLINK_IsHalted()
TE8C4 179:651.040 - 0.431ms returns FALSE
TE8C4 179:760.352 JLINK_IsHalted()
TE8C4 179:760.832 - 0.474ms returns FALSE
TE8C4 179:760.976 JLINK_IsHalted()
TE8C4 179:761.328 - 0.357ms returns FALSE
TE8C4 179:868.624 JLINK_IsHalted()
TE8C4 179:868.992 - 0.377ms returns FALSE
TE8C4 179:869.056 JLINK_IsHalted()
TE8C4 179:869.344 - 0.290ms returns FALSE
T5FB0 179:917.696 JLINK_IsHalted()
T5FB0 179:918.080 - 0.387ms returns FALSE
T5FB0 179:918.128 JLINK_IsHalted()
T5FB0 179:918.352 - 0.222ms returns FALSE
TE8C4 179:978.224 JLINK_IsHalted()
TE8C4 179:978.720 - 0.485ms returns FALSE
TE8C4 179:978.880 JLINK_IsHalted()
TE8C4 179:979.264 - 0.381ms returns FALSE
TE8C4 180:087.664 JLINK_IsHalted()
TE8C4 180:088.096 - 0.426ms returns FALSE
TE8C4 180:088.192 JLINK_IsHalted()
TE8C4 180:088.528 - 0.337ms returns FALSE
TE8C4 180:196.784 JLINK_IsHalted()
TE8C4 180:197.216 - 0.433ms returns FALSE
TE8C4 180:197.328 JLINK_IsHalted()
TE8C4 180:197.616 - 0.301ms returns FALSE
TE8C4 180:306.192 JLINK_IsHalted()
TE8C4 180:306.576 - 0.374ms returns FALSE
TE8C4 180:306.656 JLINK_IsHalted()
TE8C4 180:306.976 - 0.330ms returns FALSE
TE8C4 180:416.384 JLINK_IsHalted()
TE8C4 180:416.880 - 0.496ms returns FALSE
TE8C4 180:417.040 JLINK_IsHalted()
TE8C4 180:417.312 - 0.278ms returns FALSE
TE8C4 180:525.456 JLINK_IsHalted()
TE8C4 180:525.872 - 0.423ms returns FALSE
TE8C4 180:525.920 JLINK_IsHalted()
TE8C4 180:526.192 - 0.263ms returns FALSE
TE8C4 180:634.464 JLINK_IsHalted()
TE8C4 180:634.896 - 0.441ms returns FALSE
TE8C4 180:635.040 JLINK_IsHalted()
TE8C4 180:635.488 - 0.441ms returns FALSE
TE8C4 180:743.984 JLINK_IsHalted()
TE8C4 180:744.528 - 0.544ms returns FALSE
TE8C4 180:744.624 JLINK_IsHalted()
TE8C4 180:744.992 - 0.372ms returns FALSE
TE8C4 180:853.696 JLINK_IsHalted()
TE8C4 180:854.048 - 0.354ms returns FALSE
TE8C4 180:854.160 JLINK_IsHalted()
TE8C4 180:854.480 - 0.323ms returns FALSE
T5FB0 180:919.984 JLINK_IsHalted()
T5FB0 180:920.416 - 0.417ms returns FALSE
T5FB0 180:920.480 JLINK_IsHalted()
T5FB0 180:920.832 - 0.336ms returns FALSE
TE8C4 180:962.544 JLINK_IsHalted()
TE8C4 180:963.040 - 0.486ms returns FALSE
TE8C4 180:963.136 JLINK_IsHalted()
TE8C4 180:963.408 - 0.267ms returns FALSE
TE8C4 181:071.760 JLINK_IsHalted()
TE8C4 181:072.128 - 0.365ms returns FALSE
TE8C4 181:072.176 JLINK_IsHalted()
TE8C4 181:072.464 - 0.275ms returns FALSE
TE8C4 181:181.472 JLINK_IsHalted()
TE8C4 181:181.936 - 0.480ms returns FALSE
TE8C4 181:182.112 JLINK_IsHalted()
TE8C4 181:182.480 - 0.373ms returns FALSE
TE8C4 181:290.896 JLINK_IsHalted()
TE8C4 181:291.232 - 0.336ms returns FALSE
TE8C4 181:291.296 JLINK_IsHalted()
TE8C4 181:291.584 - 0.293ms returns FALSE
TE8C4 181:400.768 JLINK_IsHalted()
TE8C4 181:401.216 - 0.449ms returns FALSE
TE8C4 181:401.312 JLINK_IsHalted()
TE8C4 181:401.632 - 0.322ms returns FALSE
TE8C4 181:509.984 JLINK_IsHalted()
TE8C4 181:510.480 - 0.488ms returns FALSE
TE8C4 181:510.576 JLINK_IsHalted()
TE8C4 181:510.912 - 0.333ms returns FALSE
TE8C4 181:619.296 JLINK_IsHalted()
TE8C4 181:619.808 - 0.514ms returns FALSE
TE8C4 181:619.984 JLINK_IsHalted()
TE8C4 181:620.336 - 0.361ms returns FALSE
TE8C4 181:728.624 JLINK_IsHalted()
TE8C4 181:729.008 - 0.374ms returns FALSE
TE8C4 181:729.136 JLINK_IsHalted()
TE8C4 181:729.536 - 0.393ms returns FALSE
TE8C4 181:837.968 JLINK_IsHalted()
TE8C4 181:838.320 - 0.353ms returns FALSE
TE8C4 181:838.432 JLINK_IsHalted()
TE8C4 181:838.752 - 0.340ms returns FALSE
T5FB0 181:923.040 JLINK_IsHalted()
T5FB0 181:923.472 - 0.426ms returns FALSE
T5FB0 181:923.536 JLINK_IsHalted()
T5FB0 181:924.448 - 0.907ms returns FALSE
TE8C4 181:946.960 JLINK_IsHalted()
TE8C4 181:947.472 - 0.515ms returns FALSE
TE8C4 181:947.536 JLINK_IsHalted()
TE8C4 181:947.808 - 0.282ms returns FALSE
TE8C4 182:056.384 JLINK_IsHalted()
TE8C4 182:056.816 - 0.432ms returns FALSE
TE8C4 182:056.864 JLINK_IsHalted()
TE8C4 182:057.232 - 0.362ms returns FALSE
TE8C4 182:165.920 JLINK_IsHalted()
TE8C4 182:166.512 - 0.589ms returns FALSE
TE8C4 182:166.656 JLINK_IsHalted()
TE8C4 182:167.088 - 0.432ms returns FALSE
TE8C4 182:275.344 JLINK_IsHalted()
TE8C4 182:275.696 - 0.361ms returns FALSE
TE8C4 182:275.808 JLINK_IsHalted()
TE8C4 182:276.144 - 0.351ms returns FALSE
TE8C4 182:384.832 JLINK_IsHalted()
TE8C4 182:385.200 - 0.372ms returns FALSE
TE8C4 182:385.312 JLINK_IsHalted()
TE8C4 182:385.632 - 0.321ms returns FALSE
TE8C4 182:493.728 JLINK_IsHalted()
TE8C4 182:494.208 - 0.487ms returns FALSE
TE8C4 182:494.352 JLINK_IsHalted()
TE8C4 182:494.688 - 0.341ms returns FALSE
TE8C4 182:603.088 JLINK_IsHalted()
TE8C4 182:603.456 - 0.366ms returns FALSE
TE8C4 182:603.584 JLINK_IsHalted()
TE8C4 182:603.968 - 0.373ms returns FALSE
TE8C4 182:712.496 JLINK_IsHalted()
TE8C4 182:712.992 - 0.482ms returns FALSE
TE8C4 182:713.056 JLINK_IsHalted()
TE8C4 182:713.440 - 0.376ms returns FALSE
TE8C4 182:822.288 JLINK_IsHalted()
TE8C4 182:822.704 - 0.413ms returns FALSE
TE8C4 182:822.784 JLINK_IsHalted()
TE8C4 182:823.136 - 0.351ms returns FALSE
T5FB0 182:925.728 JLINK_IsHalted()
T5FB0 182:926.112 - 0.370ms returns FALSE
T5FB0 182:926.176 JLINK_IsHalted()
T5FB0 182:926.464 - 0.286ms returns FALSE
TE8C4 182:931.376 JLINK_IsHalted()
TE8C4 182:931.744 - 0.357ms returns FALSE
TE8C4 182:931.824 JLINK_IsHalted()
TE8C4 182:932.096 - 0.269ms returns FALSE
TE8C4 183:040.624 JLINK_IsHalted()
TE8C4 183:041.088 - 0.458ms returns FALSE
TE8C4 183:041.184 JLINK_IsHalted()
TE8C4 183:041.520 - 0.340ms returns FALSE
TE8C4 183:149.888 JLINK_IsHalted()
TE8C4 183:150.320 - 0.428ms returns FALSE
TE8C4 183:150.384 JLINK_IsHalted()
TE8C4 183:150.672 - 0.282ms returns FALSE
TE8C4 183:261.056 JLINK_IsHalted()
TE8C4 183:261.504 - 0.447ms returns FALSE
TE8C4 183:261.568 JLINK_IsHalted()
TE8C4 183:261.856 - 0.290ms returns FALSE
TE8C4 183:370.112 JLINK_IsHalted()
TE8C4 183:370.560 - 0.439ms returns FALSE
TE8C4 183:370.688 JLINK_IsHalted()
TE8C4 183:371.072 - 0.384ms returns FALSE
TE8C4 183:478.176 JLINK_IsHalted()
TE8C4 183:478.608 - 0.417ms returns FALSE
TE8C4 183:478.688 JLINK_IsHalted()
TE8C4 183:478.944 - 0.270ms returns FALSE
TE8C4 183:587.456 JLINK_IsHalted()
TE8C4 183:587.920 - 0.459ms returns FALSE
TE8C4 183:588.048 JLINK_IsHalted()
TE8C4 183:588.384 - 0.340ms returns FALSE
TE8C4 183:696.736 JLINK_IsHalted()
TE8C4 183:697.152 - 0.422ms returns FALSE
TE8C4 183:697.264 JLINK_IsHalted()
TE8C4 183:697.568 - 0.297ms returns FALSE
TE8C4 183:806.160 JLINK_IsHalted()
TE8C4 183:806.576 - 0.422ms returns FALSE
TE8C4 183:806.640 JLINK_IsHalted()
TE8C4 183:806.944 - 0.291ms returns FALSE
TE8C4 183:916.000 JLINK_IsHalted()
TE8C4 183:916.384 - 0.376ms returns FALSE
TE8C4 183:916.448 JLINK_IsHalted()
TE8C4 183:916.720 - 0.266ms returns FALSE
T5FB0 183:927.200 JLINK_IsHalted()
T5FB0 183:927.568 - 0.376ms returns FALSE
T5FB0 183:927.648 JLINK_IsHalted()
T5FB0 183:927.904 - 0.259ms returns FALSE
TE8C4 184:025.568 JLINK_IsHalted()
TE8C4 184:026.128 - 0.557ms returns FALSE
TE8C4 184:026.496 JLINK_IsHalted()
TE8C4 184:027.472 - 0.977ms returns FALSE
TE8C4 184:134.528 JLINK_IsHalted()
TE8C4 184:134.880 - 0.362ms returns FALSE
TE8C4 184:134.944 JLINK_IsHalted()
TE8C4 184:135.280 - 0.321ms returns FALSE
TE8C4 184:243.984 JLINK_IsHalted()
TE8C4 184:244.480 - 0.496ms returns FALSE
TE8C4 184:244.608 JLINK_IsHalted()
TE8C4 184:245.072 - 0.460ms returns FALSE
TE8C4 184:353.120 JLINK_IsHalted()
TE8C4 184:353.504 - 0.385ms returns FALSE
TE8C4 184:353.600 JLINK_IsHalted()
TE8C4 184:353.920 - 0.317ms returns FALSE
TE8C4 184:462.752 JLINK_IsHalted()
TE8C4 184:463.184 - 0.432ms returns FALSE
TE8C4 184:463.280 JLINK_IsHalted()
TE8C4 184:463.664 - 0.383ms returns FALSE
TE8C4 184:572.384 JLINK_IsHalted()
TE8C4 184:572.912 - 0.532ms returns FALSE
TE8C4 184:573.024 JLINK_IsHalted()
TE8C4 184:573.312 - 0.293ms returns FALSE
TE8C4 184:681.584 JLINK_IsHalted()
TE8C4 184:682.160 - 0.578ms returns FALSE
TE8C4 184:682.320 JLINK_IsHalted()
TE8C4 184:682.736 - 0.421ms returns FALSE
TE8C4 184:790.912 JLINK_IsHalted()
TE8C4 184:791.424 - 0.506ms returns FALSE
TE8C4 184:791.504 JLINK_IsHalted()
TE8C4 184:791.952 - 0.446ms returns FALSE
TE8C4 184:900.688 JLINK_IsHalted()
TE8C4 184:901.056 - 0.380ms returns FALSE
TE8C4 184:901.152 JLINK_IsHalted()
TE8C4 184:901.440 - 0.287ms returns FALSE
T5FB0 184:929.200 JLINK_IsHalted()
T5FB0 184:929.680 - 0.474ms returns FALSE
T5FB0 184:929.776 JLINK_IsHalted()
T5FB0 184:930.176 - 0.398ms returns FALSE
TE8C4 185:009.248 JLINK_IsHalted()
TE8C4 185:009.584 - 0.331ms returns FALSE
TE8C4 185:009.632 JLINK_IsHalted()
TE8C4 185:009.952 - 0.305ms returns FALSE
TE8C4 185:119.456 JLINK_IsHalted()
TE8C4 185:119.824 - 0.373ms returns FALSE
TE8C4 185:119.888 JLINK_IsHalted()
TE8C4 185:120.160 - 0.271ms returns FALSE
TE8C4 185:228.800 JLINK_IsHalted()
TE8C4 185:229.264 - 0.459ms returns FALSE
TE8C4 185:229.408 JLINK_IsHalted()
TE8C4 185:229.728 - 0.320ms returns FALSE
TE8C4 185:338.080 JLINK_IsHalted()
TE8C4 185:338.464 - 0.384ms returns FALSE
TE8C4 185:338.512 JLINK_IsHalted()
TE8C4 185:338.752 - 0.237ms returns FALSE
TE8C4 185:446.832 JLINK_IsHalted()
TE8C4 185:447.328 - 0.487ms returns FALSE
TE8C4 185:447.472 JLINK_IsHalted()
TE8C4 185:447.888 - 0.404ms returns FALSE
TE8C4 185:556.336 JLINK_IsHalted()
TE8C4 185:556.768 - 0.434ms returns FALSE
TE8C4 185:556.896 JLINK_IsHalted()
TE8C4 185:557.200 - 0.306ms returns FALSE
TE8C4 185:665.856 JLINK_IsHalted()
TE8C4 185:666.272 - 0.414ms returns FALSE
TE8C4 185:666.352 JLINK_IsHalted()
TE8C4 185:666.720 - 0.354ms returns FALSE
TE8C4 185:775.744 JLINK_IsHalted()
TE8C4 185:776.144 - 0.399ms returns FALSE
TE8C4 185:776.224 JLINK_IsHalted()
TE8C4 185:776.496 - 0.293ms returns FALSE
TE8C4 185:885.008 JLINK_IsHalted()
TE8C4 185:885.488 - 0.489ms returns FALSE
TE8C4 185:885.600 JLINK_IsHalted()
TE8C4 185:885.984 - 0.379ms returns FALSE
T5FB0 185:931.872 JLINK_IsHalted()
T5FB0 185:932.320 - 0.428ms returns FALSE
T5FB0 185:932.368 JLINK_IsHalted()
T5FB0 185:932.672 - 0.311ms returns FALSE
TE8C4 185:994.464 JLINK_IsHalted()
TE8C4 185:994.832 - 0.358ms returns FALSE
TE8C4 185:994.944 JLINK_IsHalted()
TE8C4 185:995.232 - 0.283ms returns FALSE
TE8C4 186:103.344 JLINK_IsHalted()
TE8C4 186:103.824 - 0.468ms returns FALSE
TE8C4 186:103.904 JLINK_IsHalted()
TE8C4 186:104.224 - 0.309ms returns FALSE
TE8C4 186:212.448 JLINK_IsHalted()
TE8C4 186:212.896 - 0.453ms returns FALSE
TE8C4 186:212.992 JLINK_IsHalted()
TE8C4 186:213.424 - 0.431ms returns FALSE
TE8C4 186:322.176 JLINK_IsHalted()
TE8C4 186:322.736 - 0.553ms returns FALSE
TE8C4 186:322.880 JLINK_IsHalted()
TE8C4 186:323.200 - 0.320ms returns FALSE
TE8C4 186:431.472 JLINK_IsHalted()
TE8C4 186:431.904 - 0.425ms returns FALSE
TE8C4 186:431.984 JLINK_IsHalted()
TE8C4 186:432.336 - 0.337ms returns FALSE
TE8C4 186:540.928 JLINK_IsHalted()
TE8C4 186:541.440 - 0.510ms returns FALSE
TE8C4 186:541.584 JLINK_IsHalted()
TE8C4 186:541.904 - 0.314ms returns FALSE
TE8C4 186:650.640 JLINK_IsHalted()
TE8C4 186:651.088 - 0.441ms returns FALSE
TE8C4 186:651.232 JLINK_IsHalted()
TE8C4 186:651.616 - 0.381ms returns FALSE
TE8C4 186:759.296 JLINK_IsHalted()
TE8C4 186:759.712 - 0.403ms returns FALSE
TE8C4 186:759.824 JLINK_IsHalted()
TE8C4 186:760.224 - 0.395ms returns FALSE
TE8C4 186:869.344 JLINK_IsHalted()
TE8C4 186:869.792 - 0.462ms returns FALSE
TE8C4 186:869.888 JLINK_IsHalted()
TE8C4 186:870.208 - 0.316ms returns FALSE
T5FB0 186:933.728 JLINK_IsHalted()
T5FB0 186:934.560 - 0.834ms returns FALSE
T5FB0 186:934.688 JLINK_IsHalted()
T5FB0 186:935.008 - 0.316ms returns FALSE
TE8C4 186:978.848 JLINK_IsHalted()
TE8C4 186:979.296 - 0.446ms returns FALSE
TE8C4 186:979.360 JLINK_IsHalted()
TE8C4 186:979.744 - 0.360ms returns FALSE
TE8C4 187:087.296 JLINK_IsHalted()
TE8C4 187:087.712 - 0.428ms returns FALSE
TE8C4 187:087.808 JLINK_IsHalted()
TE8C4 187:088.112 - 0.306ms returns FALSE
TE8C4 187:197.152 JLINK_IsHalted()
TE8C4 187:197.600 - 0.432ms returns FALSE
TE8C4 187:197.680 JLINK_IsHalted()
TE8C4 187:198.016 - 0.329ms returns FALSE
TE8C4 187:306.720 JLINK_IsHalted()
TE8C4 187:307.072 - 0.358ms returns FALSE
TE8C4 187:307.136 JLINK_IsHalted()
TE8C4 187:307.440 - 0.302ms returns FALSE
TE8C4 187:415.792 JLINK_IsHalted()
TE8C4 187:416.208 - 0.409ms returns FALSE
TE8C4 187:416.304 JLINK_IsHalted()
TE8C4 187:416.624 - 0.312ms returns FALSE
TE8C4 187:525.152 JLINK_IsHalted()
TE8C4 187:525.632 - 0.489ms returns FALSE
TE8C4 187:525.776 JLINK_IsHalted()
TE8C4 187:526.112 - 0.331ms returns FALSE
TE8C4 187:634.928 JLINK_IsHalted()
TE8C4 187:635.456 - 0.524ms returns FALSE
TE8C4 187:635.584 JLINK_IsHalted()
TE8C4 187:635.920 - 0.323ms returns FALSE
TE8C4 187:743.792 JLINK_IsHalted()
TE8C4 187:744.256 - 0.456ms returns FALSE
TE8C4 187:744.352 JLINK_IsHalted()
TE8C4 187:744.672 - 0.325ms returns FALSE
TE8C4 187:853.152 JLINK_IsHalted()
TE8C4 187:853.552 - 0.400ms returns FALSE
TE8C4 187:853.664 JLINK_IsHalted()
TE8C4 187:854.480 - 0.822ms returns FALSE
T5FB0 187:936.816 JLINK_IsHalted()
T5FB0 187:937.312 - 0.485ms returns FALSE
T5FB0 187:937.376 JLINK_IsHalted()
T5FB0 187:937.696 - 0.312ms returns FALSE
TE8C4 187:963.104 JLINK_IsHalted()
TE8C4 187:963.504 - 0.407ms returns FALSE
TE8C4 187:963.552 JLINK_IsHalted()
TE8C4 187:963.872 - 0.312ms returns FALSE
TE8C4 188:072.448 JLINK_IsHalted()
TE8C4 188:072.864 - 0.417ms returns FALSE
TE8C4 188:072.928 JLINK_IsHalted()
TE8C4 188:073.248 - 0.303ms returns FALSE
TE8C4 188:181.904 JLINK_IsHalted()
TE8C4 188:182.480 - 0.576ms returns FALSE
TE8C4 188:182.624 JLINK_IsHalted()
TE8C4 188:183.008 - 0.371ms returns FALSE
TE8C4 188:290.656 JLINK_IsHalted()
TE8C4 188:291.008 - 0.351ms returns FALSE
TE8C4 188:291.040 JLINK_IsHalted()
TE8C4 188:291.280 - 0.220ms returns FALSE
TE8C4 188:399.888 JLINK_IsHalted()
TE8C4 188:400.288 - 0.402ms returns FALSE
TE8C4 188:400.352 JLINK_IsHalted()
TE8C4 188:400.624 - 0.284ms returns FALSE
TE8C4 188:509.808 JLINK_IsHalted()
TE8C4 188:512.784 - 2.969ms returns FALSE
TE8C4 188:512.896 JLINK_IsHalted()
TE8C4 188:513.232 - 0.338ms returns FALSE
TE8C4 188:619.216 JLINK_IsHalted()
TE8C4 188:619.616 - 0.400ms returns FALSE
TE8C4 188:619.696 JLINK_IsHalted()
TE8C4 188:619.968 - 0.261ms returns FALSE
TE8C4 188:728.448 JLINK_IsHalted()
TE8C4 188:728.832 - 0.388ms returns FALSE
TE8C4 188:728.928 JLINK_IsHalted()
TE8C4 188:729.248 - 0.326ms returns FALSE
TE8C4 188:837.472 JLINK_IsHalted()
TE8C4 188:838.064 - 0.579ms returns FALSE
TE8C4 188:838.224 JLINK_IsHalted()
TE8C4 188:838.608 - 0.383ms returns FALSE
T5FB0 188:939.264 JLINK_IsHalted()
T5FB0 188:939.632 - 0.367ms returns FALSE
T5FB0 188:939.744 JLINK_IsHalted()
T5FB0 188:940.064 - 0.317ms returns FALSE
TE8C4 188:946.784 JLINK_IsHalted()
TE8C4 188:947.168 - 0.378ms returns FALSE
TE8C4 188:947.216 JLINK_IsHalted()
TE8C4 188:947.440 - 0.230ms returns FALSE
TE8C4 189:056.416 JLINK_IsHalted()
TE8C4 189:056.768 - 0.354ms returns FALSE
TE8C4 189:056.832 JLINK_IsHalted()
TE8C4 189:057.296 - 0.456ms returns FALSE
TE8C4 189:166.256 JLINK_IsHalted()
TE8C4 189:166.624 - 0.372ms returns FALSE
TE8C4 189:166.688 JLINK_IsHalted()
TE8C4 189:166.992 - 0.303ms returns FALSE
TE8C4 189:275.168 JLINK_IsHalted()
TE8C4 189:275.616 - 0.445ms returns FALSE
TE8C4 189:275.696 JLINK_IsHalted()
TE8C4 189:276.080 - 0.380ms returns FALSE
TE8C4 189:384.992 JLINK_IsHalted()
TE8C4 189:385.616 - 0.625ms returns FALSE
TE8C4 189:385.696 JLINK_IsHalted()
TE8C4 189:386.016 - 0.315ms returns FALSE
TE8C4 189:493.584 JLINK_IsHalted()
TE8C4 189:493.984 - 0.405ms returns FALSE
TE8C4 189:494.048 JLINK_IsHalted()
TE8C4 189:494.400 - 0.356ms returns FALSE
TE8C4 189:603.792 JLINK_IsHalted()
TE8C4 189:604.192 - 0.386ms returns FALSE
TE8C4 189:604.224 JLINK_IsHalted()
TE8C4 189:604.448 - 0.229ms returns FALSE
TE8C4 189:712.352 JLINK_IsHalted()
TE8C4 189:712.736 - 0.381ms returns FALSE
TE8C4 189:712.832 JLINK_IsHalted()
TE8C4 189:713.168 - 0.324ms returns FALSE
TE8C4 189:821.728 JLINK_IsHalted()
TE8C4 189:822.144 - 0.399ms returns FALSE
TE8C4 189:822.192 JLINK_IsHalted()
TE8C4 189:822.496 - 0.290ms returns FALSE
TE8C4 189:931.392 JLINK_IsHalted()
TE8C4 189:931.968 - 0.576ms returns FALSE
TE8C4 189:932.064 JLINK_IsHalted()
TE8C4 189:932.512 - 0.431ms returns FALSE
T5FB0 189:942.240 JLINK_IsHalted()
T5FB0 189:942.592 - 0.361ms returns FALSE
T5FB0 189:942.656 JLINK_IsHalted()
T5FB0 189:942.944 - 0.297ms returns FALSE
TE8C4 190:040.848 JLINK_IsHalted()
TE8C4 190:041.296 - 0.453ms returns FALSE
TE8C4 190:041.376 JLINK_IsHalted()
TE8C4 190:041.728 - 0.340ms returns FALSE
TE8C4 190:150.160 JLINK_IsHalted()
TE8C4 190:150.736 - 0.573ms returns FALSE
TE8C4 190:150.912 JLINK_IsHalted()
TE8C4 190:151.408 - 0.505ms returns FALSE
TE8C4 190:259.744 JLINK_IsHalted()
TE8C4 190:260.240 - 0.489ms returns FALSE
TE8C4 190:260.304 JLINK_IsHalted()
TE8C4 190:260.576 - 0.282ms returns FALSE
TE8C4 190:369.360 JLINK_IsHalted()
TE8C4 190:370.064 - 0.689ms returns FALSE
TE8C4 190:370.208 JLINK_IsHalted()
TE8C4 190:370.640 - 0.409ms returns FALSE
TE8C4 190:478.880 JLINK_IsHalted()
TE8C4 190:479.392 - 0.532ms returns FALSE
TE8C4 190:479.568 JLINK_IsHalted()
TE8C4 190:479.920 - 0.348ms returns FALSE
TE8C4 190:587.744 JLINK_IsHalted()
TE8C4 190:588.320 - 0.568ms returns FALSE
TE8C4 190:588.464 JLINK_IsHalted()
TE8C4 190:589.216 - 0.752ms returns FALSE
TE8C4 190:697.424 JLINK_IsHalted()
TE8C4 190:697.808 - 0.391ms returns FALSE
TE8C4 190:697.856 JLINK_IsHalted()
TE8C4 190:698.160 - 0.315ms returns FALSE
TE8C4 190:806.880 JLINK_IsHalted()
TE8C4 190:807.392 - 0.519ms returns FALSE
TE8C4 190:807.520 JLINK_IsHalted()
TE8C4 190:807.840 - 0.322ms returns FALSE
TE8C4 190:915.696 JLINK_IsHalted()
TE8C4 190:916.224 - 0.530ms returns FALSE
TE8C4 190:916.400 JLINK_IsHalted()
TE8C4 190:916.784 - 0.379ms returns FALSE
T5FB0 190:945.712 JLINK_IsHalted()
T5FB0 190:946.240 - 0.526ms returns FALSE
T5FB0 190:946.304 JLINK_IsHalted()
T5FB0 190:946.576 - 0.269ms returns FALSE
TE8C4 191:024.816 JLINK_IsHalted()
TE8C4 191:025.296 - 0.477ms returns FALSE
TE8C4 191:025.392 JLINK_IsHalted()
TE8C4 191:025.712 - 0.318ms returns FALSE
TE8C4 191:134.528 JLINK_IsHalted()
TE8C4 191:135.008 - 0.481ms returns FALSE
TE8C4 191:135.072 JLINK_IsHalted()
TE8C4 191:135.440 - 0.367ms returns FALSE
TE8C4 191:244.704 JLINK_IsHalted()
TE8C4 191:245.104 - 0.406ms returns FALSE
TE8C4 191:245.168 JLINK_IsHalted()
TE8C4 191:245.440 - 0.270ms returns FALSE
TE8C4 191:353.392 JLINK_IsHalted()
TE8C4 191:353.840 - 0.446ms returns FALSE
TE8C4 191:353.984 JLINK_IsHalted()
TE8C4 191:354.352 - 0.369ms returns FALSE
TE8C4 191:462.432 JLINK_IsHalted()
TE8C4 191:462.912 - 0.474ms returns FALSE
TE8C4 191:463.008 JLINK_IsHalted()
TE8C4 191:463.392 - 0.382ms returns FALSE
TE8C4 191:571.808 JLINK_IsHalted()
TE8C4 191:572.288 - 0.478ms returns FALSE
TE8C4 191:572.416 JLINK_IsHalted()
TE8C4 191:572.832 - 0.423ms returns FALSE
TE8C4 191:683.232 JLINK_IsHalted()
TE8C4 191:683.760 - 0.537ms returns FALSE
TE8C4 191:683.872 JLINK_IsHalted()
TE8C4 191:684.176 - 0.311ms returns FALSE
TE8C4 191:790.464 JLINK_IsHalted()
TE8C4 191:790.864 - 0.392ms returns FALSE
TE8C4 191:790.944 JLINK_IsHalted()
TE8C4 191:791.280 - 0.328ms returns FALSE
TE8C4 191:900.368 JLINK_IsHalted()
TE8C4 191:900.864 - 0.492ms returns FALSE
TE8C4 191:901.008 JLINK_IsHalted()
TE8C4 191:901.360 - 0.366ms returns FALSE
T5FB0 191:948.576 JLINK_IsHalted()
T5FB0 191:949.024 - 0.442ms returns FALSE
T5FB0 191:949.088 JLINK_IsHalted()
T5FB0 191:949.408 - 0.311ms returns FALSE
TE8C4 192:009.760 JLINK_IsHalted()
TE8C4 192:010.224 - 0.455ms returns FALSE
TE8C4 192:010.336 JLINK_IsHalted()
TE8C4 192:010.640 - 0.297ms returns FALSE
TE8C4 192:119.216 JLINK_IsHalted()
TE8C4 192:119.792 - 0.580ms returns FALSE
TE8C4 192:119.968 JLINK_IsHalted()
TE8C4 192:120.400 - 0.436ms returns FALSE
TE8C4 192:228.096 JLINK_IsHalted()
TE8C4 192:228.576 - 0.465ms returns FALSE
TE8C4 192:228.640 JLINK_IsHalted()
TE8C4 192:228.944 - 0.301ms returns FALSE
TE8C4 192:338.288 JLINK_IsHalted()
TE8C4 192:338.768 - 0.476ms returns FALSE
TE8C4 192:338.848 JLINK_IsHalted()
TE8C4 192:339.184 - 0.320ms returns FALSE
TE8C4 192:447.024 JLINK_IsHalted()
TE8C4 192:447.504 - 0.475ms returns FALSE
TE8C4 192:447.568 JLINK_IsHalted()
TE8C4 192:447.920 - 0.353ms returns FALSE
TE8C4 192:557.008 JLINK_IsHalted()
TE8C4 192:557.536 - 0.536ms returns FALSE
TE8C4 192:557.648 JLINK_IsHalted()
TE8C4 192:558.048 - 0.404ms returns FALSE
TE8C4 192:666.464 JLINK_IsHalted()
TE8C4 192:666.864 - 0.398ms returns FALSE
TE8C4 192:666.928 JLINK_IsHalted()
TE8C4 192:667.200 - 0.257ms returns FALSE
TE8C4 192:775.776 JLINK_IsHalted()
TE8C4 192:776.176 - 0.409ms returns FALSE
TE8C4 192:776.272 JLINK_IsHalted()
TE8C4 192:776.640 - 0.366ms returns FALSE
TE8C4 192:884.832 JLINK_IsHalted()
TE8C4 192:885.280 - 0.457ms returns FALSE
TE8C4 192:885.440 JLINK_IsHalted()
TE8C4 192:885.792 - 0.361ms returns FALSE
T5FB0 192:950.848 JLINK_IsHalted()
T5FB0 192:951.424 - 0.573ms returns FALSE
T5FB0 192:951.472 JLINK_IsHalted()
T5FB0 192:951.776 - 0.298ms returns FALSE
TE8C4 192:994.080 JLINK_IsHalted()
TE8C4 192:994.528 - 0.436ms returns FALSE
TE8C4 192:994.624 JLINK_IsHalted()
TE8C4 192:994.960 - 0.326ms returns FALSE
TE8C4 193:103.616 JLINK_IsHalted()
TE8C4 193:104.032 - 0.426ms returns FALSE
TE8C4 193:104.112 JLINK_IsHalted()
TE8C4 193:104.400 - 0.280ms returns FALSE
TE8C4 193:212.912 JLINK_IsHalted()
TE8C4 193:213.424 - 0.516ms returns FALSE
TE8C4 193:213.568 JLINK_IsHalted()
TE8C4 193:213.920 - 0.360ms returns FALSE
TE8C4 193:322.512 JLINK_IsHalted()
TE8C4 193:323.056 - 0.546ms returns FALSE
TE8C4 193:323.152 JLINK_IsHalted()
TE8C4 193:325.344 - 2.196ms returns FALSE
TE8C4 193:431.072 JLINK_IsHalted()
TE8C4 193:431.600 - 0.528ms returns FALSE
TE8C4 193:431.776 JLINK_IsHalted()
TE8C4 193:432.128 - 0.352ms returns FALSE
TE8C4 193:540.816 JLINK_IsHalted()
TE8C4 193:541.344 - 0.523ms returns FALSE
TE8C4 193:541.424 JLINK_IsHalted()
TE8C4 193:541.808 - 0.382ms returns FALSE
TE8C4 193:649.904 JLINK_IsHalted()
TE8C4 193:650.352 - 0.440ms returns FALSE
TE8C4 193:650.464 JLINK_IsHalted()
TE8C4 193:650.784 - 0.317ms returns FALSE
TE8C4 193:759.648 JLINK_IsHalted()
TE8C4 193:760.048 - 0.395ms returns FALSE
TE8C4 193:760.160 JLINK_IsHalted()
TE8C4 193:760.464 - 0.311ms returns FALSE
TE8C4 193:869.248 JLINK_IsHalted()
TE8C4 193:869.728 - 0.474ms returns FALSE
TE8C4 193:869.872 JLINK_IsHalted()
TE8C4 193:870.208 - 0.338ms returns FALSE
T5FB0 193:953.920 JLINK_IsHalted()
T5FB0 193:954.496 - 0.577ms returns FALSE
T5FB0 193:954.624 JLINK_IsHalted()
T5FB0 193:954.976 - 0.353ms returns FALSE
TE8C4 193:978.912 JLINK_IsHalted()
TE8C4 193:979.312 - 0.405ms returns FALSE
TE8C4 193:979.376 JLINK_IsHalted()
TE8C4 193:979.920 - 0.547ms returns FALSE
TE8C4 194:087.792 JLINK_IsHalted()
TE8C4 194:088.240 - 0.450ms returns FALSE
TE8C4 194:088.352 JLINK_IsHalted()
TE8C4 194:088.672 - 0.331ms returns FALSE
TE8C4 194:197.312 JLINK_IsHalted()
TE8C4 194:197.808 - 0.503ms returns FALSE
TE8C4 194:197.904 JLINK_IsHalted()
TE8C4 194:198.208 - 0.314ms returns FALSE
TE8C4 194:306.192 JLINK_IsHalted()
TE8C4 194:306.688 - 0.494ms returns FALSE
TE8C4 194:306.912 JLINK_IsHalted()
TE8C4 194:307.296 - 0.365ms returns FALSE
TE8C4 194:415.824 JLINK_IsHalted()
TE8C4 194:416.224 - 0.420ms returns FALSE
TE8C4 194:416.288 JLINK_IsHalted()
TE8C4 194:416.656 - 0.361ms returns FALSE
TE8C4 194:525.424 JLINK_IsHalted()
TE8C4 194:525.920 - 0.498ms returns FALSE
TE8C4 194:526.080 JLINK_IsHalted()
TE8C4 194:526.848 - 0.771ms returns FALSE
TE8C4 194:634.336 JLINK_IsHalted()
TE8C4 194:634.848 - 0.510ms returns FALSE
TE8C4 194:635.008 JLINK_IsHalted()
TE8C4 194:635.360 - 0.352ms returns FALSE
TE8C4 194:744.512 JLINK_IsHalted()
TE8C4 194:744.896 - 0.382ms returns FALSE
TE8C4 194:744.992 JLINK_IsHalted()
TE8C4 194:745.312 - 0.332ms returns FALSE
TE8C4 194:852.944 JLINK_IsHalted()
TE8C4 194:853.312 - 0.372ms returns FALSE
TE8C4 194:853.376 JLINK_IsHalted()
TE8C4 194:853.664 - 0.298ms returns FALSE
T5FB0 194:956.752 JLINK_IsHalted()
T5FB0 194:957.152 - 0.387ms returns FALSE
T5FB0 194:957.184 JLINK_IsHalted()
T5FB0 194:957.408 - 0.227ms returns FALSE
TE8C4 194:963.552 JLINK_IsHalted()
TE8C4 194:964.112 - 0.558ms returns FALSE
TE8C4 194:964.240 JLINK_IsHalted()
TE8C4 194:964.608 - 0.370ms returns FALSE
TE8C4 195:072.080 JLINK_IsHalted()
TE8C4 195:072.560 - 0.476ms returns FALSE
TE8C4 195:072.656 JLINK_IsHalted()
TE8C4 195:072.992 - 0.323ms returns FALSE
TE8C4 195:181.344 JLINK_IsHalted()
TE8C4 195:181.920 - 0.563ms returns FALSE
TE8C4 195:182.112 JLINK_IsHalted()
TE8C4 195:182.528 - 0.406ms returns FALSE
TE8C4 195:291.296 JLINK_IsHalted()
TE8C4 195:291.664 - 0.371ms returns FALSE
TE8C4 195:291.728 JLINK_IsHalted()
TE8C4 195:292.048 - 0.316ms returns FALSE
TE8C4 195:400.048 JLINK_IsHalted()
TE8C4 195:400.544 - 0.488ms returns FALSE
TE8C4 195:400.608 JLINK_IsHalted()
TE8C4 195:400.944 - 0.329ms returns FALSE
TE8C4 195:509.856 JLINK_IsHalted()
TE8C4 195:510.368 - 0.509ms returns FALSE
TE8C4 195:510.496 JLINK_IsHalted()
TE8C4 195:510.944 - 0.438ms returns FALSE
TE8C4 195:619.056 JLINK_IsHalted()
TE8C4 195:619.488 - 0.443ms returns FALSE
TE8C4 195:619.584 JLINK_IsHalted()
TE8C4 195:619.936 - 0.350ms returns FALSE
TE8C4 195:728.368 JLINK_IsHalted()
TE8C4 195:728.896 - 0.519ms returns FALSE
TE8C4 195:729.024 JLINK_IsHalted()
TE8C4 195:729.456 - 0.438ms returns FALSE
TE8C4 195:838.032 JLINK_IsHalted()
TE8C4 195:838.448 - 0.420ms returns FALSE
TE8C4 195:838.496 JLINK_IsHalted()
TE8C4 195:838.720 - 0.222ms returns FALSE
TE8C4 195:946.768 JLINK_IsHalted()
TE8C4 195:947.264 - 0.488ms returns FALSE
TE8C4 195:947.328 JLINK_IsHalted()
TE8C4 195:947.616 - 0.276ms returns FALSE
T5FB0 195:958.480 JLINK_IsHalted()
T5FB0 195:958.880 - 0.410ms returns FALSE
T5FB0 195:958.944 JLINK_IsHalted()
T5FB0 195:959.168 - 0.221ms returns FALSE
TE8C4 196:056.928 JLINK_IsHalted()
TE8C4 196:057.360 - 0.428ms returns FALSE
TE8C4 196:057.424 JLINK_IsHalted()
TE8C4 196:057.696 - 0.282ms returns FALSE
TE8C4 196:165.920 JLINK_IsHalted()
TE8C4 196:166.512 - 0.585ms returns FALSE
TE8C4 196:166.688 JLINK_IsHalted()
TE8C4 196:167.104 - 0.424ms returns FALSE
TE8C4 196:274.800 JLINK_IsHalted()
TE8C4 196:275.216 - 0.413ms returns FALSE
TE8C4 196:275.264 JLINK_IsHalted()
TE8C4 196:275.568 - 0.305ms returns FALSE
TE8C4 196:384.320 JLINK_IsHalted()
TE8C4 196:384.832 - 0.517ms returns FALSE
TE8C4 196:384.992 JLINK_IsHalted()
TE8C4 196:385.328 - 0.342ms returns FALSE
TE8C4 196:494.896 JLINK_IsHalted()
TE8C4 196:495.296 - 0.395ms returns FALSE
TE8C4 196:495.376 JLINK_IsHalted()
TE8C4 196:495.648 - 0.271ms returns FALSE
TE8C4 196:603.152 JLINK_IsHalted()
TE8C4 196:603.744 - 0.605ms returns FALSE
TE8C4 196:604.176 JLINK_IsHalted()
TE8C4 196:604.560 - 0.385ms returns FALSE
TE8C4 196:713.248 JLINK_IsHalted()
TE8C4 196:713.728 - 0.489ms returns FALSE
TE8C4 196:713.888 JLINK_IsHalted()
TE8C4 196:714.256 - 0.363ms returns FALSE
TE8C4 196:822.176 JLINK_IsHalted()
TE8C4 196:840.720 - 18.548ms returns FALSE
TE8C4 196:840.816 JLINK_IsHalted()
TE8C4 196:841.168 - 0.353ms returns FALSE
TE8C4 196:947.360 JLINK_IsHalted()
TE8C4 196:947.760 - 0.395ms returns FALSE
TE8C4 196:947.840 JLINK_IsHalted()
TE8C4 196:948.128 - 0.289ms returns FALSE
T5FB0 196:960.688 JLINK_IsHalted()
T5FB0 196:961.104 - 0.413ms returns FALSE
T5FB0 196:961.136 JLINK_IsHalted()
T5FB0 196:961.376 - 0.236ms returns FALSE
TE8C4 197:056.112 JLINK_IsHalted()
TE8C4 197:056.624 - 0.506ms returns FALSE
TE8C4 197:056.688 JLINK_IsHalted()
TE8C4 197:056.960 - 0.275ms returns FALSE
TE8C4 197:165.920 JLINK_IsHalted()
TE8C4 197:166.400 - 0.490ms returns FALSE
TE8C4 197:166.464 JLINK_IsHalted()
TE8C4 197:166.800 - 0.321ms returns FALSE
TE8C4 197:275.440 JLINK_IsHalted()
TE8C4 197:275.984 - 0.544ms returns FALSE
TE8C4 197:276.080 JLINK_IsHalted()
TE8C4 197:276.368 - 0.282ms returns FALSE
TE8C4 197:385.248 JLINK_IsHalted()
TE8C4 197:385.696 - 0.447ms returns FALSE
TE8C4 197:385.776 JLINK_IsHalted()
TE8C4 197:386.080 - 0.297ms returns FALSE
TE8C4 197:493.840 JLINK_IsHalted()
TE8C4 197:494.304 - 0.479ms returns FALSE
TE8C4 197:494.416 JLINK_IsHalted()
TE8C4 197:494.992 - 0.583ms returns FALSE
TE8C4 197:603.904 JLINK_IsHalted()
TE8C4 197:604.368 - 0.462ms returns FALSE
TE8C4 197:604.512 JLINK_IsHalted()
TE8C4 197:604.880 - 0.370ms returns FALSE
TE8C4 197:712.544 JLINK_IsHalted()
TE8C4 197:712.992 - 0.444ms returns FALSE
TE8C4 197:713.088 JLINK_IsHalted()
TE8C4 197:713.440 - 0.333ms returns FALSE
TE8C4 197:822.640 JLINK_IsHalted()
TE8C4 197:823.264 - 0.624ms returns FALSE
TE8C4 197:823.440 JLINK_IsHalted()
TE8C4 197:824.000 - 0.558ms returns FALSE
TE8C4 197:932.016 JLINK_IsHalted()
TE8C4 197:932.544 - 0.533ms returns FALSE
TE8C4 197:932.704 JLINK_IsHalted()
TE8C4 197:933.152 - 0.437ms returns FALSE
T5FB0 197:962.496 JLINK_IsHalted()
T5FB0 197:963.120 - 0.617ms returns FALSE
T5FB0 197:963.216 JLINK_IsHalted()
T5FB0 197:963.552 - 0.336ms returns FALSE
TE8C4 198:041.312 JLINK_IsHalted()
TE8C4 198:041.824 - 0.513ms returns FALSE
TE8C4 198:041.984 JLINK_IsHalted()
TE8C4 198:042.368 - 0.387ms returns FALSE
TE8C4 198:149.840 JLINK_IsHalted()
TE8C4 198:150.304 - 0.456ms returns FALSE
TE8C4 198:150.464 JLINK_IsHalted()
TE8C4 198:150.832 - 0.379ms returns FALSE
TE8C4 198:259.968 JLINK_IsHalted()
TE8C4 198:260.464 - 0.490ms returns FALSE
TE8C4 198:260.640 JLINK_IsHalted()
TE8C4 198:260.976 - 0.350ms returns FALSE
TE8C4 198:369.200 JLINK_IsHalted()
TE8C4 198:369.728 - 0.523ms returns FALSE
TE8C4 198:369.888 JLINK_IsHalted()
TE8C4 198:370.304 - 0.401ms returns FALSE
TE8C4 198:478.336 JLINK_IsHalted()
TE8C4 198:478.752 - 0.423ms returns FALSE
TE8C4 198:478.816 JLINK_IsHalted()
TE8C4 198:479.120 - 0.310ms returns FALSE
TE8C4 198:587.984 JLINK_IsHalted()
TE8C4 198:588.464 - 0.483ms returns FALSE
TE8C4 198:588.624 JLINK_IsHalted()
TE8C4 198:588.912 - 0.297ms returns FALSE
TE8C4 198:697.552 JLINK_IsHalted()
TE8C4 198:698.032 - 0.485ms returns FALSE
TE8C4 198:698.192 JLINK_IsHalted()
TE8C4 198:698.528 - 0.347ms returns FALSE
TE8C4 198:806.880 JLINK_IsHalted()
TE8C4 198:807.184 - 0.313ms returns FALSE
TE8C4 198:807.232 JLINK_IsHalted()
TE8C4 198:807.536 - 0.314ms returns FALSE
TE8C4 198:916.432 JLINK_IsHalted()
TE8C4 198:916.832 - 0.403ms returns FALSE
TE8C4 198:916.912 JLINK_IsHalted()
TE8C4 198:917.200 - 0.280ms returns FALSE
T5FB0 198:965.152 JLINK_IsHalted()
T5FB0 198:965.600 - 0.431ms returns FALSE
T5FB0 198:965.680 JLINK_IsHalted()
T5FB0 198:965.984 - 0.289ms returns FALSE
TE8C4 199:025.248 JLINK_IsHalted()
TE8C4 199:025.664 - 0.399ms returns FALSE
TE8C4 199:025.728 JLINK_IsHalted()
TE8C4 199:026.032 - 0.297ms returns FALSE
TE8C4 199:134.912 JLINK_IsHalted()
TE8C4 199:135.440 - 0.527ms returns FALSE
TE8C4 199:135.728 JLINK_IsHalted()
TE8C4 199:136.048 - 0.316ms returns FALSE
TE8C4 199:244.272 JLINK_IsHalted()
TE8C4 199:244.896 - 0.622ms returns FALSE
TE8C4 199:245.072 JLINK_IsHalted()
TE8C4 199:245.552 - 0.484ms returns FALSE
TE8C4 199:353.616 JLINK_IsHalted()
TE8C4 199:354.176 - 0.566ms returns FALSE
TE8C4 199:354.272 JLINK_IsHalted()
TE8C4 199:354.608 - 0.336ms returns FALSE
TE8C4 199:462.848 JLINK_IsHalted()
TE8C4 199:463.376 - 0.531ms returns FALSE
TE8C4 199:463.440 JLINK_IsHalted()
TE8C4 199:463.824 - 0.380ms returns FALSE
TE8C4 199:572.304 JLINK_IsHalted()
TE8C4 199:572.704 - 0.406ms returns FALSE
TE8C4 199:572.816 JLINK_IsHalted()
TE8C4 199:573.152 - 0.329ms returns FALSE
TE8C4 199:681.696 JLINK_IsHalted()
TE8C4 199:682.128 - 0.424ms returns FALSE
TE8C4 199:682.224 JLINK_IsHalted()
TE8C4 199:682.560 - 0.335ms returns FALSE
TE8C4 199:790.560 JLINK_IsHalted()
TE8C4 199:791.232 - 0.656ms returns FALSE
TE8C4 199:791.392 JLINK_IsHalted()
TE8C4 199:791.776 - 0.394ms returns FALSE
TE8C4 199:900.800 JLINK_IsHalted()
TE8C4 199:901.472 - 0.663ms returns FALSE
TE8C4 199:901.584 JLINK_IsHalted()
TE8C4 199:901.984 - 0.401ms returns FALSE
T5FB0 199:968.160 JLINK_IsHalted()
T5FB0 199:968.576 - 0.423ms returns FALSE
T5FB0 199:968.688 JLINK_IsHalted()
T5FB0 199:968.992 - 0.309ms returns FALSE
TE8C4 200:009.280 JLINK_IsHalted()
TE8C4 200:009.840 - 0.564ms returns FALSE
TE8C4 200:010.000 JLINK_IsHalted()
TE8C4 200:010.464 - 0.480ms returns FALSE
TE8C4 200:119.264 JLINK_IsHalted()
TE8C4 200:119.760 - 0.488ms returns FALSE
TE8C4 200:119.872 JLINK_IsHalted()
TE8C4 200:120.336 - 0.456ms returns FALSE
TE8C4 200:228.064 JLINK_IsHalted()
TE8C4 200:228.512 - 0.451ms returns FALSE
TE8C4 200:228.656 JLINK_IsHalted()
TE8C4 200:228.976 - 0.324ms returns FALSE
TE8C4 200:337.744 JLINK_IsHalted()
TE8C4 200:338.192 - 0.446ms returns FALSE
TE8C4 200:338.304 JLINK_IsHalted()
TE8C4 200:338.608 - 0.306ms returns FALSE
TE8C4 200:447.632 JLINK_IsHalted()
TE8C4 200:448.128 - 0.499ms returns FALSE
TE8C4 200:448.224 JLINK_IsHalted()
TE8C4 200:448.544 - 0.329ms returns FALSE
TE8C4 200:556.640 JLINK_IsHalted()
TE8C4 200:556.992 - 0.343ms returns FALSE
TE8C4 200:557.152 JLINK_IsHalted()
TE8C4 200:557.424 - 0.274ms returns FALSE
TE8C4 200:665.760 JLINK_IsHalted()
TE8C4 200:666.176 - 0.415ms returns FALSE
TE8C4 200:666.240 JLINK_IsHalted()
TE8C4 200:666.528 - 0.291ms returns FALSE
TE8C4 200:775.392 JLINK_IsHalted()
TE8C4 200:775.776 - 0.375ms returns FALSE
TE8C4 200:775.824 JLINK_IsHalted()
TE8C4 200:776.144 - 0.316ms returns FALSE
TE8C4 200:885.056 JLINK_IsHalted()
TE8C4 200:885.728 - 0.661ms returns FALSE
TE8C4 200:885.888 JLINK_IsHalted()
TE8C4 200:886.368 - 0.491ms returns FALSE
T5FB0 200:970.592 JLINK_IsHalted()
T5FB0 200:971.136 - 0.540ms returns FALSE
T5FB0 200:971.232 JLINK_IsHalted()
T5FB0 200:971.664 - 0.437ms returns FALSE
TE8C4 200:994.400 JLINK_IsHalted()
TE8C4 200:994.864 - 0.461ms returns FALSE
TE8C4 200:994.976 JLINK_IsHalted()
TE8C4 200:995.296 - 0.317ms returns FALSE
TE8C4 201:103.232 JLINK_IsHalted()
TE8C4 201:103.776 - 0.550ms returns FALSE
TE8C4 201:103.920 JLINK_IsHalted()
TE8C4 201:104.304 - 0.382ms returns FALSE
TE8C4 201:212.720 JLINK_IsHalted()
TE8C4 201:213.456 - 0.727ms returns FALSE
TE8C4 201:213.552 JLINK_IsHalted()
TE8C4 201:214.128 - 0.582ms returns FALSE
TE8C4 201:321.984 JLINK_IsHalted()
TE8C4 201:322.512 - 0.514ms returns FALSE
TE8C4 201:322.656 JLINK_IsHalted()
TE8C4 201:323.040 - 0.405ms returns FALSE
TE8C4 201:431.168 JLINK_IsHalted()
TE8C4 201:431.776 - 0.605ms returns FALSE
TE8C4 201:431.920 JLINK_IsHalted()
TE8C4 201:432.384 - 0.466ms returns FALSE
TE8C4 201:541.168 JLINK_IsHalted()
TE8C4 201:541.648 - 0.478ms returns FALSE
TE8C4 201:541.744 JLINK_IsHalted()
TE8C4 201:542.064 - 0.319ms returns FALSE
TE8C4 201:650.016 JLINK_IsHalted()
TE8C4 201:651.120 - 1.107ms returns FALSE
TE8C4 201:651.232 JLINK_IsHalted()
TE8C4 201:651.552 - 0.308ms returns FALSE
TE8C4 201:760.208 JLINK_IsHalted()
TE8C4 201:760.544 - 0.348ms returns FALSE
TE8C4 201:760.672 JLINK_IsHalted()
TE8C4 201:760.928 - 0.256ms returns FALSE
TE8C4 201:869.168 JLINK_IsHalted()
TE8C4 201:869.680 - 0.518ms returns FALSE
TE8C4 201:869.856 JLINK_IsHalted()
TE8C4 201:870.304 - 0.433ms returns FALSE
T5FB0 201:973.024 JLINK_IsHalted()
T5FB0 201:973.440 - 0.422ms returns FALSE
T5FB0 201:973.536 JLINK_IsHalted()
T5FB0 201:973.920 - 0.387ms returns FALSE
TE8C4 201:978.448 JLINK_IsHalted()
TE8C4 201:978.880 - 0.436ms returns FALSE
TE8C4 201:978.976 JLINK_IsHalted()
TE8C4 201:979.296 - 0.327ms returns FALSE
TE8C4 202:087.968 JLINK_IsHalted()
TE8C4 202:088.416 - 0.427ms returns FALSE
TE8C4 202:088.496 JLINK_IsHalted()
TE8C4 202:088.864 - 0.347ms returns FALSE
TE8C4 202:197.424 JLINK_IsHalted()
TE8C4 202:197.920 - 0.481ms returns FALSE
TE8C4 202:198.048 JLINK_IsHalted()
TE8C4 202:198.464 - 0.404ms returns FALSE
TE8C4 202:307.024 JLINK_IsHalted()
TE8C4 202:307.472 - 0.447ms returns FALSE
TE8C4 202:307.584 JLINK_IsHalted()
TE8C4 202:308.000 - 0.429ms returns FALSE
TE8C4 202:415.424 JLINK_IsHalted()
TE8C4 202:416.032 - 0.600ms returns FALSE
TE8C4 202:416.176 JLINK_IsHalted()
TE8C4 202:416.640 - 0.468ms returns FALSE
TE8C4 202:524.832 JLINK_IsHalted()
TE8C4 202:525.328 - 0.499ms returns FALSE
TE8C4 202:525.472 JLINK_IsHalted()
TE8C4 202:525.920 - 0.463ms returns FALSE
TE8C4 202:634.848 JLINK_IsHalted()
TE8C4 202:637.216 - 2.349ms returns FALSE
TE8C4 202:637.296 JLINK_IsHalted()
TE8C4 202:637.680 - 0.378ms returns FALSE
TE8C4 202:744.352 JLINK_IsHalted()
TE8C4 202:744.736 - 0.387ms returns FALSE
TE8C4 202:744.784 JLINK_IsHalted()
TE8C4 202:745.008 - 0.227ms returns FALSE
TE8C4 202:853.664 JLINK_IsHalted()
TE8C4 202:854.096 - 0.435ms returns FALSE
TE8C4 202:854.192 JLINK_IsHalted()
TE8C4 202:854.512 - 0.315ms returns FALSE
TE8C4 202:962.432 JLINK_IsHalted()
TE8C4 202:962.928 - 0.498ms returns FALSE
TE8C4 202:963.072 JLINK_IsHalted()
TE8C4 202:963.392 - 0.315ms returns FALSE
T5FB0 202:976.144 JLINK_IsHalted()
T5FB0 202:976.544 - 0.411ms returns FALSE
T5FB0 202:976.608 JLINK_IsHalted()
T5FB0 202:976.928 - 0.302ms returns FALSE
TE8C4 203:073.344 JLINK_IsHalted()
TE8C4 203:074.048 - 0.696ms returns FALSE
TE8C4 203:074.176 JLINK_IsHalted()
TE8C4 203:074.528 - 0.346ms returns FALSE
TE8C4 203:181.072 JLINK_IsHalted()
TE8C4 203:181.664 - 0.601ms returns FALSE
TE8C4 203:181.840 JLINK_IsHalted()
TE8C4 203:182.320 - 0.482ms returns FALSE
TE8C4 203:290.912 JLINK_IsHalted()
TE8C4 203:291.552 - 0.635ms returns FALSE
TE8C4 203:291.616 JLINK_IsHalted()
TE8C4 203:291.888 - 0.273ms returns FALSE
TE8C4 203:400.640 JLINK_IsHalted()
TE8C4 203:401.168 - 0.521ms returns FALSE
TE8C4 203:401.248 JLINK_IsHalted()
TE8C4 203:401.680 - 0.415ms returns FALSE
TE8C4 203:509.520 JLINK_IsHalted()
TE8C4 203:510.064 - 0.550ms returns FALSE
TE8C4 203:510.160 JLINK_IsHalted()
TE8C4 203:510.432 - 0.265ms returns FALSE
TE8C4 203:618.864 JLINK_IsHalted()
TE8C4 203:619.328 - 0.467ms returns FALSE
TE8C4 203:619.424 JLINK_IsHalted()
TE8C4 203:619.808 - 0.384ms returns FALSE
TE8C4 203:728.000 JLINK_IsHalted()
TE8C4 203:728.576 - 0.570ms returns FALSE
TE8C4 203:728.672 JLINK_IsHalted()
TE8C4 203:729.104 - 0.425ms returns FALSE
TE8C4 203:837.344 JLINK_IsHalted()
TE8C4 203:837.904 - 0.558ms returns FALSE
TE8C4 203:838.064 JLINK_IsHalted()
TE8C4 203:838.496 - 0.416ms returns FALSE
TE8C4 203:947.104 JLINK_IsHalted()
TE8C4 203:947.616 - 0.492ms returns FALSE
TE8C4 203:947.744 JLINK_IsHalted()
TE8C4 203:948.112 - 0.364ms returns FALSE
T5FB0 203:977.824 JLINK_IsHalted()
T5FB0 203:978.304 - 0.474ms returns FALSE
T5FB0 203:978.400 JLINK_IsHalted()
T5FB0 203:978.688 - 0.287ms returns FALSE
TE8C4 204:056.928 JLINK_IsHalted()
TE8C4 204:057.376 - 0.442ms returns FALSE
TE8C4 204:057.456 JLINK_IsHalted()
TE8C4 204:057.888 - 0.418ms returns FALSE
TE8C4 204:165.824 JLINK_IsHalted()
TE8C4 204:166.272 - 0.455ms returns FALSE
TE8C4 204:166.336 JLINK_IsHalted()
TE8C4 204:166.624 - 0.292ms returns FALSE
TE8C4 204:275.616 JLINK_IsHalted()
TE8C4 204:276.320 - 0.706ms returns FALSE
TE8C4 204:276.480 JLINK_IsHalted()
TE8C4 204:277.152 - 0.656ms returns FALSE
TE8C4 204:384.928 JLINK_IsHalted()
TE8C4 204:385.376 - 0.432ms returns FALSE
TE8C4 204:385.472 JLINK_IsHalted()
TE8C4 204:385.808 - 0.330ms returns FALSE
TE8C4 204:494.304 JLINK_IsHalted()
TE8C4 204:494.864 - 0.571ms returns FALSE
TE8C4 204:494.976 JLINK_IsHalted()
TE8C4 204:495.328 - 0.361ms returns FALSE
TE8C4 204:603.232 JLINK_IsHalted()
TE8C4 204:603.648 - 0.415ms returns FALSE
TE8C4 204:603.744 JLINK_IsHalted()
TE8C4 204:604.064 - 0.310ms returns FALSE
TE8C4 204:712.576 JLINK_IsHalted()
TE8C4 204:713.120 - 0.555ms returns FALSE
TE8C4 204:713.232 JLINK_IsHalted()
TE8C4 204:713.584 - 0.351ms returns FALSE
TE8C4 204:822.592 JLINK_IsHalted()
TE8C4 204:823.008 - 0.421ms returns FALSE
TE8C4 204:823.104 JLINK_IsHalted()
TE8C4 204:823.456 - 0.341ms returns FALSE
TE8C4 204:932.112 JLINK_IsHalted()
TE8C4 204:932.704 - 0.599ms returns FALSE
TE8C4 204:932.880 JLINK_IsHalted()
TE8C4 204:933.344 - 0.459ms returns FALSE
T5FB0 204:980.112 JLINK_IsHalted()
T5FB0 204:980.512 - 0.395ms returns FALSE
T5FB0 204:980.576 JLINK_IsHalted()
T5FB0 204:980.960 - 0.377ms returns FALSE
TE8C4 205:040.736 JLINK_IsHalted()
TE8C4 205:041.296 - 0.570ms returns FALSE
TE8C4 205:041.376 JLINK_IsHalted()
TE8C4 205:041.680 - 0.304ms returns FALSE
TE8C4 205:150.496 JLINK_IsHalted()
TE8C4 205:150.944 - 0.449ms returns FALSE
TE8C4 205:151.024 JLINK_IsHalted()
TE8C4 205:151.328 - 0.300ms returns FALSE
TE8C4 205:260.400 JLINK_IsHalted()
TE8C4 205:260.832 - 0.432ms returns FALSE
TE8C4 205:260.896 JLINK_IsHalted()
TE8C4 205:261.184 - 0.283ms returns FALSE
TE8C4 205:369.184 JLINK_IsHalted()
TE8C4 205:369.696 - 0.496ms returns FALSE
TE8C4 205:369.792 JLINK_IsHalted()
TE8C4 205:370.144 - 0.359ms returns FALSE
TE8C4 205:478.336 JLINK_IsHalted()
TE8C4 205:478.736 - 0.396ms returns FALSE
TE8C4 205:478.800 JLINK_IsHalted()
TE8C4 205:479.088 - 0.293ms returns FALSE
TE8C4 205:588.112 JLINK_IsHalted()
TE8C4 205:588.576 - 0.448ms returns FALSE
TE8C4 205:588.640 JLINK_IsHalted()
TE8C4 205:589.024 - 0.381ms returns FALSE
TE8C4 205:697.360 JLINK_IsHalted()
TE8C4 205:697.728 - 0.376ms returns FALSE
TE8C4 205:697.888 JLINK_IsHalted()
TE8C4 205:698.224 - 0.329ms returns FALSE
TE8C4 205:806.192 JLINK_IsHalted()
TE8C4 205:806.688 - 0.494ms returns FALSE
TE8C4 205:806.848 JLINK_IsHalted()
TE8C4 205:807.168 - 0.328ms returns FALSE
TE8C4 205:916.016 JLINK_IsHalted()
TE8C4 205:916.576 - 0.563ms returns FALSE
TE8C4 205:916.704 JLINK_IsHalted()
TE8C4 205:916.992 - 0.290ms returns FALSE
T5FB0 205:983.088 JLINK_IsHalted()
T5FB0 205:983.504 - 0.420ms returns FALSE
T5FB0 205:983.552 JLINK_IsHalted()
T5FB0 205:983.792 - 0.242ms returns FALSE
TE8C4 206:024.864 JLINK_IsHalted()
TE8C4 206:025.424 - 0.543ms returns FALSE
TE8C4 206:025.472 JLINK_IsHalted()
TE8C4 206:025.760 - 0.273ms returns FALSE
TE8C4 206:134.768 JLINK_IsHalted()
TE8C4 206:135.264 - 0.487ms returns FALSE
TE8C4 206:135.360 JLINK_IsHalted()
TE8C4 206:135.696 - 0.334ms returns FALSE
TE8C4 206:244.112 JLINK_IsHalted()
TE8C4 206:244.784 - 0.694ms returns FALSE
TE8C4 206:244.912 JLINK_IsHalted()
TE8C4 206:245.280 - 0.369ms returns FALSE
TE8C4 206:353.120 JLINK_IsHalted()
TE8C4 206:367.408 - 14.297ms returns FALSE
TE8C4 206:367.568 JLINK_IsHalted()
TE8C4 206:367.952 - 0.377ms returns FALSE
TE8C4 206:463.600 JLINK_IsHalted()
TE8C4 206:464.112 - 0.509ms returns FALSE
TE8C4 206:464.240 JLINK_IsHalted()
TE8C4 206:464.736 - 0.476ms returns FALSE
TE8C4 206:572.384 JLINK_IsHalted()
TE8C4 206:572.848 - 0.477ms returns FALSE
TE8C4 206:572.928 JLINK_IsHalted()
TE8C4 206:573.280 - 0.346ms returns FALSE
TE8C4 206:682.080 JLINK_IsHalted()
TE8C4 206:682.704 - 0.608ms returns FALSE
TE8C4 206:682.848 JLINK_IsHalted()
TE8C4 206:683.344 - 0.492ms returns FALSE
TE8C4 206:791.200 JLINK_IsHalted()
TE8C4 206:791.744 - 0.531ms returns FALSE
TE8C4 206:791.840 JLINK_IsHalted()
TE8C4 206:792.160 - 0.323ms returns FALSE
TE8C4 206:900.560 JLINK_IsHalted()
TE8C4 206:901.056 - 0.492ms returns FALSE
TE8C4 206:901.152 JLINK_IsHalted()
TE8C4 206:901.488 - 0.341ms returns FALSE
T5FB0 206:984.576 JLINK_IsHalted()
T5FB0 206:985.040 - 0.465ms returns FALSE
T5FB0 206:985.120 JLINK_IsHalted()
T5FB0 206:985.456 - 0.347ms returns FALSE
TE8C4 207:010.624 JLINK_IsHalted()
TE8C4 207:011.088 - 0.448ms returns FALSE
TE8C4 207:011.168 JLINK_IsHalted()
TE8C4 207:011.520 - 0.341ms returns FALSE
TE8C4 207:119.024 JLINK_IsHalted()
TE8C4 207:119.472 - 0.439ms returns FALSE
TE8C4 207:119.536 JLINK_IsHalted()
TE8C4 207:119.904 - 0.355ms returns FALSE
TE8C4 207:227.952 JLINK_IsHalted()
TE8C4 207:228.336 - 0.390ms returns FALSE
TE8C4 207:228.384 JLINK_IsHalted()
TE8C4 207:228.704 - 0.305ms returns FALSE
TE8C4 207:337.568 JLINK_IsHalted()
TE8C4 207:338.112 - 0.537ms returns FALSE
TE8C4 207:338.224 JLINK_IsHalted()
TE8C4 207:338.544 - 0.318ms returns FALSE
TE8C4 207:446.960 JLINK_IsHalted()
TE8C4 207:447.456 - 0.480ms returns FALSE
TE8C4 207:447.520 JLINK_IsHalted()
TE8C4 207:447.776 - 0.262ms returns FALSE
TE8C4 207:557.616 JLINK_IsHalted()
TE8C4 207:558.528 - 0.909ms returns FALSE
TE8C4 207:558.608 JLINK_IsHalted()
TE8C4 207:558.880 - 0.273ms returns FALSE
TE8C4 207:665.856 JLINK_IsHalted()
TE8C4 207:666.464 - 0.608ms returns FALSE
TE8C4 207:666.624 JLINK_IsHalted()
TE8C4 207:667.008 - 0.380ms returns FALSE
TE8C4 207:775.488 JLINK_IsHalted()
TE8C4 207:776.112 - 0.631ms returns FALSE
TE8C4 207:776.208 JLINK_IsHalted()
TE8C4 207:776.480 - 0.276ms returns FALSE
TE8C4 207:884.736 JLINK_IsHalted()
TE8C4 207:885.408 - 0.680ms returns FALSE
TE8C4 207:885.568 JLINK_IsHalted()
TE8C4 207:885.984 - 0.422ms returns FALSE
T5FB0 207:986.816 JLINK_IsHalted()
T5FB0 207:987.200 - 0.377ms returns FALSE
T5FB0 207:987.344 JLINK_IsHalted()
T5FB0 207:987.632 - 0.294ms returns FALSE
TE8C4 207:994.064 JLINK_IsHalted()
TE8C4 207:994.528 - 0.454ms returns FALSE
TE8C4 207:994.576 JLINK_IsHalted()
TE8C4 207:994.944 - 0.366ms returns FALSE
TE8C4 208:103.520 JLINK_IsHalted()
TE8C4 208:104.032 - 0.509ms returns FALSE
TE8C4 208:104.160 JLINK_IsHalted()
TE8C4 208:104.560 - 0.399ms returns FALSE
TE8C4 208:213.120 JLINK_IsHalted()
TE8C4 208:213.760 - 0.640ms returns FALSE
TE8C4 208:213.888 JLINK_IsHalted()
TE8C4 208:214.272 - 0.383ms returns FALSE
TE8C4 208:322.528 JLINK_IsHalted()
TE8C4 208:323.056 - 0.530ms returns FALSE
TE8C4 208:323.184 JLINK_IsHalted()
TE8C4 208:323.520 - 0.330ms returns FALSE
TE8C4 208:431.504 JLINK_IsHalted()
TE8C4 208:432.112 - 0.611ms returns FALSE
TE8C4 208:432.288 JLINK_IsHalted()
TE8C4 208:432.784 - 0.502ms returns FALSE
TE8C4 208:541.408 JLINK_IsHalted()
TE8C4 208:541.920 - 0.517ms returns FALSE
TE8C4 208:541.952 JLINK_IsHalted()
TE8C4 208:542.336 - 0.378ms returns FALSE
TE8C4 208:649.888 JLINK_IsHalted()
TE8C4 208:650.544 - 0.653ms returns FALSE
TE8C4 208:650.752 JLINK_IsHalted()
TE8C4 208:651.232 - 0.478ms returns FALSE
TE8C4 208:759.216 JLINK_IsHalted()
TE8C4 208:759.648 - 0.422ms returns FALSE
TE8C4 208:759.744 JLINK_IsHalted()
TE8C4 208:760.080 - 0.326ms returns FALSE
TE8C4 208:869.056 JLINK_IsHalted()
TE8C4 208:869.600 - 0.534ms returns FALSE
TE8C4 208:869.744 JLINK_IsHalted()
TE8C4 208:870.240 - 0.488ms returns FALSE
TE8C4 208:978.192 JLINK_IsHalted()
TE8C4 208:978.656 - 0.475ms returns FALSE
TE8C4 208:978.800 JLINK_IsHalted()
TE8C4 208:979.168 - 0.371ms returns FALSE
T5FB0 208:988.832 JLINK_IsHalted()
T5FB0 208:989.184 - 0.358ms returns FALSE
T5FB0 208:989.248 JLINK_IsHalted()
T5FB0 208:989.536 - 0.279ms returns FALSE
TE8C4 209:087.664 JLINK_IsHalted()
TE8C4 209:088.080 - 0.416ms returns FALSE
TE8C4 209:088.176 JLINK_IsHalted()
TE8C4 209:088.656 - 0.475ms returns FALSE
TE8C4 209:197.296 JLINK_IsHalted()
TE8C4 209:197.648 - 0.339ms returns FALSE
TE8C4 209:197.680 JLINK_IsHalted()
TE8C4 209:197.920 - 0.231ms returns FALSE
TE8C4 209:306.448 JLINK_IsHalted()
TE8C4 209:306.912 - 0.467ms returns FALSE
TE8C4 209:307.008 JLINK_IsHalted()
TE8C4 209:307.360 - 0.342ms returns FALSE
TE8C4 209:416.368 JLINK_IsHalted()
TE8C4 209:416.880 - 0.505ms returns FALSE
TE8C4 209:417.056 JLINK_IsHalted()
TE8C4 209:417.488 - 0.430ms returns FALSE
TE8C4 209:525.440 JLINK_IsHalted()
TE8C4 209:525.808 - 0.374ms returns FALSE
TE8C4 209:525.920 JLINK_IsHalted()
TE8C4 209:526.240 - 0.319ms returns FALSE
TE8C4 209:634.736 JLINK_IsHalted()
TE8C4 209:635.200 - 0.466ms returns FALSE
TE8C4 209:635.344 JLINK_IsHalted()
TE8C4 209:635.712 - 0.369ms returns FALSE
TE8C4 209:744.160 JLINK_IsHalted()
TE8C4 209:744.720 - 0.561ms returns FALSE
TE8C4 209:744.832 JLINK_IsHalted()
TE8C4 209:745.344 - 0.509ms returns FALSE
TE8C4 209:853.872 JLINK_IsHalted()
TE8C4 209:854.352 - 0.473ms returns FALSE
TE8C4 209:854.448 JLINK_IsHalted()
TE8C4 209:854.832 - 0.393ms returns FALSE
TE8C4 209:963.280 JLINK_IsHalted()
TE8C4 209:963.680 - 0.407ms returns FALSE
TE8C4 209:963.792 JLINK_IsHalted()
TE8C4 209:964.128 - 0.344ms returns FALSE
T5FB0 209:989.904 JLINK_IsHalted()
T5FB0 209:990.320 - 0.424ms returns FALSE
T5FB0 209:990.384 JLINK_IsHalted()
T5FB0 209:990.672 - 0.287ms returns FALSE
TE8C4 210:072.288 JLINK_IsHalted()
TE8C4 210:072.928 - 0.641ms returns FALSE
TE8C4 210:073.104 JLINK_IsHalted()
TE8C4 210:073.536 - 0.434ms returns FALSE
TE8C4 210:181.824 JLINK_IsHalted()
TE8C4 210:182.352 - 0.526ms returns FALSE
TE8C4 210:182.464 JLINK_IsHalted()
TE8C4 210:182.896 - 0.442ms returns FALSE
TE8C4 210:291.344 JLINK_IsHalted()
TE8C4 210:291.872 - 0.517ms returns FALSE
TE8C4 210:291.984 JLINK_IsHalted()
TE8C4 210:292.352 - 0.379ms returns FALSE
TE8C4 210:400.880 JLINK_IsHalted()
TE8C4 210:401.488 - 0.609ms returns FALSE
TE8C4 210:401.648 JLINK_IsHalted()
TE8C4 210:402.096 - 0.448ms returns FALSE
TE8C4 210:509.280 JLINK_IsHalted()
TE8C4 210:511.408 - 2.123ms returns FALSE
TE8C4 210:511.584 JLINK_IsHalted()
TE8C4 210:511.968 - 0.388ms returns FALSE
TE8C4 210:619.104 JLINK_IsHalted()
TE8C4 210:619.616 - 0.499ms returns FALSE
TE8C4 210:619.680 JLINK_IsHalted()
TE8C4 210:620.064 - 0.394ms returns FALSE
TE8C4 210:728.080 JLINK_IsHalted()
TE8C4 210:728.544 - 0.463ms returns FALSE
TE8C4 210:728.608 JLINK_IsHalted()
TE8C4 210:728.992 - 0.388ms returns FALSE
TE8C4 210:838.992 JLINK_IsHalted()
TE8C4 210:839.392 - 0.401ms returns FALSE
TE8C4 210:839.456 JLINK_IsHalted()
TE8C4 210:839.744 - 0.280ms returns FALSE
TE8C4 210:946.896 JLINK_IsHalted()
TE8C4 210:947.392 - 0.506ms returns FALSE
TE8C4 210:947.568 JLINK_IsHalted()
TE8C4 210:948.160 - 0.583ms returns FALSE
T5FB0 210:991.664 JLINK_IsHalted()
T5FB0 210:992.192 - 0.524ms returns FALSE
T5FB0 210:992.256 JLINK_IsHalted()
T5FB0 210:992.528 - 0.267ms returns FALSE
TE8C4 211:056.800 JLINK_IsHalted()
TE8C4 211:057.376 - 0.565ms returns FALSE
TE8C4 211:057.488 JLINK_IsHalted()
TE8C4 211:058.064 - 0.569ms returns FALSE
TE8C4 211:165.984 JLINK_IsHalted()
TE8C4 211:166.720 - 0.743ms returns FALSE
TE8C4 211:166.880 JLINK_IsHalted()
TE8C4 211:167.344 - 0.475ms returns FALSE
TE8C4 211:275.680 JLINK_IsHalted()
TE8C4 211:276.048 - 0.375ms returns FALSE
TE8C4 211:276.128 JLINK_IsHalted()
TE8C4 211:276.400 - 0.281ms returns FALSE
TE8C4 211:384.928 JLINK_IsHalted()
TE8C4 211:385.424 - 0.497ms returns FALSE
TE8C4 211:385.536 JLINK_IsHalted()
TE8C4 211:385.920 - 0.372ms returns FALSE
TE8C4 211:494.288 JLINK_IsHalted()
TE8C4 211:494.656 - 0.371ms returns FALSE
TE8C4 211:494.688 JLINK_IsHalted()
TE8C4 211:494.928 - 0.234ms returns FALSE
TE8C4 211:603.680 JLINK_IsHalted()
TE8C4 211:604.192 - 0.512ms returns FALSE
TE8C4 211:604.368 JLINK_IsHalted()
TE8C4 211:604.800 - 0.445ms returns FALSE
TE8C4 211:713.184 JLINK_IsHalted()
TE8C4 211:713.664 - 0.472ms returns FALSE
TE8C4 211:713.760 JLINK_IsHalted()
TE8C4 211:714.080 - 0.329ms returns FALSE
TE8C4 211:822.096 JLINK_IsHalted()
TE8C4 211:822.800 - 0.696ms returns FALSE
TE8C4 211:822.960 JLINK_IsHalted()
TE8C4 211:823.520 - 0.541ms returns FALSE
TE8C4 211:931.120 JLINK_IsHalted()
TE8C4 211:931.728 - 0.607ms returns FALSE
TE8C4 211:931.888 JLINK_IsHalted()
TE8C4 211:932.336 - 0.442ms returns FALSE
T5FB0 211:994.736 JLINK_IsHalted()
T5FB0 211:995.280 - 0.542ms returns FALSE
T5FB0 211:995.344 JLINK_IsHalted()
T5FB0 211:995.712 - 0.364ms returns FALSE
TE8C4 212:040.800 JLINK_IsHalted()
TE8C4 212:041.264 - 0.458ms returns FALSE
TE8C4 212:041.440 JLINK_IsHalted()
TE8C4 212:041.888 - 0.436ms returns FALSE
TE8C4 212:150.704 JLINK_IsHalted()
TE8C4 212:151.216 - 0.499ms returns FALSE
TE8C4 212:151.344 JLINK_IsHalted()
TE8C4 212:151.712 - 0.372ms returns FALSE
TE8C4 212:259.808 JLINK_IsHalted()
TE8C4 212:260.304 - 0.477ms returns FALSE
TE8C4 212:260.384 JLINK_IsHalted()
TE8C4 212:260.768 - 0.380ms returns FALSE
TE8C4 212:369.408 JLINK_IsHalted()
TE8C4 212:369.888 - 0.483ms returns FALSE
TE8C4 212:370.080 JLINK_IsHalted()
TE8C4 212:370.528 - 0.448ms returns FALSE
TE8C4 212:478.496 JLINK_IsHalted()
TE8C4 212:478.928 - 0.425ms returns FALSE
TE8C4 212:479.008 JLINK_IsHalted()
TE8C4 212:479.264 - 0.273ms returns FALSE
TE8C4 212:588.000 JLINK_IsHalted()
TE8C4 212:588.576 - 0.578ms returns FALSE
TE8C4 212:588.720 JLINK_IsHalted()
TE8C4 212:589.168 - 0.444ms returns FALSE
TE8C4 212:697.472 JLINK_IsHalted()
TE8C4 212:697.824 - 0.353ms returns FALSE
TE8C4 212:697.872 JLINK_IsHalted()
TE8C4 212:698.112 - 0.236ms returns FALSE
TE8C4 212:806.880 JLINK_IsHalted()
TE8C4 212:807.312 - 0.428ms returns FALSE
TE8C4 212:807.360 JLINK_IsHalted()
TE8C4 212:807.712 - 0.345ms returns FALSE
TE8C4 212:916.112 JLINK_IsHalted()
TE8C4 212:916.512 - 0.408ms returns FALSE
TE8C4 212:916.640 JLINK_IsHalted()
TE8C4 212:916.960 - 0.308ms returns FALSE
T5FB0 212:996.816 JLINK_IsHalted()
T5FB0 212:997.152 - 0.332ms returns FALSE
T5FB0 212:997.200 JLINK_IsHalted()
T5FB0 212:997.504 - 0.305ms returns FALSE
TE8C4 213:025.760 JLINK_IsHalted()
TE8C4 213:026.160 - 0.413ms returns FALSE
TE8C4 213:026.224 JLINK_IsHalted()
TE8C4 213:026.528 - 0.296ms returns FALSE
TE8C4 213:134.736 JLINK_IsHalted()
TE8C4 213:135.216 - 0.482ms returns FALSE
TE8C4 213:135.392 JLINK_IsHalted()
TE8C4 213:135.840 - 0.445ms returns FALSE
TE8C4 213:243.632 JLINK_IsHalted()
TE8C4 213:244.000 - 0.371ms returns FALSE
TE8C4 213:244.080 JLINK_IsHalted()
TE8C4 213:244.368 - 0.285ms returns FALSE
TE8C4 213:353.936 JLINK_IsHalted()
TE8C4 213:354.416 - 0.489ms returns FALSE
TE8C4 213:354.560 JLINK_IsHalted()
TE8C4 213:355.056 - 0.501ms returns FALSE
TE8C4 213:462.832 JLINK_IsHalted()
TE8C4 213:463.264 - 0.438ms returns FALSE
TE8C4 213:463.344 JLINK_IsHalted()
TE8C4 213:463.712 - 0.346ms returns FALSE
TE8C4 213:571.872 JLINK_IsHalted()
TE8C4 213:572.464 - 0.598ms returns FALSE
TE8C4 213:572.608 JLINK_IsHalted()
TE8C4 213:573.120 - 0.506ms returns FALSE
TE8C4 213:681.664 JLINK_IsHalted()
TE8C4 213:682.224 - 0.567ms returns FALSE
TE8C4 213:682.400 JLINK_IsHalted()
TE8C4 213:682.960 - 0.558ms returns FALSE
TE8C4 213:791.264 JLINK_IsHalted()
TE8C4 213:791.712 - 0.455ms returns FALSE
TE8C4 213:791.776 JLINK_IsHalted()
TE8C4 213:792.128 - 0.359ms returns FALSE
TE8C4 213:899.936 JLINK_IsHalted()
TE8C4 213:900.368 - 0.419ms returns FALSE
TE8C4 213:900.448 JLINK_IsHalted()
TE8C4 213:900.784 - 0.332ms returns FALSE
T5FB0 213:998.496 JLINK_IsHalted()
T5FB0 213:998.912 - 0.424ms returns FALSE
T5FB0 213:998.992 JLINK_IsHalted()
T5FB0 213:999.264 - 0.269ms returns FALSE
TE8C4 214:009.712 JLINK_IsHalted()
TE8C4 214:010.192 - 0.473ms returns FALSE
TE8C4 214:010.272 JLINK_IsHalted()
TE8C4 214:010.608 - 0.328ms returns FALSE
TE8C4 214:119.328 JLINK_IsHalted()
TE8C4 214:119.872 - 0.555ms returns FALSE
TE8C4 214:120.032 JLINK_IsHalted()
TE8C4 214:120.416 - 0.376ms returns FALSE
TE8C4 214:228.432 JLINK_IsHalted()
TE8C4 214:228.944 - 0.511ms returns FALSE
TE8C4 214:229.056 JLINK_IsHalted()
TE8C4 214:229.392 - 0.325ms returns FALSE
TE8C4 214:338.288 JLINK_IsHalted()
TE8C4 214:338.784 - 0.500ms returns FALSE
TE8C4 214:338.896 JLINK_IsHalted()
TE8C4 214:339.264 - 0.372ms returns FALSE
TE8C4 214:447.760 JLINK_IsHalted()
TE8C4 214:448.144 - 0.379ms returns FALSE
TE8C4 214:448.208 JLINK_IsHalted()
TE8C4 214:448.480 - 0.286ms returns FALSE
TE8C4 214:556.448 JLINK_IsHalted()
TE8C4 214:556.960 - 0.506ms returns FALSE
TE8C4 214:557.088 JLINK_IsHalted()
TE8C4 214:557.440 - 0.328ms returns FALSE
TE8C4 214:665.600 JLINK_IsHalted()
TE8C4 214:666.080 - 0.479ms returns FALSE
TE8C4 214:666.176 JLINK_IsHalted()
TE8C4 214:666.496 - 0.327ms returns FALSE
TE8C4 214:774.880 JLINK_IsHalted()
TE8C4 214:775.552 - 0.657ms returns FALSE
TE8C4 214:775.728 JLINK_IsHalted()
TE8C4 214:776.144 - 0.418ms returns FALSE
TE8C4 214:884.912 JLINK_IsHalted()
TE8C4 214:885.376 - 0.480ms returns FALSE
TE8C4 214:885.504 JLINK_IsHalted()
TE8C4 214:885.936 - 0.450ms returns FALSE
TE8C4 214:994.080 JLINK_IsHalted()
TE8C4 214:994.512 - 0.446ms returns FALSE
TE8C4 214:994.656 JLINK_IsHalted()
TE8C4 214:995.104 - 0.428ms returns FALSE
T5FB0 215:001.088 JLINK_IsHalted()
T5FB0 215:001.440 - 0.345ms returns FALSE
T5FB0 215:001.552 JLINK_IsHalted()
T5FB0 215:001.808 - 0.253ms returns FALSE
TE8C4 215:103.488 JLINK_IsHalted()
TE8C4 215:103.872 - 0.385ms returns FALSE
TE8C4 215:103.920 JLINK_IsHalted()
TE8C4 215:104.160 - 0.235ms returns FALSE
TE8C4 215:212.672 JLINK_IsHalted()
TE8C4 215:213.232 - 0.550ms returns FALSE
TE8C4 215:213.312 JLINK_IsHalted()
TE8C4 215:213.792 - 0.476ms returns FALSE
TE8C4 215:322.544 JLINK_IsHalted()
TE8C4 215:323.136 - 0.572ms returns FALSE
TE8C4 215:323.216 JLINK_IsHalted()
TE8C4 215:323.568 - 0.375ms returns FALSE
TE8C4 215:431.584 JLINK_IsHalted()
TE8C4 215:432.160 - 0.584ms returns FALSE
TE8C4 215:432.352 JLINK_IsHalted()
TE8C4 215:432.752 - 0.412ms returns FALSE
TE8C4 215:541.088 JLINK_IsHalted()
TE8C4 215:541.632 - 0.540ms returns FALSE
TE8C4 215:541.808 JLINK_IsHalted()
TE8C4 215:542.192 - 0.374ms returns FALSE
TE8C4 215:650.384 JLINK_IsHalted()
TE8C4 215:650.848 - 0.462ms returns FALSE
TE8C4 215:650.912 JLINK_IsHalted()
TE8C4 215:651.200 - 0.281ms returns FALSE
TE8C4 215:760.000 JLINK_IsHalted()
TE8C4 215:760.608 - 0.603ms returns FALSE
TE8C4 215:760.928 JLINK_IsHalted()
TE8C4 215:761.952 - 1.016ms returns FALSE
TE8C4 215:869.392 JLINK_IsHalted()
TE8C4 215:869.824 - 0.434ms returns FALSE
TE8C4 215:869.904 JLINK_IsHalted()
TE8C4 215:870.288 - 0.370ms returns FALSE
TE8C4 215:978.576 JLINK_IsHalted()
TE8C4 215:979.168 - 0.577ms returns FALSE
TE8C4 215:979.312 JLINK_IsHalted()
TE8C4 215:979.872 - 0.550ms returns FALSE
T5FB0 216:002.432 JLINK_IsHalted()
T5FB0 216:002.976 - 0.531ms returns FALSE
T5FB0 216:003.104 JLINK_IsHalted()
T5FB0 216:003.408 - 0.313ms returns FALSE
TE8C4 216:087.504 JLINK_IsHalted()
TE8C4 216:087.936 - 0.444ms returns FALSE
TE8C4 216:088.032 JLINK_IsHalted()
TE8C4 216:088.272 - 0.244ms returns FALSE
TE8C4 216:197.888 JLINK_IsHalted()
TE8C4 216:198.496 - 0.611ms returns FALSE
TE8C4 216:198.576 JLINK_IsHalted()
TE8C4 216:198.880 - 0.311ms returns FALSE
TE8C4 216:306.208 JLINK_IsHalted()
TE8C4 216:306.656 - 0.450ms returns FALSE
TE8C4 216:306.736 JLINK_IsHalted()
TE8C4 216:307.152 - 0.415ms returns FALSE
TE8C4 216:415.648 JLINK_IsHalted()
TE8C4 216:416.048 - 0.422ms returns FALSE
TE8C4 216:416.128 JLINK_IsHalted()
TE8C4 216:416.432 - 0.298ms returns FALSE
TE8C4 216:525.824 JLINK_IsHalted()
TE8C4 216:526.256 - 0.449ms returns FALSE
TE8C4 216:526.384 JLINK_IsHalted()
TE8C4 216:526.688 - 0.318ms returns FALSE
TE8C4 216:634.448 JLINK_IsHalted()
TE8C4 216:635.008 - 0.552ms returns FALSE
TE8C4 216:635.136 JLINK_IsHalted()
TE8C4 216:635.520 - 0.369ms returns FALSE
TE8C4 216:744.912 JLINK_IsHalted()
TE8C4 216:747.776 - 2.880ms returns FALSE
TE8C4 216:747.936 JLINK_IsHalted()
TE8C4 216:748.336 - 0.416ms returns FALSE
TE8C4 216:853.808 JLINK_IsHalted()
TE8C4 216:854.320 - 0.517ms returns FALSE
TE8C4 216:854.480 JLINK_IsHalted()
TE8C4 216:854.816 - 0.340ms returns FALSE
TE8C4 216:962.736 JLINK_IsHalted()
TE8C4 216:963.248 - 0.507ms returns FALSE
TE8C4 216:963.360 JLINK_IsHalted()
TE8C4 216:963.632 - 0.290ms returns FALSE
T5FB0 217:004.752 JLINK_IsHalted()
T5FB0 217:005.152 - 0.419ms returns FALSE
T5FB0 217:005.232 JLINK_IsHalted()
T5FB0 217:005.520 - 0.281ms returns FALSE
TE8C4 217:072.128 JLINK_IsHalted()
TE8C4 217:072.608 - 0.494ms returns FALSE
TE8C4 217:072.768 JLINK_IsHalted()
TE8C4 217:073.152 - 0.385ms returns FALSE
TE8C4 217:181.440 JLINK_IsHalted()
TE8C4 217:181.952 - 0.492ms returns FALSE
TE8C4 217:182.112 JLINK_IsHalted()
TE8C4 217:182.560 - 0.464ms returns FALSE
TE8C4 217:291.392 JLINK_IsHalted()
TE8C4 217:291.984 - 0.585ms returns FALSE
TE8C4 217:292.032 JLINK_IsHalted()
TE8C4 217:294.384 - 2.341ms returns FALSE
TE8C4 217:400.496 JLINK_IsHalted()
TE8C4 217:401.040 - 0.559ms returns FALSE
TE8C4 217:401.216 JLINK_IsHalted()
TE8C4 217:401.568 - 0.367ms returns FALSE
TE8C4 217:509.840 JLINK_IsHalted()
TE8C4 217:510.272 - 0.442ms returns FALSE
TE8C4 217:510.320 JLINK_IsHalted()
TE8C4 217:510.528 - 0.215ms returns FALSE
TE8C4 217:619.120 JLINK_IsHalted()
TE8C4 217:619.632 - 0.505ms returns FALSE
TE8C4 217:619.744 JLINK_IsHalted()
TE8C4 217:620.064 - 0.331ms returns FALSE
TE8C4 217:728.672 JLINK_IsHalted()
TE8C4 217:729.280 - 0.630ms returns FALSE
TE8C4 217:729.440 JLINK_IsHalted()
TE8C4 217:729.888 - 0.472ms returns FALSE
TE8C4 217:837.616 JLINK_IsHalted()
TE8C4 217:838.032 - 0.422ms returns FALSE
TE8C4 217:838.208 JLINK_IsHalted()
TE8C4 217:838.544 - 0.333ms returns FALSE
TE8C4 217:946.800 JLINK_IsHalted()
TE8C4 217:947.184 - 0.407ms returns FALSE
TE8C4 217:947.360 JLINK_IsHalted()
TE8C4 217:947.696 - 0.336ms returns FALSE
T5FB0 218:007.136 JLINK_IsHalted()
T5FB0 218:007.520 - 0.379ms returns FALSE
T5FB0 218:007.584 JLINK_IsHalted()
T5FB0 218:007.888 - 0.290ms returns FALSE
TE8C4 218:056.864 JLINK_IsHalted()
TE8C4 218:057.472 - 0.612ms returns FALSE
TE8C4 218:057.632 JLINK_IsHalted()
TE8C4 218:058.064 - 0.442ms returns FALSE
TE8C4 218:165.840 JLINK_IsHalted()
TE8C4 218:166.368 - 0.551ms returns FALSE
TE8C4 218:166.560 JLINK_IsHalted()
TE8C4 218:166.944 - 0.385ms returns FALSE
TE8C4 218:275.632 JLINK_IsHalted()
TE8C4 218:276.128 - 0.485ms returns FALSE
TE8C4 218:276.272 JLINK_IsHalted()
TE8C4 218:276.688 - 0.403ms returns FALSE
TE8C4 218:384.688 JLINK_IsHalted()
TE8C4 218:385.120 - 0.427ms returns FALSE
TE8C4 218:385.184 JLINK_IsHalted()
TE8C4 218:385.456 - 0.287ms returns FALSE
TE8C4 218:493.776 JLINK_IsHalted()
TE8C4 218:494.160 - 0.387ms returns FALSE
TE8C4 218:494.256 JLINK_IsHalted()
TE8C4 218:494.592 - 0.335ms returns FALSE
TE8C4 218:603.056 JLINK_IsHalted()
TE8C4 218:603.552 - 0.476ms returns FALSE
TE8C4 218:603.648 JLINK_IsHalted()
TE8C4 218:604.128 - 0.467ms returns FALSE
TE8C4 218:712.528 JLINK_IsHalted()
TE8C4 218:712.912 - 0.376ms returns FALSE
TE8C4 218:713.008 JLINK_IsHalted()
TE8C4 218:713.312 - 0.317ms returns FALSE
TE8C4 218:822.576 JLINK_IsHalted()
TE8C4 218:822.960 - 0.390ms returns FALSE
TE8C4 218:823.072 JLINK_IsHalted()
TE8C4 218:823.392 - 0.321ms returns FALSE
TE8C4 218:931.888 JLINK_IsHalted()
TE8C4 218:932.480 - 0.586ms returns FALSE
TE8C4 218:932.608 JLINK_IsHalted()
TE8C4 218:933.024 - 0.414ms returns FALSE
T5FB0 219:009.504 JLINK_IsHalted()
T5FB0 219:010.000 - 0.499ms returns FALSE
T5FB0 219:010.048 JLINK_IsHalted()
T5FB0 219:010.352 - 0.305ms returns FALSE
TE8C4 219:040.816 JLINK_IsHalted()
TE8C4 219:042.688 - 1.870ms returns FALSE
TE8C4 219:042.768 JLINK_IsHalted()
TE8C4 219:043.200 - 0.422ms returns FALSE
TE8C4 219:152.544 JLINK_IsHalted()
TE8C4 219:152.992 - 0.453ms returns FALSE
TE8C4 219:153.120 JLINK_IsHalted()
TE8C4 219:153.488 - 0.359ms returns FALSE
TE8C4 219:259.440 JLINK_IsHalted()
TE8C4 219:259.904 - 0.476ms returns FALSE
TE8C4 219:260.080 JLINK_IsHalted()
TE8C4 219:260.496 - 0.402ms returns FALSE
TE8C4 219:368.800 JLINK_IsHalted()
TE8C4 219:369.344 - 0.519ms returns FALSE
TE8C4 219:369.392 JLINK_IsHalted()
TE8C4 219:369.776 - 0.300ms returns FALSE
TE8C4 219:478.880 JLINK_IsHalted()
TE8C4 219:479.344 - 0.461ms returns FALSE
TE8C4 219:479.456 JLINK_IsHalted()
TE8C4 219:479.728 - 0.295ms returns FALSE
TE8C4 219:587.536 JLINK_IsHalted()
TE8C4 219:588.128 - 0.589ms returns FALSE
TE8C4 219:588.272 JLINK_IsHalted()
TE8C4 219:588.784 - 0.491ms returns FALSE
TE8C4 219:696.640 JLINK_IsHalted()
TE8C4 219:697.104 - 0.438ms returns FALSE
TE8C4 219:697.200 JLINK_IsHalted()
TE8C4 219:697.440 - 0.240ms returns FALSE
TE8C4 219:806.624 JLINK_IsHalted()
TE8C4 219:807.200 - 0.610ms returns FALSE
TE8C4 219:807.392 JLINK_IsHalted()
TE8C4 219:807.744 - 0.351ms returns FALSE
TE8C4 219:915.648 JLINK_IsHalted()
TE8C4 219:916.080 - 0.438ms returns FALSE
TE8C4 219:916.192 JLINK_IsHalted()
TE8C4 219:916.416 - 0.239ms returns FALSE
T5FB0 220:012.000 JLINK_IsHalted()
T5FB0 220:012.592 - 0.607ms returns FALSE
T5FB0 220:012.672 JLINK_IsHalted()
T5FB0 220:012.880 - 0.216ms returns FALSE
TE8C4 220:025.040 JLINK_IsHalted()
TE8C4 220:025.472 - 0.445ms returns FALSE
TE8C4 220:025.600 JLINK_IsHalted()
TE8C4 220:025.952 - 0.339ms returns FALSE
TE8C4 220:134.960 JLINK_IsHalted()
TE8C4 220:135.472 - 0.516ms returns FALSE
TE8C4 220:135.600 JLINK_IsHalted()
TE8C4 220:136.032 - 0.417ms returns FALSE
TE8C4 220:243.536 JLINK_IsHalted()
TE8C4 220:244.000 - 0.446ms returns FALSE
TE8C4 220:244.048 JLINK_IsHalted()
TE8C4 220:244.320 - 0.290ms returns FALSE
TE8C4 220:353.248 JLINK_IsHalted()
TE8C4 220:353.712 - 0.443ms returns FALSE
TE8C4 220:353.872 JLINK_IsHalted()
TE8C4 220:354.336 - 0.449ms returns FALSE
TE8C4 220:462.560 JLINK_IsHalted()
TE8C4 220:462.976 - 0.416ms returns FALSE
TE8C4 220:463.056 JLINK_IsHalted()
TE8C4 220:463.312 - 0.280ms returns FALSE
TE8C4 220:572.192 JLINK_IsHalted()
TE8C4 220:572.672 - 0.499ms returns FALSE
TE8C4 220:572.832 JLINK_IsHalted()
TE8C4 220:573.152 - 0.344ms returns FALSE
TE8C4 220:681.056 JLINK_IsHalted()
TE8C4 220:681.504 - 0.449ms returns FALSE
TE8C4 220:681.648 JLINK_IsHalted()
TE8C4 220:682.016 - 0.364ms returns FALSE
TE8C4 220:791.456 JLINK_IsHalted()
TE8C4 220:792.112 - 0.641ms returns FALSE
TE8C4 220:792.288 JLINK_IsHalted()
TE8C4 220:792.736 - 0.431ms returns FALSE
TE8C4 220:900.688 JLINK_IsHalted()
TE8C4 220:901.120 - 0.431ms returns FALSE
TE8C4 220:901.216 JLINK_IsHalted()
TE8C4 220:901.456 - 0.248ms returns FALSE
TE8C4 221:010.816 JLINK_IsHalted()
TE8C4 221:011.280 - 0.449ms returns FALSE
TE8C4 221:011.408 JLINK_IsHalted()
TE8C4 221:011.792 - 0.382ms returns FALSE
T5FB0 221:014.816 JLINK_IsHalted()
T5FB0 221:015.264 - 0.463ms returns FALSE
T5FB0 221:015.392 JLINK_IsHalted()
T5FB0 221:015.840 - 0.432ms returns FALSE
TE8C4 221:119.536 JLINK_IsHalted()
TE8C4 221:120.128 - 0.587ms returns FALSE
TE8C4 221:120.288 JLINK_IsHalted()
TE8C4 221:120.688 - 0.392ms returns FALSE
TE8C4 221:229.472 JLINK_IsHalted()
TE8C4 221:230.048 - 0.600ms returns FALSE
TE8C4 221:230.176 JLINK_IsHalted()
TE8C4 221:230.624 - 0.446ms returns FALSE
TE8C4 221:337.440 JLINK_IsHalted()
TE8C4 221:338.016 - 0.560ms returns FALSE
TE8C4 221:338.112 JLINK_IsHalted()
TE8C4 221:338.528 - 0.418ms returns FALSE
TE8C4 221:446.880 JLINK_IsHalted()
TE8C4 221:447.456 - 0.575ms returns FALSE
TE8C4 221:447.632 JLINK_IsHalted()
TE8C4 221:448.016 - 0.391ms returns FALSE
TE8C4 221:556.176 JLINK_IsHalted()
TE8C4 221:556.640 - 0.467ms returns FALSE
TE8C4 221:556.784 JLINK_IsHalted()
TE8C4 221:557.168 - 0.376ms returns FALSE
TE8C4 221:666.256 JLINK_IsHalted()
TE8C4 221:666.640 - 0.386ms returns FALSE
TE8C4 221:666.736 JLINK_IsHalted()
TE8C4 221:667.072 - 0.318ms returns FALSE
TE8C4 221:775.072 JLINK_IsHalted()
TE8C4 221:775.568 - 0.487ms returns FALSE
TE8C4 221:775.664 JLINK_IsHalted()
TE8C4 221:776.048 - 0.391ms returns FALSE
TE8C4 221:884.704 JLINK_IsHalted()
TE8C4 221:885.360 - 0.658ms returns FALSE
TE8C4 221:885.520 JLINK_IsHalted()
TE8C4 221:885.984 - 0.461ms returns FALSE
TE8C4 221:994.496 JLINK_IsHalted()
TE8C4 221:995.056 - 0.558ms returns FALSE
TE8C4 221:995.136 JLINK_IsHalted()
TE8C4 221:995.472 - 0.312ms returns FALSE
T5FB0 222:017.536 JLINK_IsHalted()
T5FB0 222:017.952 - 0.421ms returns FALSE
T5FB0 222:018.000 JLINK_IsHalted()
T5FB0 222:018.304 - 0.295ms returns FALSE
TE8C4 222:103.712 JLINK_IsHalted()
TE8C4 222:104.288 - 0.584ms returns FALSE
TE8C4 222:104.400 JLINK_IsHalted()
TE8C4 222:104.672 - 0.298ms returns FALSE
TE8C4 222:212.640 JLINK_IsHalted()
TE8C4 222:213.088 - 0.464ms returns FALSE
TE8C4 222:213.200 JLINK_IsHalted()
TE8C4 222:213.504 - 0.313ms returns FALSE
TE8C4 222:322.224 JLINK_IsHalted()
TE8C4 222:322.784 - 0.555ms returns FALSE
TE8C4 222:322.848 JLINK_IsHalted()
TE8C4 222:323.200 - 0.359ms returns FALSE
TE8C4 222:431.440 JLINK_IsHalted()
TE8C4 222:432.096 - 0.676ms returns FALSE
TE8C4 222:432.304 JLINK_IsHalted()
TE8C4 222:432.672 - 0.347ms returns FALSE
TE8C4 222:541.312 JLINK_IsHalted()
TE8C4 222:541.728 - 0.415ms returns FALSE
TE8C4 222:541.792 JLINK_IsHalted()
TE8C4 222:542.080 - 0.292ms returns FALSE
TE8C4 222:650.336 JLINK_IsHalted()
TE8C4 222:651.040 - 0.675ms returns FALSE
TE8C4 222:651.184 JLINK_IsHalted()
TE8C4 222:651.648 - 0.454ms returns FALSE
TE8C4 222:759.424 JLINK_IsHalted()
TE8C4 222:759.856 - 0.432ms returns FALSE
TE8C4 222:759.904 JLINK_IsHalted()
TE8C4 222:760.224 - 0.305ms returns FALSE
TE8C4 222:868.992 JLINK_IsHalted()
TE8C4 222:869.456 - 0.465ms returns FALSE
TE8C4 222:869.632 JLINK_IsHalted()
TE8C4 222:870.096 - 0.462ms returns FALSE
TE8C4 222:978.736 JLINK_IsHalted()
TE8C4 222:979.120 - 0.374ms returns FALSE
TE8C4 222:979.168 JLINK_IsHalted()
TE8C4 222:979.456 - 0.288ms returns FALSE
T5FB0 223:019.648 JLINK_IsHalted()
T5FB0 223:019.984 - 0.345ms returns FALSE
T5FB0 223:020.064 JLINK_IsHalted()
T5FB0 223:020.336 - 0.298ms returns FALSE
TE8C4 223:087.456 JLINK_IsHalted()
TE8C4 223:087.872 - 0.407ms returns FALSE
TE8C4 223:087.920 JLINK_IsHalted()
TE8C4 223:088.224 - 0.312ms returns FALSE
TE8C4 223:196.896 JLINK_IsHalted()
TE8C4 223:197.472 - 0.571ms returns FALSE
TE8C4 223:197.600 JLINK_IsHalted()
TE8C4 223:198.032 - 0.430ms returns FALSE
TE8C4 223:306.464 JLINK_IsHalted()
TE8C4 223:307.008 - 0.521ms returns FALSE
TE8C4 223:307.136 JLINK_IsHalted()
TE8C4 223:307.440 - 0.310ms returns FALSE
TE8C4 223:415.504 JLINK_IsHalted()
TE8C4 223:416.064 - 0.568ms returns FALSE
TE8C4 223:416.112 JLINK_IsHalted()
TE8C4 223:416.416 - 0.310ms returns FALSE
TE8C4 223:525.584 JLINK_IsHalted()
TE8C4 223:526.112 - 0.535ms returns FALSE
TE8C4 223:526.240 JLINK_IsHalted()
TE8C4 223:526.704 - 0.459ms returns FALSE
TE8C4 223:635.072 JLINK_IsHalted()
TE8C4 223:635.584 - 0.530ms returns FALSE
TE8C4 223:635.664 JLINK_IsHalted()
TE8C4 223:635.936 - 0.284ms returns FALSE
TE8C4 223:743.840 JLINK_IsHalted()
TE8C4 223:744.256 - 0.398ms returns FALSE
TE8C4 223:744.304 JLINK_IsHalted()
TE8C4 223:744.608 - 0.305ms returns FALSE
TE8C4 223:853.216 JLINK_IsHalted()
TE8C4 223:853.616 - 0.427ms returns FALSE
TE8C4 223:853.696 JLINK_IsHalted()
TE8C4 223:853.984 - 0.277ms returns FALSE
TE8C4 223:963.232 JLINK_IsHalted()
TE8C4 223:963.856 - 0.610ms returns FALSE
TE8C4 223:964.000 JLINK_IsHalted()
TE8C4 223:964.368 - 0.358ms returns FALSE
T5FB0 224:022.240 JLINK_IsHalted()
T5FB0 224:022.752 - 0.513ms returns FALSE
T5FB0 224:022.912 JLINK_IsHalted()
T5FB0 224:023.344 - 0.441ms returns FALSE
TE8C4 224:072.160 JLINK_IsHalted()
TE8C4 224:072.736 - 0.578ms returns FALSE
TE8C4 224:072.864 JLINK_IsHalted()
TE8C4 224:073.264 - 0.400ms returns FALSE
TE8C4 224:181.296 JLINK_IsHalted()
TE8C4 224:181.808 - 0.510ms returns FALSE
TE8C4 224:181.856 JLINK_IsHalted()
TE8C4 224:182.144 - 0.280ms returns FALSE
TE8C4 224:291.408 JLINK_IsHalted()
TE8C4 224:291.936 - 0.541ms returns FALSE
TE8C4 224:292.096 JLINK_IsHalted()
TE8C4 224:292.576 - 0.475ms returns FALSE
TE8C4 224:400.336 JLINK_IsHalted()
TE8C4 224:400.896 - 0.579ms returns FALSE
TE8C4 224:401.056 JLINK_IsHalted()
TE8C4 224:401.456 - 0.384ms returns FALSE
TE8C4 224:509.392 JLINK_IsHalted()
TE8C4 224:509.904 - 0.509ms returns FALSE
TE8C4 224:510.032 JLINK_IsHalted()
TE8C4 224:510.464 - 0.432ms returns FALSE
TE8C4 224:618.848 JLINK_IsHalted()
TE8C4 224:619.312 - 0.461ms returns FALSE
TE8C4 224:619.360 JLINK_IsHalted()
TE8C4 224:619.696 - 0.336ms returns FALSE
TE8C4 224:729.168 JLINK_IsHalted()
TE8C4 224:729.728 - 0.562ms returns FALSE
TE8C4 224:729.904 JLINK_IsHalted()
TE8C4 224:730.368 - 0.470ms returns FALSE
TE8C4 224:837.472 JLINK_IsHalted()
TE8C4 224:837.856 - 0.385ms returns FALSE
TE8C4 224:837.920 JLINK_IsHalted()
TE8C4 224:838.224 - 0.295ms returns FALSE
TE8C4 224:947.456 JLINK_IsHalted()
TE8C4 224:947.888 - 0.450ms returns FALSE
TE8C4 224:947.968 JLINK_IsHalted()
TE8C4 224:948.384 - 0.398ms returns FALSE
T5FB0 225:024.352 JLINK_IsHalted()
T5FB0 225:024.896 - 0.527ms returns FALSE
T5FB0 225:025.568 JLINK_IsHalted()
T5FB0 225:025.888 - 0.335ms returns FALSE
TE8C4 225:056.992 JLINK_IsHalted()
TE8C4 225:057.568 - 0.560ms returns FALSE
TE8C4 225:057.632 JLINK_IsHalted()
TE8C4 225:058.016 - 0.376ms returns FALSE
TE8C4 225:166.176 JLINK_IsHalted()
TE8C4 225:166.624 - 0.431ms returns FALSE
TE8C4 225:166.768 JLINK_IsHalted()
TE8C4 225:167.104 - 0.344ms returns FALSE
TE8C4 225:275.168 JLINK_IsHalted()
TE8C4 225:276.032 - 0.884ms returns FALSE
TE8C4 225:276.160 JLINK_IsHalted()
TE8C4 225:276.464 - 0.296ms returns FALSE
TE8C4 225:384.704 JLINK_IsHalted()
TE8C4 225:385.168 - 0.449ms returns FALSE
TE8C4 225:385.312 JLINK_IsHalted()
TE8C4 225:385.648 - 0.344ms returns FALSE
TE8C4 225:494.352 JLINK_IsHalted()
TE8C4 225:494.736 - 0.383ms returns FALSE
TE8C4 225:494.832 JLINK_IsHalted()
TE8C4 225:495.136 - 0.316ms returns FALSE
TE8C4 225:603.104 JLINK_IsHalted()
TE8C4 225:603.536 - 0.422ms returns FALSE
TE8C4 225:603.664 JLINK_IsHalted()
TE8C4 225:604.064 - 0.411ms returns FALSE
TE8C4 225:712.432 JLINK_IsHalted()
TE8C4 225:712.944 - 0.506ms returns FALSE
TE8C4 225:713.056 JLINK_IsHalted()
TE8C4 225:713.408 - 0.362ms returns FALSE
TE8C4 225:822.080 JLINK_IsHalted()
TE8C4 225:822.800 - 0.706ms returns FALSE
TE8C4 225:822.944 JLINK_IsHalted()
TE8C4 225:823.312 - 0.355ms returns FALSE
TE8C4 225:931.552 JLINK_IsHalted()
TE8C4 225:932.112 - 0.569ms returns FALSE
TE8C4 225:932.256 JLINK_IsHalted()
TE8C4 225:932.672 - 0.408ms returns FALSE
T5FB0 226:027.040 JLINK_IsHalted()
T5FB0 226:027.440 - 0.406ms returns FALSE
T5FB0 226:027.488 JLINK_IsHalted()
T5FB0 226:027.776 - 0.267ms returns FALSE
TE8C4 226:040.736 JLINK_IsHalted()
TE8C4 226:041.040 - 0.314ms returns FALSE
TE8C4 226:041.088 JLINK_IsHalted()
TE8C4 226:041.312 - 0.227ms returns FALSE
TE8C4 226:149.856 JLINK_IsHalted()
TE8C4 226:150.496 - 0.639ms returns FALSE
TE8C4 226:150.688 JLINK_IsHalted()
TE8C4 226:151.072 - 0.388ms returns FALSE
TE8C4 226:260.176 JLINK_IsHalted()
TE8C4 226:260.784 - 0.601ms returns FALSE
TE8C4 226:260.960 JLINK_IsHalted()
TE8C4 226:261.408 - 0.430ms returns FALSE
TE8C4 226:369.152 JLINK_IsHalted()
TE8C4 226:369.616 - 0.459ms returns FALSE
TE8C4 226:369.744 JLINK_IsHalted()
TE8C4 226:370.096 - 0.346ms returns FALSE
TE8C4 226:478.032 JLINK_IsHalted()
TE8C4 226:478.512 - 0.483ms returns FALSE
TE8C4 226:478.624 JLINK_IsHalted()
TE8C4 226:478.928 - 0.295ms returns FALSE
TE8C4 226:588.288 JLINK_IsHalted()
TE8C4 226:588.800 - 0.496ms returns FALSE
TE8C4 226:588.896 JLINK_IsHalted()
TE8C4 226:589.264 - 0.374ms returns FALSE
TE8C4 226:697.248 JLINK_IsHalted()
TE8C4 226:697.856 - 0.600ms returns FALSE
TE8C4 226:698.016 JLINK_IsHalted()
TE8C4 226:698.400 - 0.380ms returns FALSE
TE8C4 226:806.320 JLINK_IsHalted()
TE8C4 226:806.752 - 0.452ms returns FALSE
TE8C4 226:806.864 JLINK_IsHalted()
TE8C4 226:807.120 - 0.263ms returns FALSE
TE8C4 226:915.552 JLINK_IsHalted()
TE8C4 226:915.936 - 0.378ms returns FALSE
TE8C4 226:916.016 JLINK_IsHalted()
TE8C4 226:916.320 - 0.298ms returns FALSE
TE8C4 227:025.760 JLINK_IsHalted()
TE8C4 227:026.256 - 0.483ms returns FALSE
TE8C4 227:026.336 JLINK_IsHalted()
TE8C4 227:026.688 - 0.350ms returns FALSE
T5FB0 227:030.064 JLINK_IsHalted()
T5FB0 227:030.496 - 0.443ms returns FALSE
T5FB0 227:030.576 JLINK_IsHalted()
T5FB0 227:030.912 - 0.339ms returns FALSE
TE8C4 227:134.688 JLINK_IsHalted()
TE8C4 227:135.280 - 0.577ms returns FALSE
TE8C4 227:135.440 JLINK_IsHalted()
TE8C4 227:135.824 - 0.386ms returns FALSE
TE8C4 227:243.680 JLINK_IsHalted()
TE8C4 227:244.336 - 0.657ms returns FALSE
TE8C4 227:244.832 JLINK_IsHalted()
TE8C4 227:245.472 - 0.648ms returns FALSE
TE8C4 227:353.344 JLINK_IsHalted()
TE8C4 227:353.728 - 0.391ms returns FALSE
TE8C4 227:353.808 JLINK_IsHalted()
TE8C4 227:354.080 - 0.283ms returns FALSE
TE8C4 227:462.960 JLINK_IsHalted()
TE8C4 227:463.376 - 0.422ms returns FALSE
TE8C4 227:463.456 JLINK_IsHalted()
TE8C4 227:463.728 - 0.280ms returns FALSE
TE8C4 227:573.120 JLINK_IsHalted()
TE8C4 227:573.584 - 0.446ms returns FALSE
TE8C4 227:573.632 JLINK_IsHalted()
TE8C4 227:573.920 - 0.274ms returns FALSE
TE8C4 227:681.632 JLINK_IsHalted()
TE8C4 227:682.336 - 0.695ms returns FALSE
TE8C4 227:682.464 JLINK_IsHalted()
TE8C4 227:682.848 - 0.366ms returns FALSE
TE8C4 227:790.816 JLINK_IsHalted()
TE8C4 227:791.264 - 0.456ms returns FALSE
TE8C4 227:791.408 JLINK_IsHalted()
TE8C4 227:791.920 - 0.517ms returns FALSE
TE8C4 227:900.496 JLINK_IsHalted()
TE8C4 227:901.024 - 0.525ms returns FALSE
TE8C4 227:901.088 JLINK_IsHalted()
TE8C4 227:901.360 - 0.277ms returns FALSE
TE8C4 228:009.568 JLINK_IsHalted()
TE8C4 228:010.032 - 0.450ms returns FALSE
TE8C4 228:010.112 JLINK_IsHalted()
TE8C4 228:010.400 - 0.278ms returns FALSE
T5FB0 228:032.176 JLINK_IsHalted()
T5FB0 228:032.544 - 0.335ms returns FALSE
T5FB0 228:032.592 JLINK_IsHalted()
T5FB0 228:032.864 - 0.277ms returns FALSE
TE8C4 228:119.424 JLINK_IsHalted()
TE8C4 228:119.776 - 0.373ms returns FALSE
TE8C4 228:119.856 JLINK_IsHalted()
TE8C4 228:120.144 - 0.284ms returns FALSE
TE8C4 228:228.736 JLINK_IsHalted()
TE8C4 228:229.408 - 0.674ms returns FALSE
TE8C4 228:229.472 JLINK_IsHalted()
TE8C4 228:229.792 - 0.298ms returns FALSE
TE8C4 228:337.888 JLINK_IsHalted()
TE8C4 228:338.400 - 0.500ms returns FALSE
TE8C4 228:338.560 JLINK_IsHalted()
TE8C4 228:338.944 - 0.385ms returns FALSE
TE8C4 228:447.152 JLINK_IsHalted()
TE8C4 228:447.568 - 0.406ms returns FALSE
TE8C4 228:447.648 JLINK_IsHalted()
TE8C4 228:447.920 - 0.289ms returns FALSE
TE8C4 228:556.240 JLINK_IsHalted()
TE8C4 228:556.672 - 0.429ms returns FALSE
TE8C4 228:556.752 JLINK_IsHalted()
TE8C4 228:557.056 - 0.304ms returns FALSE
TE8C4 228:666.208 JLINK_IsHalted()
TE8C4 228:666.832 - 0.593ms returns FALSE
TE8C4 228:666.960 JLINK_IsHalted()
TE8C4 228:667.312 - 0.362ms returns FALSE
TE8C4 228:775.376 JLINK_IsHalted()
TE8C4 228:775.760 - 0.384ms returns FALSE
TE8C4 228:775.808 JLINK_IsHalted()
TE8C4 228:776.112 - 0.320ms returns FALSE
TE8C4 228:884.704 JLINK_IsHalted()
TE8C4 228:885.296 - 0.584ms returns FALSE
TE8C4 228:885.408 JLINK_IsHalted()
TE8C4 228:885.856 - 0.459ms returns FALSE
TE8C4 228:993.712 JLINK_IsHalted()
TE8C4 228:994.048 - 0.334ms returns FALSE
TE8C4 228:994.080 JLINK_IsHalted()
TE8C4 228:994.352 - 0.262ms returns FALSE
T5FB0 229:034.592 JLINK_IsHalted()
T5FB0 229:035.168 - 0.570ms returns FALSE
T5FB0 229:035.232 JLINK_IsHalted()
T5FB0 229:035.600 - 0.360ms returns FALSE
TE8C4 229:103.024 JLINK_IsHalted()
TE8C4 229:103.568 - 0.533ms returns FALSE
TE8C4 229:103.616 JLINK_IsHalted()
TE8C4 229:103.904 - 0.285ms returns FALSE
TE8C4 229:212.576 JLINK_IsHalted()
TE8C4 229:212.976 - 0.389ms returns FALSE
TE8C4 229:213.024 JLINK_IsHalted()
TE8C4 229:213.344 - 0.288ms returns FALSE
TE8C4 229:322.016 JLINK_IsHalted()
TE8C4 229:323.168 - 1.157ms returns FALSE
TE8C4 229:323.360 JLINK_IsHalted()
TE8C4 229:324.624 - 1.242ms returns FALSE
TE8C4 229:431.648 JLINK_IsHalted()
TE8C4 229:432.064 - 0.416ms returns FALSE
TE8C4 229:432.160 JLINK_IsHalted()
TE8C4 229:432.496 - 0.328ms returns FALSE
TE8C4 229:540.944 JLINK_IsHalted()
TE8C4 229:544.224 - 3.270ms returns FALSE
TE8C4 229:544.320 JLINK_IsHalted()
TE8C4 229:544.752 - 0.422ms returns FALSE
TE8C4 229:650.992 JLINK_IsHalted()
TE8C4 229:651.456 - 0.464ms returns FALSE
TE8C4 229:651.584 JLINK_IsHalted()
TE8C4 229:651.920 - 0.318ms returns FALSE
TE8C4 229:759.456 JLINK_IsHalted()
TE8C4 229:760.000 - 0.528ms returns FALSE
TE8C4 229:760.080 JLINK_IsHalted()
TE8C4 229:760.352 - 0.277ms returns FALSE
TE8C4 229:869.184 JLINK_IsHalted()
TE8C4 229:869.648 - 0.458ms returns FALSE
TE8C4 229:869.792 JLINK_IsHalted()
TE8C4 229:870.160 - 0.367ms returns FALSE
TE8C4 229:978.464 JLINK_IsHalted()
TE8C4 229:979.056 - 0.601ms returns FALSE
TE8C4 229:979.232 JLINK_IsHalted()
TE8C4 229:979.568 - 0.327ms returns FALSE
T5FB0 230:036.960 JLINK_IsHalted()
T5FB0 230:037.424 - 0.457ms returns FALSE
T5FB0 230:037.536 JLINK_IsHalted()
T5FB0 230:037.840 - 0.308ms returns FALSE
TE8C4 230:088.288 JLINK_IsHalted()
TE8C4 230:088.752 - 0.457ms returns FALSE
TE8C4 230:088.880 JLINK_IsHalted()
TE8C4 230:089.216 - 0.312ms returns FALSE
TE8C4 230:197.248 JLINK_IsHalted()
TE8C4 230:197.600 - 0.362ms returns FALSE
TE8C4 230:197.728 JLINK_IsHalted()
TE8C4 230:198.016 - 0.276ms returns FALSE
TE8C4 230:306.512 JLINK_IsHalted()
TE8C4 230:306.992 - 0.469ms returns FALSE
TE8C4 230:307.152 JLINK_IsHalted()
TE8C4 230:307.552 - 0.409ms returns FALSE
TE8C4 230:416.288 JLINK_IsHalted()
TE8C4 230:416.736 - 0.443ms returns FALSE
TE8C4 230:416.896 JLINK_IsHalted()
TE8C4 230:417.328 - 0.430ms returns FALSE
TE8C4 230:524.752 JLINK_IsHalted()
TE8C4 230:525.136 - 0.371ms returns FALSE
TE8C4 230:525.184 JLINK_IsHalted()
TE8C4 230:525.488 - 0.315ms returns FALSE
TE8C4 230:634.208 JLINK_IsHalted()
TE8C4 230:634.672 - 0.454ms returns FALSE
TE8C4 230:634.784 JLINK_IsHalted()
TE8C4 230:635.184 - 0.393ms returns FALSE
TE8C4 230:744.112 JLINK_IsHalted()
TE8C4 230:744.576 - 0.469ms returns FALSE
TE8C4 230:744.672 JLINK_IsHalted()
TE8C4 230:744.992 - 0.295ms returns FALSE
TE8C4 230:853.808 JLINK_IsHalted()
TE8C4 230:854.320 - 0.493ms returns FALSE
TE8C4 230:854.400 JLINK_IsHalted()
TE8C4 230:854.736 - 0.334ms returns FALSE
TE8C4 230:962.912 JLINK_IsHalted()
TE8C4 230:963.328 - 0.420ms returns FALSE
TE8C4 230:963.408 JLINK_IsHalted()
TE8C4 230:963.760 - 0.363ms returns FALSE
T5FB0 231:039.456 JLINK_IsHalted()
T5FB0 231:040.000 - 0.536ms returns FALSE
T5FB0 231:040.208 JLINK_IsHalted()
T5FB0 231:040.560 - 0.368ms returns FALSE
TE8C4 231:072.032 JLINK_IsHalted()
TE8C4 231:072.464 - 0.430ms returns FALSE
TE8C4 231:072.544 JLINK_IsHalted()
TE8C4 231:072.896 - 0.352ms returns FALSE
TE8C4 231:181.440 JLINK_IsHalted()
TE8C4 231:181.920 - 0.497ms returns FALSE
TE8C4 231:182.080 JLINK_IsHalted()
TE8C4 231:182.496 - 0.416ms returns FALSE
TE8C4 231:290.800 JLINK_IsHalted()
TE8C4 231:291.424 - 0.617ms returns FALSE
TE8C4 231:291.600 JLINK_IsHalted()
TE8C4 231:293.744 - 2.152ms returns FALSE
TE8C4 231:400.224 JLINK_IsHalted()
TE8C4 231:400.672 - 0.462ms returns FALSE
TE8C4 231:400.864 JLINK_IsHalted()
TE8C4 231:401.216 - 0.358ms returns FALSE
TE8C4 231:509.888 JLINK_IsHalted()
TE8C4 231:510.240 - 0.363ms returns FALSE
TE8C4 231:510.320 JLINK_IsHalted()
TE8C4 231:510.656 - 0.334ms returns FALSE
TE8C4 231:618.944 JLINK_IsHalted()
TE8C4 231:619.360 - 0.422ms returns FALSE
TE8C4 231:619.424 JLINK_IsHalted()
TE8C4 231:619.744 - 0.299ms returns FALSE
TE8C4 231:728.768 JLINK_IsHalted()
TE8C4 231:729.568 - 0.799ms returns FALSE
TE8C4 231:729.744 JLINK_IsHalted()
TE8C4 231:730.176 - 0.432ms returns FALSE
TE8C4 231:837.520 JLINK_IsHalted()
TE8C4 231:837.904 - 0.390ms returns FALSE
TE8C4 231:838.000 JLINK_IsHalted()
TE8C4 231:838.416 - 0.409ms returns FALSE
TE8C4 231:947.600 JLINK_IsHalted()
TE8C4 231:948.160 - 0.561ms returns FALSE
TE8C4 231:948.320 JLINK_IsHalted()
TE8C4 231:948.800 - 0.480ms returns FALSE
T5FB0 232:042.208 JLINK_IsHalted()
T5FB0 232:042.656 - 0.437ms returns FALSE
T5FB0 232:042.704 JLINK_IsHalted()
T5FB0 232:043.008 - 0.286ms returns FALSE
TE8C4 232:056.544 JLINK_IsHalted()
TE8C4 232:057.040 - 0.498ms returns FALSE
TE8C4 232:057.120 JLINK_IsHalted()
TE8C4 232:057.392 - 0.289ms returns FALSE
TE8C4 232:166.272 JLINK_IsHalted()
TE8C4 232:168.400 - 2.118ms returns FALSE
TE8C4 232:168.496 JLINK_IsHalted()
TE8C4 232:168.752 - 0.253ms returns FALSE
TE8C4 232:275.104 JLINK_IsHalted()
TE8C4 232:275.744 - 0.650ms returns FALSE
TE8C4 232:275.872 JLINK_IsHalted()
TE8C4 232:276.304 - 0.424ms returns FALSE
TE8C4 232:384.768 JLINK_IsHalted()
TE8C4 232:385.248 - 0.485ms returns FALSE
TE8C4 232:385.360 JLINK_IsHalted()
TE8C4 232:385.696 - 0.321ms returns FALSE
TE8C4 232:494.944 JLINK_IsHalted()
TE8C4 232:495.904 - 0.926ms returns FALSE
TE8C4 232:496.416 JLINK_IsHalted()
TE8C4 232:498.272 - 1.855ms returns FALSE
TE8C4 232:603.744 JLINK_IsHalted()
TE8C4 232:604.128 - 0.390ms returns FALSE
TE8C4 232:604.240 JLINK_IsHalted()
TE8C4 232:604.576 - 0.325ms returns FALSE
TE8C4 232:713.056 JLINK_IsHalted()
TE8C4 232:713.424 - 0.363ms returns FALSE
TE8C4 232:713.472 JLINK_IsHalted()
TE8C4 232:713.760 - 0.302ms returns FALSE
TE8C4 232:822.304 JLINK_IsHalted()
TE8C4 232:822.752 - 0.453ms returns FALSE
TE8C4 232:822.832 JLINK_IsHalted()
TE8C4 232:823.120 - 0.281ms returns FALSE
TE8C4 232:931.920 JLINK_IsHalted()
TE8C4 232:932.352 - 0.445ms returns FALSE
TE8C4 232:932.448 JLINK_IsHalted()
TE8C4 232:932.864 - 0.408ms returns FALSE
TE8C4 233:040.544 JLINK_IsHalted()
TE8C4 233:040.992 - 0.468ms returns FALSE
TE8C4 233:041.056 JLINK_IsHalted()
TE8C4 233:041.328 - 0.259ms returns FALSE
T5FB0 233:043.920 JLINK_IsHalted()
T5FB0 233:044.320 - 0.402ms returns FALSE
T5FB0 233:044.432 JLINK_IsHalted()
T5FB0 233:044.816 - 0.383ms returns FALSE
TE8C4 233:150.592 JLINK_IsHalted()
TE8C4 233:151.024 - 0.424ms returns FALSE
TE8C4 233:151.072 JLINK_IsHalted()
TE8C4 233:151.392 - 0.295ms returns FALSE
TE8C4 233:259.312 JLINK_IsHalted()
TE8C4 233:259.744 - 0.436ms returns FALSE
TE8C4 233:259.824 JLINK_IsHalted()
TE8C4 233:260.112 - 0.263ms returns FALSE
TE8C4 233:368.784 JLINK_IsHalted()
TE8C4 233:369.248 - 0.470ms returns FALSE
TE8C4 233:369.312 JLINK_IsHalted()
TE8C4 233:369.568 - 0.270ms returns FALSE
TE8C4 233:478.560 JLINK_IsHalted()
TE8C4 233:479.760 - 1.198ms returns FALSE
TE8C4 233:479.888 JLINK_IsHalted()
TE8C4 233:480.160 - 0.294ms returns FALSE
TE8C4 233:588.000 JLINK_IsHalted()
TE8C4 233:588.448 - 0.462ms returns FALSE
TE8C4 233:588.512 JLINK_IsHalted()
TE8C4 233:588.816 - 0.282ms returns FALSE
TE8C4 233:696.896 JLINK_IsHalted()
TE8C4 233:697.232 - 0.344ms returns FALSE
TE8C4 233:697.280 JLINK_IsHalted()
TE8C4 233:697.584 - 0.295ms returns FALSE
TE8C4 233:806.176 JLINK_IsHalted()
TE8C4 233:806.560 - 0.394ms returns FALSE
TE8C4 233:806.624 JLINK_IsHalted()
TE8C4 233:806.928 - 0.310ms returns FALSE
TE8C4 233:915.936 JLINK_IsHalted()
TE8C4 233:916.384 - 0.461ms returns FALSE
TE8C4 233:916.496 JLINK_IsHalted()
TE8C4 233:916.896 - 0.399ms returns FALSE
TE8C4 234:025.504 JLINK_IsHalted()
TE8C4 234:025.904 - 0.427ms returns FALSE
TE8C4 234:026.016 JLINK_IsHalted()
TE8C4 234:026.416 - 0.404ms returns FALSE
T5FB0 234:046.816 JLINK_IsHalted()
T5FB0 234:047.152 - 0.330ms returns FALSE
T5FB0 234:047.184 JLINK_IsHalted()
T5FB0 234:047.408 - 0.227ms returns FALSE
TE8C4 234:134.608 JLINK_IsHalted()
TE8C4 234:134.944 - 0.337ms returns FALSE
TE8C4 234:134.992 JLINK_IsHalted()
TE8C4 234:135.216 - 0.237ms returns FALSE
TE8C4 234:243.920 JLINK_IsHalted()
TE8C4 234:244.304 - 0.395ms returns FALSE
TE8C4 234:244.352 JLINK_IsHalted()
TE8C4 234:244.640 - 0.279ms returns FALSE
TE8C4 234:353.360 JLINK_IsHalted()
TE8C4 234:353.760 - 0.417ms returns FALSE
TE8C4 234:353.840 JLINK_IsHalted()
TE8C4 234:354.208 - 0.357ms returns FALSE
TE8C4 234:462.640 JLINK_IsHalted()
TE8C4 234:463.136 - 0.486ms returns FALSE
TE8C4 234:463.184 JLINK_IsHalted()
TE8C4 234:463.520 - 0.315ms returns FALSE
TE8C4 234:572.208 JLINK_IsHalted()
TE8C4 234:572.624 - 0.413ms returns FALSE
TE8C4 234:572.720 JLINK_IsHalted()
TE8C4 234:573.056 - 0.332ms returns FALSE
TE8C4 234:681.088 JLINK_IsHalted()
TE8C4 234:681.504 - 0.418ms returns FALSE
TE8C4 234:681.600 JLINK_IsHalted()
TE8C4 234:681.936 - 0.321ms returns FALSE
TE8C4 234:791.200 JLINK_IsHalted()
TE8C4 234:791.600 - 0.400ms returns FALSE
TE8C4 234:791.648 JLINK_IsHalted()
TE8C4 234:791.968 - 0.300ms returns FALSE
TE8C4 234:900.176 JLINK_IsHalted()
TE8C4 234:900.560 - 0.384ms returns FALSE
TE8C4 234:900.608 JLINK_IsHalted()
TE8C4 234:900.912 - 0.293ms returns FALSE
TE8C4 235:009.952 JLINK_IsHalted()
TE8C4 235:010.432 - 0.485ms returns FALSE
TE8C4 235:010.480 JLINK_IsHalted()
TE8C4 235:010.768 - 0.278ms returns FALSE
T5FB0 235:049.184 JLINK_IsHalted()
T5FB0 235:049.520 - 0.339ms returns FALSE
T5FB0 235:049.568 JLINK_IsHalted()
T5FB0 235:049.776 - 0.222ms returns FALSE
TE8C4 235:118.752 JLINK_IsHalted()
TE8C4 235:119.232 - 0.485ms returns FALSE
TE8C4 235:119.408 JLINK_IsHalted()
TE8C4 235:119.840 - 0.450ms returns FALSE
TE8C4 235:228.880 JLINK_IsHalted()
TE8C4 235:229.984 - 1.111ms returns FALSE
TE8C4 235:230.080 JLINK_IsHalted()
TE8C4 235:230.432 - 0.354ms returns FALSE
TE8C4 235:337.888 JLINK_IsHalted()
TE8C4 235:338.320 - 0.437ms returns FALSE
TE8C4 235:338.448 JLINK_IsHalted()
TE8C4 235:338.832 - 0.360ms returns FALSE
TE8C4 235:447.600 JLINK_IsHalted()
TE8C4 235:448.016 - 0.408ms returns FALSE
TE8C4 235:448.112 JLINK_IsHalted()
TE8C4 235:448.416 - 0.314ms returns FALSE
TE8C4 235:557.408 JLINK_IsHalted()
TE8C4 235:557.808 - 0.409ms returns FALSE
TE8C4 235:557.920 JLINK_IsHalted()
TE8C4 235:558.240 - 0.345ms returns FALSE
TE8C4 235:665.888 JLINK_IsHalted()
TE8C4 235:666.224 - 0.321ms returns FALSE
TE8C4 235:666.272 JLINK_IsHalted()
TE8C4 235:666.560 - 0.286ms returns FALSE
TE8C4 235:774.944 JLINK_IsHalted()
TE8C4 235:775.328 - 0.385ms returns FALSE
TE8C4 235:775.360 JLINK_IsHalted()
TE8C4 235:775.744 - 0.367ms returns FALSE
TE8C4 235:884.512 JLINK_IsHalted()
TE8C4 235:884.976 - 0.455ms returns FALSE
TE8C4 235:885.056 JLINK_IsHalted()
TE8C4 235:885.344 - 0.282ms returns FALSE
TE8C4 235:994.464 JLINK_IsHalted()
TE8C4 235:994.784 - 0.321ms returns FALSE
TE8C4 235:994.832 JLINK_IsHalted()
TE8C4 235:995.056 - 0.244ms returns FALSE
T5FB0 236:050.912 JLINK_IsHalted()
T5FB0 236:051.376 - 0.443ms returns FALSE
T5FB0 236:051.456 JLINK_IsHalted()
T5FB0 236:051.792 - 0.315ms returns FALSE
TE8C4 236:104.240 JLINK_IsHalted()
TE8C4 236:104.832 - 0.596ms returns FALSE
TE8C4 236:104.960 JLINK_IsHalted()
TE8C4 236:105.184 - 0.235ms returns FALSE
TE8C4 236:212.656 JLINK_IsHalted()
TE8C4 236:213.072 - 0.410ms returns FALSE
TE8C4 236:213.200 JLINK_IsHalted()
TE8C4 236:213.584 - 0.372ms returns FALSE
TE8C4 236:321.952 JLINK_IsHalted()
TE8C4 236:322.432 - 0.492ms returns FALSE
TE8C4 236:322.592 JLINK_IsHalted()
TE8C4 236:322.976 - 0.359ms returns FALSE
TE8C4 236:431.536 JLINK_IsHalted()
TE8C4 236:431.968 - 0.447ms returns FALSE
TE8C4 236:432.128 JLINK_IsHalted()
TE8C4 236:432.480 - 0.362ms returns FALSE
TE8C4 236:541.280 JLINK_IsHalted()
TE8C4 236:541.744 - 0.480ms returns FALSE
TE8C4 236:541.824 JLINK_IsHalted()
TE8C4 236:542.112 - 0.274ms returns FALSE
TE8C4 236:650.752 JLINK_IsHalted()
TE8C4 236:651.264 - 0.496ms returns FALSE
TE8C4 236:651.392 JLINK_IsHalted()
TE8C4 236:651.872 - 0.476ms returns FALSE
TE8C4 236:760.096 JLINK_IsHalted()
TE8C4 236:760.608 - 0.500ms returns FALSE
TE8C4 236:760.736 JLINK_IsHalted()
TE8C4 236:761.040 - 0.315ms returns FALSE
TE8C4 236:868.816 JLINK_IsHalted()
TE8C4 236:869.200 - 0.389ms returns FALSE
TE8C4 236:869.280 JLINK_IsHalted()
TE8C4 236:869.552 - 0.279ms returns FALSE
TE8C4 236:978.352 JLINK_IsHalted()
TE8C4 236:978.688 - 0.340ms returns FALSE
TE8C4 236:978.768 JLINK_IsHalted()
TE8C4 236:979.040 - 0.266ms returns FALSE
T5FB0 237:053.952 JLINK_IsHalted()
T5FB0 237:054.368 - 0.407ms returns FALSE
T5FB0 237:054.432 JLINK_IsHalted()
T5FB0 237:054.688 - 0.272ms returns FALSE
TE8C4 237:088.224 JLINK_IsHalted()
TE8C4 237:088.720 - 0.480ms returns FALSE
TE8C4 237:088.816 JLINK_IsHalted()
TE8C4 237:089.232 - 0.409ms returns FALSE
TE8C4 237:197.216 JLINK_IsHalted()
TE8C4 237:197.664 - 0.440ms returns FALSE
TE8C4 237:197.744 JLINK_IsHalted()
TE8C4 237:198.080 - 0.334ms returns FALSE
TE8C4 237:306.208 JLINK_IsHalted()
TE8C4 237:306.704 - 0.470ms returns FALSE
TE8C4 237:306.784 JLINK_IsHalted()
TE8C4 237:307.104 - 0.328ms returns FALSE
TE8C4 237:416.224 JLINK_IsHalted()
TE8C4 237:416.576 - 0.354ms returns FALSE
TE8C4 237:416.624 JLINK_IsHalted()
TE8C4 237:416.912 - 0.271ms returns FALSE
TE8C4 237:525.792 JLINK_IsHalted()
TE8C4 237:526.304 - 0.502ms returns FALSE
TE8C4 237:526.400 JLINK_IsHalted()
TE8C4 237:526.736 - 0.340ms returns FALSE
TE8C4 237:634.272 JLINK_IsHalted()
TE8C4 237:634.848 - 0.553ms returns FALSE
TE8C4 237:634.976 JLINK_IsHalted()
TE8C4 237:635.424 - 0.442ms returns FALSE
TE8C4 237:744.096 JLINK_IsHalted()
TE8C4 237:744.512 - 0.425ms returns FALSE
TE8C4 237:744.592 JLINK_IsHalted()
TE8C4 237:745.360 - 0.767ms returns FALSE
TE8C4 237:853.344 JLINK_IsHalted()
TE8C4 237:853.872 - 0.542ms returns FALSE
TE8C4 237:854.032 JLINK_IsHalted()
TE8C4 237:854.464 - 0.450ms returns FALSE
TE8C4 237:962.704 JLINK_IsHalted()
TE8C4 237:963.136 - 0.457ms returns FALSE
TE8C4 237:963.232 JLINK_IsHalted()
TE8C4 237:963.552 - 0.301ms returns FALSE
T5FB0 238:056.496 JLINK_IsHalted()
T5FB0 238:057.040 - 0.525ms returns FALSE
T5FB0 238:057.184 JLINK_IsHalted()
T5FB0 238:057.568 - 0.377ms returns FALSE
TE8C4 238:073.136 JLINK_IsHalted()
TE8C4 238:073.504 - 0.355ms returns FALSE
TE8C4 238:073.552 JLINK_IsHalted()
TE8C4 238:073.824 - 0.283ms returns FALSE
TE8C4 238:181.536 JLINK_IsHalted()
TE8C4 238:182.016 - 0.488ms returns FALSE
TE8C4 238:182.112 JLINK_IsHalted()
TE8C4 238:182.560 - 0.429ms returns FALSE
TE8C4 238:291.872 JLINK_IsHalted()
TE8C4 238:292.432 - 0.552ms returns FALSE
TE8C4 238:292.560 JLINK_IsHalted()
TE8C4 238:292.992 - 0.428ms returns FALSE
TE8C4 238:400.464 JLINK_IsHalted()
TE8C4 238:400.848 - 0.384ms returns FALSE
TE8C4 238:400.944 JLINK_IsHalted()
TE8C4 238:401.312 - 0.370ms returns FALSE
TE8C4 238:509.776 JLINK_IsHalted()
TE8C4 238:510.336 - 0.560ms returns FALSE
TE8C4 238:510.464 JLINK_IsHalted()
TE8C4 238:510.768 - 0.321ms returns FALSE
TE8C4 238:618.912 JLINK_IsHalted()
TE8C4 238:619.296 - 0.384ms returns FALSE
TE8C4 238:619.344 JLINK_IsHalted()
TE8C4 238:619.856 - 0.515ms returns FALSE
TE8C4 238:729.056 JLINK_IsHalted()
TE8C4 238:730.016 - 0.938ms returns FALSE
TE8C4 238:730.080 JLINK_IsHalted()
TE8C4 238:730.368 - 0.270ms returns FALSE
TE8C4 238:838.624 JLINK_IsHalted()
TE8C4 238:839.088 - 0.458ms returns FALSE
TE8C4 238:839.200 JLINK_IsHalted()
TE8C4 238:839.584 - 0.395ms returns FALSE
TE8C4 238:946.976 JLINK_IsHalted()
TE8C4 238:947.408 - 0.441ms returns FALSE
TE8C4 238:947.488 JLINK_IsHalted()
TE8C4 238:947.792 - 0.306ms returns FALSE
TE8C4 239:056.128 JLINK_IsHalted()
TE8C4 239:056.640 - 0.512ms returns FALSE
TE8C4 239:056.720 JLINK_IsHalted()
TE8C4 239:057.056 - 0.327ms returns FALSE
T5FB0 239:059.040 JLINK_IsHalted()
T5FB0 239:059.360 - 0.292ms returns FALSE
T5FB0 239:059.424 JLINK_IsHalted()
T5FB0 239:059.712 - 0.274ms returns FALSE
TE8C4 239:166.176 JLINK_IsHalted()
TE8C4 239:166.624 - 0.428ms returns FALSE
TE8C4 239:166.720 JLINK_IsHalted()
TE8C4 239:167.056 - 0.319ms returns FALSE
TE8C4 239:275.104 JLINK_IsHalted()
TE8C4 239:275.808 - 0.697ms returns FALSE
TE8C4 239:275.952 JLINK_IsHalted()
TE8C4 239:276.384 - 0.422ms returns FALSE
TE8C4 239:384.608 JLINK_IsHalted()
TE8C4 239:385.040 - 0.424ms returns FALSE
TE8C4 239:385.168 JLINK_IsHalted()
TE8C4 239:385.600 - 0.435ms returns FALSE
TE8C4 239:494.144 JLINK_IsHalted()
TE8C4 239:494.608 - 0.486ms returns FALSE
TE8C4 239:494.688 JLINK_IsHalted()
TE8C4 239:494.960 - 0.293ms returns FALSE
TE8C4 239:603.408 JLINK_IsHalted()
TE8C4 239:603.792 - 0.364ms returns FALSE
TE8C4 239:603.840 JLINK_IsHalted()
TE8C4 239:604.128 - 0.284ms returns FALSE
TE8C4 239:712.896 JLINK_IsHalted()
TE8C4 239:713.360 - 0.448ms returns FALSE
TE8C4 239:713.408 JLINK_IsHalted()
TE8C4 239:713.696 - 0.293ms returns FALSE
TE8C4 239:822.544 JLINK_IsHalted()
TE8C4 239:822.976 - 0.435ms returns FALSE
TE8C4 239:823.024 JLINK_IsHalted()
TE8C4 239:823.328 - 0.293ms returns FALSE
TE8C4 239:931.856 JLINK_IsHalted()
TE8C4 239:932.240 - 0.394ms returns FALSE
TE8C4 239:932.336 JLINK_IsHalted()
TE8C4 239:932.704 - 0.357ms returns FALSE
TE8C4 240:040.832 JLINK_IsHalted()
TE8C4 240:041.312 - 0.494ms returns FALSE
TE8C4 240:041.504 JLINK_IsHalted()
TE8C4 240:041.824 - 0.345ms returns FALSE
T5FB0 240:061.008 JLINK_IsHalted()
T5FB0 240:061.408 - 0.410ms returns FALSE
T5FB0 240:061.520 JLINK_IsHalted()
T5FB0 240:061.856 - 0.351ms returns FALSE
TE8C4 240:151.264 JLINK_IsHalted()
TE8C4 240:151.648 - 0.395ms returns FALSE
TE8C4 240:151.712 JLINK_IsHalted()
TE8C4 240:151.936 - 0.225ms returns FALSE
TE8C4 240:259.616 JLINK_IsHalted()
TE8C4 240:260.128 - 0.507ms returns FALSE
TE8C4 240:260.272 JLINK_IsHalted()
TE8C4 240:260.912 - 0.643ms returns FALSE
TE8C4 240:369.360 JLINK_IsHalted()
TE8C4 240:369.760 - 0.405ms returns FALSE
TE8C4 240:369.840 JLINK_IsHalted()
TE8C4 240:370.096 - 0.261ms returns FALSE
TE8C4 240:478.640 JLINK_IsHalted()
TE8C4 240:479.104 - 0.456ms returns FALSE
TE8C4 240:479.152 JLINK_IsHalted()
TE8C4 240:479.520 - 0.340ms returns FALSE
TE8C4 240:587.936 JLINK_IsHalted()
TE8C4 240:588.384 - 0.451ms returns FALSE
TE8C4 240:588.496 JLINK_IsHalted()
TE8C4 240:588.848 - 0.349ms returns FALSE
TE8C4 240:697.312 JLINK_IsHalted()
TE8C4 240:697.696 - 0.369ms returns FALSE
TE8C4 240:697.760 JLINK_IsHalted()
TE8C4 240:698.064 - 0.298ms returns FALSE
TE8C4 240:806.048 JLINK_IsHalted()
TE8C4 240:806.480 - 0.450ms returns FALSE
TE8C4 240:806.560 JLINK_IsHalted()
TE8C4 240:806.944 - 0.376ms returns FALSE
TE8C4 240:916.144 JLINK_IsHalted()
TE8C4 240:916.656 - 0.531ms returns FALSE
TE8C4 240:916.736 JLINK_IsHalted()
TE8C4 240:917.024 - 0.278ms returns FALSE
TE8C4 241:024.816 JLINK_IsHalted()
TE8C4 241:025.232 - 0.392ms returns FALSE
TE8C4 241:025.280 JLINK_IsHalted()
TE8C4 241:025.584 - 0.282ms returns FALSE
T5FB0 241:062.096 JLINK_IsHalted()
T5FB0 241:062.480 - 0.373ms returns FALSE
T5FB0 241:062.528 JLINK_IsHalted()
T5FB0 241:062.816 - 0.295ms returns FALSE
TE8C4 241:134.512 JLINK_IsHalted()
TE8C4 241:134.880 - 0.358ms returns FALSE
TE8C4 241:134.944 JLINK_IsHalted()
TE8C4 241:135.200 - 0.258ms returns FALSE
TE8C4 241:244.368 JLINK_IsHalted()
TE8C4 241:244.896 - 0.538ms returns FALSE
TE8C4 241:244.976 JLINK_IsHalted()
TE8C4 241:245.264 - 0.291ms returns FALSE
TE8C4 241:353.424 JLINK_IsHalted()
TE8C4 241:353.904 - 0.491ms returns FALSE
TE8C4 241:354.064 JLINK_IsHalted()
TE8C4 241:354.448 - 0.371ms returns FALSE
TE8C4 241:462.480 JLINK_IsHalted()
TE8C4 241:462.816 - 0.342ms returns FALSE
TE8C4 241:462.864 JLINK_IsHalted()
TE8C4 241:463.088 - 0.229ms returns FALSE
TE8C4 241:572.560 JLINK_IsHalted()
TE8C4 241:572.944 - 0.369ms returns FALSE
TE8C4 241:573.040 JLINK_IsHalted()
TE8C4 241:573.344 - 0.315ms returns FALSE
TE8C4 241:681.824 JLINK_IsHalted()
TE8C4 241:682.336 - 0.519ms returns FALSE
TE8C4 241:682.480 JLINK_IsHalted()
TE8C4 241:682.864 - 0.364ms returns FALSE
TE8C4 241:790.880 JLINK_IsHalted()
TE8C4 241:791.232 - 0.344ms returns FALSE
TE8C4 241:791.264 JLINK_IsHalted()
TE8C4 241:791.488 - 0.231ms returns FALSE
TE8C4 241:900.256 JLINK_IsHalted()
TE8C4 241:900.720 - 0.458ms returns FALSE
TE8C4 241:900.800 JLINK_IsHalted()
TE8C4 241:901.152 - 0.360ms returns FALSE
TE8C4 242:009.888 JLINK_IsHalted()
TE8C4 242:010.448 - 0.570ms returns FALSE
TE8C4 242:010.576 JLINK_IsHalted()
TE8C4 242:010.880 - 0.309ms returns FALSE
T5FB0 242:063.968 JLINK_IsHalted()
T5FB0 242:064.432 - 0.458ms returns FALSE
T5FB0 242:064.544 JLINK_IsHalted()
T5FB0 242:064.864 - 0.337ms returns FALSE
TE8C4 242:118.880 JLINK_IsHalted()
TE8C4 242:119.648 - 0.757ms returns FALSE
TE8C4 242:119.728 JLINK_IsHalted()
TE8C4 242:120.112 - 0.372ms returns FALSE
TE8C4 242:228.512 JLINK_IsHalted()
TE8C4 242:228.944 - 0.443ms returns FALSE
TE8C4 242:229.072 JLINK_IsHalted()
TE8C4 242:229.456 - 0.388ms returns FALSE
TE8C4 242:337.952 JLINK_IsHalted()
TE8C4 242:338.400 - 0.483ms returns FALSE
TE8C4 242:338.560 JLINK_IsHalted()
TE8C4 242:338.992 - 0.437ms returns FALSE
TE8C4 242:446.672 JLINK_IsHalted()
TE8C4 242:447.008 - 0.347ms returns FALSE
TE8C4 242:447.056 JLINK_IsHalted()
TE8C4 242:447.280 - 0.239ms returns FALSE
TE8C4 242:556.672 JLINK_IsHalted()
TE8C4 242:557.088 - 0.388ms returns FALSE
TE8C4 242:557.152 JLINK_IsHalted()
TE8C4 242:557.520 - 0.342ms returns FALSE
TE8C4 242:665.632 JLINK_IsHalted()
TE8C4 242:666.032 - 0.388ms returns FALSE
TE8C4 242:666.144 JLINK_IsHalted()
TE8C4 242:666.448 - 0.305ms returns FALSE
TE8C4 242:775.200 JLINK_IsHalted()
TE8C4 242:775.600 - 0.405ms returns FALSE
TE8C4 242:775.680 JLINK_IsHalted()
TE8C4 242:776.096 - 0.412ms returns FALSE
TE8C4 242:884.560 JLINK_IsHalted()
TE8C4 242:884.960 - 0.418ms returns FALSE
TE8C4 242:885.040 JLINK_IsHalted()
TE8C4 242:885.328 - 0.265ms returns FALSE
TE8C4 242:994.384 JLINK_IsHalted()
TE8C4 242:994.816 - 0.431ms returns FALSE
TE8C4 242:994.864 JLINK_IsHalted()
TE8C4 242:995.280 - 0.420ms returns FALSE
T5FB0 243:066.720 JLINK_IsHalted()
T5FB0 243:067.104 - 0.383ms returns FALSE
T5FB0 243:067.168 JLINK_IsHalted()
T5FB0 243:067.392 - 0.243ms returns FALSE
TE8C4 243:103.312 JLINK_IsHalted()
TE8C4 243:103.792 - 0.498ms returns FALSE
TE8C4 243:103.840 JLINK_IsHalted()
TE8C4 243:104.288 - 0.423ms returns FALSE
TE8C4 243:212.960 JLINK_IsHalted()
TE8C4 243:213.360 - 0.408ms returns FALSE
TE8C4 243:213.472 JLINK_IsHalted()
TE8C4 243:213.872 - 0.411ms returns FALSE
TE8C4 243:322.160 JLINK_IsHalted()
TE8C4 243:322.656 - 0.481ms returns FALSE
TE8C4 243:322.752 JLINK_IsHalted()
TE8C4 243:323.056 - 0.295ms returns FALSE
TE8C4 243:431.856 JLINK_IsHalted()
TE8C4 243:432.288 - 0.434ms returns FALSE
TE8C4 243:432.368 JLINK_IsHalted()
TE8C4 243:432.704 - 0.322ms returns FALSE
TE8C4 243:540.960 JLINK_IsHalted()
TE8C4 243:541.456 - 0.492ms returns FALSE
TE8C4 243:541.584 JLINK_IsHalted()
TE8C4 243:541.984 - 0.419ms returns FALSE
TE8C4 243:649.792 JLINK_IsHalted()
TE8C4 243:650.208 - 0.422ms returns FALSE
TE8C4 243:650.272 JLINK_IsHalted()
TE8C4 243:650.560 - 0.295ms returns FALSE
TE8C4 243:760.512 JLINK_IsHalted()
TE8C4 243:760.848 - 0.341ms returns FALSE
TE8C4 243:760.928 JLINK_IsHalted()
TE8C4 243:761.200 - 0.281ms returns FALSE
TE8C4 243:869.536 JLINK_IsHalted()
TE8C4 243:869.904 - 0.375ms returns FALSE
TE8C4 243:870.000 JLINK_IsHalted()
TE8C4 243:870.336 - 0.339ms returns FALSE
TE8C4 243:978.160 JLINK_IsHalted()
TE8C4 243:978.544 - 0.371ms returns FALSE
TE8C4 243:978.624 JLINK_IsHalted()
TE8C4 243:979.184 - 0.550ms returns FALSE
T5FB0 244:067.712 JLINK_IsHalted()
T5FB0 244:068.064 - 0.382ms returns FALSE
T5FB0 244:068.176 JLINK_IsHalted()
T5FB0 244:068.448 - 0.275ms returns FALSE
TE8C4 244:087.712 JLINK_IsHalted()
TE8C4 244:088.240 - 0.517ms returns FALSE
TE8C4 244:088.368 JLINK_IsHalted()
TE8C4 244:088.832 - 0.451ms returns FALSE
TE8C4 244:197.376 JLINK_IsHalted()
TE8C4 244:197.760 - 0.389ms returns FALSE
TE8C4 244:197.840 JLINK_IsHalted()
TE8C4 244:198.176 - 0.340ms returns FALSE
TE8C4 244:306.096 JLINK_IsHalted()
TE8C4 244:306.528 - 0.425ms returns FALSE
TE8C4 244:306.640 JLINK_IsHalted()
TE8C4 244:306.944 - 0.311ms returns FALSE
TE8C4 244:415.648 JLINK_IsHalted()
TE8C4 244:416.048 - 0.397ms returns FALSE
TE8C4 244:416.096 JLINK_IsHalted()
TE8C4 244:416.432 - 0.319ms returns FALSE
TE8C4 244:524.800 JLINK_IsHalted()
TE8C4 244:525.312 - 0.497ms returns FALSE
TE8C4 244:525.440 JLINK_IsHalted()
TE8C4 244:526.032 - 0.576ms returns FALSE
TE8C4 244:634.576 JLINK_IsHalted()
TE8C4 244:635.008 - 0.424ms returns FALSE
TE8C4 244:635.056 JLINK_IsHalted()
TE8C4 244:635.360 - 0.307ms returns FALSE
TE8C4 244:744.192 JLINK_IsHalted()
TE8C4 244:744.752 - 0.550ms returns FALSE
TE8C4 244:744.912 JLINK_IsHalted()
TE8C4 244:745.344 - 0.453ms returns FALSE
TE8C4 244:853.152 JLINK_IsHalted()
TE8C4 244:853.600 - 0.442ms returns FALSE
TE8C4 244:853.712 JLINK_IsHalted()
TE8C4 244:854.016 - 0.320ms returns FALSE
TE8C4 244:962.608 JLINK_IsHalted()
TE8C4 244:963.712 - 1.105ms returns FALSE
TE8C4 244:963.760 JLINK_IsHalted()
TE8C4 244:964.016 - 0.239ms returns FALSE
T5FB0 245:070.464 JLINK_IsHalted()
T5FB0 245:070.896 - 0.435ms returns FALSE
T5FB0 245:071.008 JLINK_IsHalted()
T5FB0 245:071.328 - 0.328ms returns FALSE
TE8C4 245:071.664 JLINK_IsHalted()
TE8C4 245:071.920 - 0.255ms returns FALSE
TE8C4 245:071.952 JLINK_IsHalted()
TE8C4 245:072.208 - 0.251ms returns FALSE
TE8C4 245:182.080 JLINK_IsHalted()
TE8C4 245:182.592 - 0.506ms returns FALSE
TE8C4 245:182.688 JLINK_IsHalted()
TE8C4 245:183.024 - 0.341ms returns FALSE
TE8C4 245:290.720 JLINK_IsHalted()
TE8C4 245:291.104 - 0.402ms returns FALSE
TE8C4 245:291.232 JLINK_IsHalted()
TE8C4 245:291.568 - 0.343ms returns FALSE
TE8C4 245:400.656 JLINK_IsHalted()
TE8C4 245:401.056 - 0.419ms returns FALSE
TE8C4 245:401.248 JLINK_IsHalted()
TE8C4 245:401.568 - 0.345ms returns FALSE
TE8C4 245:509.728 JLINK_IsHalted()
TE8C4 245:510.192 - 0.455ms returns FALSE
TE8C4 245:510.240 JLINK_IsHalted()
TE8C4 245:510.528 - 0.265ms returns FALSE
TE8C4 245:619.632 JLINK_IsHalted()
TE8C4 245:620.192 - 0.582ms returns FALSE
TE8C4 245:620.400 JLINK_IsHalted()
TE8C4 245:620.816 - 0.401ms returns FALSE
TE8C4 245:728.384 JLINK_IsHalted()
TE8C4 245:728.736 - 0.350ms returns FALSE
TE8C4 245:728.816 JLINK_IsHalted()
TE8C4 245:729.072 - 0.269ms returns FALSE
TE8C4 245:838.288 JLINK_IsHalted()
TE8C4 245:838.800 - 0.521ms returns FALSE
TE8C4 245:838.976 JLINK_IsHalted()
TE8C4 245:839.312 - 0.331ms returns FALSE
TE8C4 245:947.088 JLINK_IsHalted()
TE8C4 245:947.440 - 0.337ms returns FALSE
TE8C4 245:947.520 JLINK_IsHalted()
TE8C4 245:947.808 - 0.260ms returns FALSE
TE8C4 246:056.800 JLINK_IsHalted()
TE8C4 246:057.296 - 0.475ms returns FALSE
TE8C4 246:057.424 JLINK_IsHalted()
TE8C4 246:057.808 - 0.378ms returns FALSE
T5FB0 246:072.144 JLINK_IsHalted()
T5FB0 246:072.480 - 0.346ms returns FALSE
T5FB0 246:072.544 JLINK_IsHalted()
T5FB0 246:072.880 - 0.334ms returns FALSE
TE8C4 246:166.144 JLINK_IsHalted()
TE8C4 246:166.608 - 0.471ms returns FALSE
TE8C4 246:166.656 JLINK_IsHalted()
TE8C4 246:166.960 - 0.298ms returns FALSE
TE8C4 246:274.976 JLINK_IsHalted()
TE8C4 246:275.456 - 0.487ms returns FALSE
TE8C4 246:275.552 JLINK_IsHalted()
TE8C4 246:275.840 - 0.302ms returns FALSE
TE8C4 246:384.544 JLINK_IsHalted()
TE8C4 246:385.024 - 0.499ms returns FALSE
TE8C4 246:385.184 JLINK_IsHalted()
TE8C4 246:385.568 - 0.372ms returns FALSE
TE8C4 246:493.744 JLINK_IsHalted()
TE8C4 246:494.160 - 0.404ms returns FALSE
TE8C4 246:494.208 JLINK_IsHalted()
TE8C4 246:494.512 - 0.298ms returns FALSE
TE8C4 246:603.312 JLINK_IsHalted()
TE8C4 246:604.320 - 0.997ms returns FALSE
TE8C4 246:604.448 JLINK_IsHalted()
TE8C4 246:604.880 - 0.440ms returns FALSE
TE8C4 246:712.352 JLINK_IsHalted()
TE8C4 246:712.864 - 0.502ms returns FALSE
TE8C4 246:713.040 JLINK_IsHalted()
TE8C4 246:713.472 - 0.434ms returns FALSE
TE8C4 246:822.112 JLINK_IsHalted()
TE8C4 246:822.480 - 0.359ms returns FALSE
TE8C4 246:822.528 JLINK_IsHalted()
TE8C4 246:822.816 - 0.284ms returns FALSE
TE8C4 246:931.744 JLINK_IsHalted()
TE8C4 246:932.272 - 0.536ms returns FALSE
TE8C4 246:932.400 JLINK_IsHalted()
TE8C4 246:932.816 - 0.412ms returns FALSE
TE8C4 247:041.312 JLINK_IsHalted()
TE8C4 247:041.632 - 0.345ms returns FALSE
TE8C4 247:041.744 JLINK_IsHalted()
TE8C4 247:042.000 - 0.253ms returns FALSE
T5FB0 247:074.144 JLINK_IsHalted()
T5FB0 247:074.528 - 0.373ms returns FALSE
T5FB0 247:074.592 JLINK_IsHalted()
T5FB0 247:074.896 - 0.314ms returns FALSE
TE8C4 247:150.368 JLINK_IsHalted()
TE8C4 247:150.816 - 0.470ms returns FALSE
TE8C4 247:150.976 JLINK_IsHalted()
TE8C4 247:151.328 - 0.366ms returns FALSE
TE8C4 247:259.488 JLINK_IsHalted()
TE8C4 247:260.160 - 0.649ms returns FALSE
TE8C4 247:260.336 JLINK_IsHalted()
TE8C4 247:260.752 - 0.401ms returns FALSE
TE8C4 247:368.656 JLINK_IsHalted()
TE8C4 247:369.056 - 0.404ms returns FALSE
TE8C4 247:369.136 JLINK_IsHalted()
TE8C4 247:369.472 - 0.322ms returns FALSE
TE8C4 247:478.704 JLINK_IsHalted()
TE8C4 247:479.120 - 0.399ms returns FALSE
TE8C4 247:479.200 JLINK_IsHalted()
TE8C4 247:479.520 - 0.322ms returns FALSE
TE8C4 247:587.376 JLINK_IsHalted()
TE8C4 247:587.808 - 0.448ms returns FALSE
TE8C4 247:587.888 JLINK_IsHalted()
TE8C4 247:588.176 - 0.285ms returns FALSE
TE8C4 247:697.104 JLINK_IsHalted()
TE8C4 247:697.568 - 0.467ms returns FALSE
TE8C4 247:697.616 JLINK_IsHalted()
TE8C4 247:697.824 - 0.221ms returns FALSE
TE8C4 247:806.112 JLINK_IsHalted()
TE8C4 247:806.512 - 0.404ms returns FALSE
TE8C4 247:806.592 JLINK_IsHalted()
TE8C4 247:806.848 - 0.264ms returns FALSE
TE8C4 247:915.568 JLINK_IsHalted()
TE8C4 247:915.952 - 0.392ms returns FALSE
TE8C4 247:916.032 JLINK_IsHalted()
TE8C4 247:916.384 - 0.345ms returns FALSE
TE8C4 248:025.728 JLINK_IsHalted()
TE8C4 248:026.192 - 0.454ms returns FALSE
TE8C4 248:026.320 JLINK_IsHalted()
TE8C4 248:026.672 - 0.379ms returns FALSE
T5FB0 248:076.928 JLINK_IsHalted()
T5FB0 248:077.344 - 0.413ms returns FALSE
T5FB0 248:077.408 JLINK_IsHalted()
T5FB0 248:077.776 - 0.357ms returns FALSE
TE8C4 248:134.448 JLINK_IsHalted()
TE8C4 248:134.832 - 0.366ms returns FALSE
TE8C4 248:134.880 JLINK_IsHalted()
TE8C4 248:135.168 - 0.281ms returns FALSE
TE8C4 248:243.792 JLINK_IsHalted()
TE8C4 248:244.176 - 0.378ms returns FALSE
TE8C4 248:244.224 JLINK_IsHalted()
TE8C4 248:244.512 - 0.262ms returns FALSE
TE8C4 248:353.360 JLINK_IsHalted()
TE8C4 248:353.744 - 0.380ms returns FALSE
TE8C4 248:353.824 JLINK_IsHalted()
TE8C4 248:354.096 - 0.295ms returns FALSE
TE8C4 248:462.768 JLINK_IsHalted()
TE8C4 248:463.232 - 0.472ms returns FALSE
TE8C4 248:463.328 JLINK_IsHalted()
TE8C4 248:463.776 - 0.425ms returns FALSE
TE8C4 248:572.128 JLINK_IsHalted()
TE8C4 248:572.672 - 0.533ms returns FALSE
TE8C4 248:572.768 JLINK_IsHalted()
TE8C4 248:573.088 - 0.313ms returns FALSE
TE8C4 248:681.856 JLINK_IsHalted()
TE8C4 248:682.320 - 0.469ms returns FALSE
TE8C4 248:682.400 JLINK_IsHalted()
TE8C4 248:682.656 - 0.271ms returns FALSE
TE8C4 248:791.088 JLINK_IsHalted()
TE8C4 248:791.728 - 0.636ms returns FALSE
TE8C4 248:791.888 JLINK_IsHalted()
TE8C4 248:792.368 - 0.472ms returns FALSE
TE8C4 248:899.968 JLINK_IsHalted()
TE8C4 248:900.608 - 0.639ms returns FALSE
TE8C4 248:900.784 JLINK_IsHalted()
TE8C4 248:901.216 - 0.437ms returns FALSE
TE8C4 249:009.968 JLINK_IsHalted()
TE8C4 249:010.688 - 0.707ms returns FALSE
TE8C4 249:010.848 JLINK_IsHalted()
TE8C4 249:011.360 - 0.491ms returns FALSE
T5FB0 249:079.648 JLINK_IsHalted()
T5FB0 249:080.032 - 0.390ms returns FALSE
T5FB0 249:080.096 JLINK_IsHalted()
T5FB0 249:080.400 - 0.295ms returns FALSE
TE8C4 249:119.520 JLINK_IsHalted()
TE8C4 249:120.080 - 0.552ms returns FALSE
TE8C4 249:120.208 JLINK_IsHalted()
TE8C4 249:120.480 - 0.272ms returns FALSE
TE8C4 249:228.624 JLINK_IsHalted()
TE8C4 249:229.152 - 0.513ms returns FALSE
TE8C4 249:229.568 JLINK_IsHalted()
TE8C4 249:230.368 - 0.797ms returns FALSE
TE8C4 249:338.192 JLINK_IsHalted()
TE8C4 249:338.752 - 0.558ms returns FALSE
TE8C4 249:338.928 JLINK_IsHalted()
TE8C4 249:339.360 - 0.434ms returns FALSE
TE8C4 249:447.632 JLINK_IsHalted()
TE8C4 249:448.096 - 0.470ms returns FALSE
TE8C4 249:448.272 JLINK_IsHalted()
TE8C4 249:448.624 - 0.375ms returns FALSE
TE8C4 249:556.400 JLINK_IsHalted()
TE8C4 249:556.944 - 0.548ms returns FALSE
TE8C4 249:557.152 JLINK_IsHalted()
TE8C4 249:557.456 - 0.306ms returns FALSE
TE8C4 249:665.536 JLINK_IsHalted()
TE8C4 249:666.000 - 0.443ms returns FALSE
TE8C4 249:666.048 JLINK_IsHalted()
TE8C4 249:666.352 - 0.290ms returns FALSE
TE8C4 249:774.816 JLINK_IsHalted()
TE8C4 249:775.264 - 0.432ms returns FALSE
TE8C4 249:775.360 JLINK_IsHalted()
TE8C4 249:775.616 - 0.242ms returns FALSE
TE8C4 249:885.152 JLINK_IsHalted()
TE8C4 249:885.648 - 0.482ms returns FALSE
TE8C4 249:885.776 JLINK_IsHalted()
TE8C4 249:886.112 - 0.333ms returns FALSE
TE8C4 249:994.288 JLINK_IsHalted()
TE8C4 249:994.656 - 0.362ms returns FALSE
TE8C4 249:994.704 JLINK_IsHalted()
TE8C4 249:995.008 - 0.291ms returns FALSE
T5FB0 250:082.896 JLINK_IsHalted()
T5FB0 250:083.456 - 0.544ms returns FALSE
T5FB0 250:083.616 JLINK_IsHalted()
T5FB0 250:083.888 - 0.296ms returns FALSE
TE8C4 250:103.344 JLINK_IsHalted()
TE8C4 250:103.968 - 0.599ms returns FALSE
TE8C4 250:104.112 JLINK_IsHalted()
TE8C4 250:104.528 - 0.418ms returns FALSE
TE8C4 250:212.864 JLINK_IsHalted()
TE8C4 250:213.200 - 0.334ms returns FALSE
TE8C4 250:213.248 JLINK_IsHalted()
TE8C4 250:213.552 - 0.295ms returns FALSE
TE8C4 250:322.608 JLINK_IsHalted()
TE8C4 250:323.200 - 0.589ms returns FALSE
TE8C4 250:323.376 JLINK_IsHalted()
TE8C4 250:323.840 - 0.450ms returns FALSE
TE8C4 250:431.392 JLINK_IsHalted()
TE8C4 250:432.032 - 0.628ms returns FALSE
TE8C4 250:432.176 JLINK_IsHalted()
TE8C4 250:432.640 - 0.447ms returns FALSE
TE8C4 250:542.048 JLINK_IsHalted()
TE8C4 250:542.544 - 0.496ms returns FALSE
TE8C4 250:542.624 JLINK_IsHalted()
TE8C4 250:542.944 - 0.340ms returns FALSE
TE8C4 250:650.400 JLINK_IsHalted()
TE8C4 250:651.136 - 0.757ms returns FALSE
TE8C4 250:651.312 JLINK_IsHalted()
TE8C4 250:651.680 - 0.355ms returns FALSE
TE8C4 250:759.200 JLINK_IsHalted()
TE8C4 250:759.680 - 0.468ms returns FALSE
TE8C4 250:759.776 JLINK_IsHalted()
TE8C4 250:760.112 - 0.344ms returns FALSE
TE8C4 250:868.768 JLINK_IsHalted()
TE8C4 250:869.296 - 0.529ms returns FALSE
TE8C4 250:869.408 JLINK_IsHalted()
TE8C4 250:869.760 - 0.343ms returns FALSE
TE8C4 250:979.584 JLINK_IsHalted()
TE8C4 250:980.192 - 0.628ms returns FALSE
TE8C4 250:980.304 JLINK_IsHalted()
TE8C4 250:980.688 - 0.384ms returns FALSE
T5FB0 251:084.752 JLINK_IsHalted()
T5FB0 251:085.152 - 0.427ms returns FALSE
T5FB0 251:085.232 JLINK_IsHalted()
T5FB0 251:085.536 - 0.289ms returns FALSE
TE8C4 251:087.920 JLINK_IsHalted()
TE8C4 251:088.352 - 0.429ms returns FALSE
TE8C4 251:088.464 JLINK_IsHalted()
TE8C4 251:088.800 - 0.330ms returns FALSE
TE8C4 251:197.520 JLINK_IsHalted()
TE8C4 251:198.000 - 0.480ms returns FALSE
TE8C4 251:198.112 JLINK_IsHalted()
TE8C4 251:198.496 - 0.374ms returns FALSE
TE8C4 251:306.752 JLINK_IsHalted()
TE8C4 251:307.168 - 0.414ms returns FALSE
TE8C4 251:307.312 JLINK_IsHalted()
TE8C4 251:307.600 - 0.274ms returns FALSE
TE8C4 251:416.672 JLINK_IsHalted()
TE8C4 251:417.056 - 0.386ms returns FALSE
TE8C4 251:417.136 JLINK_IsHalted()
TE8C4 251:417.424 - 0.277ms returns FALSE
TE8C4 251:525.152 JLINK_IsHalted()
TE8C4 251:525.664 - 0.510ms returns FALSE
TE8C4 251:525.840 JLINK_IsHalted()
TE8C4 251:526.368 - 0.555ms returns FALSE
TE8C4 251:634.512 JLINK_IsHalted()
TE8C4 251:635.024 - 0.505ms returns FALSE
TE8C4 251:635.152 JLINK_IsHalted()
TE8C4 251:635.488 - 0.328ms returns FALSE
TE8C4 251:744.032 JLINK_IsHalted()
TE8C4 251:744.512 - 0.471ms returns FALSE
TE8C4 251:744.640 JLINK_IsHalted()
TE8C4 251:745.072 - 0.431ms returns FALSE
TE8C4 251:853.136 JLINK_IsHalted()
TE8C4 251:853.728 - 0.575ms returns FALSE
TE8C4 251:853.872 JLINK_IsHalted()
TE8C4 251:854.288 - 0.414ms returns FALSE
TE8C4 251:962.976 JLINK_IsHalted()
TE8C4 251:963.472 - 0.484ms returns FALSE
TE8C4 251:963.744 JLINK_IsHalted()
TE8C4 251:964.240 - 0.480ms returns FALSE
TE8C4 252:071.808 JLINK_IsHalted()
TE8C4 252:072.288 - 0.481ms returns FALSE
TE8C4 252:072.400 JLINK_IsHalted()
TE8C4 252:072.832 - 0.438ms returns FALSE
T5FB0 252:087.088 JLINK_IsHalted()
T5FB0 252:087.424 - 0.341ms returns FALSE
T5FB0 252:087.504 JLINK_IsHalted()
T5FB0 252:087.856 - 0.356ms returns FALSE
TE8C4 252:181.200 JLINK_IsHalted()
TE8C4 252:181.632 - 0.447ms returns FALSE
TE8C4 252:181.728 JLINK_IsHalted()
TE8C4 252:182.048 - 0.306ms returns FALSE
TE8C4 252:291.232 JLINK_IsHalted()
TE8C4 252:291.664 - 0.422ms returns FALSE
TE8C4 252:291.712 JLINK_IsHalted()
TE8C4 252:292.096 - 0.377ms returns FALSE
TE8C4 252:400.208 JLINK_IsHalted()
TE8C4 252:400.848 - 0.623ms returns FALSE
TE8C4 252:400.944 JLINK_IsHalted()
TE8C4 252:401.376 - 0.446ms returns FALSE
TE8C4 252:509.984 JLINK_IsHalted()
TE8C4 252:510.720 - 0.737ms returns FALSE
TE8C4 252:510.880 JLINK_IsHalted()
TE8C4 252:511.232 - 0.347ms returns FALSE
TE8C4 252:618.672 JLINK_IsHalted()
TE8C4 252:619.168 - 0.491ms returns FALSE
TE8C4 252:619.216 JLINK_IsHalted()
TE8C4 252:619.520 - 0.288ms returns FALSE
TE8C4 252:728.832 JLINK_IsHalted()
TE8C4 252:729.264 - 0.444ms returns FALSE
TE8C4 252:729.376 JLINK_IsHalted()
TE8C4 252:729.696 - 0.326ms returns FALSE
TE8C4 252:838.096 JLINK_IsHalted()
TE8C4 252:838.624 - 0.541ms returns FALSE
TE8C4 252:838.816 JLINK_IsHalted()
TE8C4 252:839.248 - 0.434ms returns FALSE
TE8C4 252:947.456 JLINK_IsHalted()
TE8C4 252:948.064 - 0.620ms returns FALSE
TE8C4 252:948.224 JLINK_IsHalted()
TE8C4 252:948.576 - 0.354ms returns FALSE
TE8C4 253:056.768 JLINK_IsHalted()
TE8C4 253:057.232 - 0.471ms returns FALSE
TE8C4 253:057.328 JLINK_IsHalted()
TE8C4 253:057.744 - 0.415ms returns FALSE
T5FB0 253:089.504 JLINK_IsHalted()
T5FB0 253:089.888 - 0.393ms returns FALSE
T5FB0 253:089.952 JLINK_IsHalted()
T5FB0 253:090.256 - 0.293ms returns FALSE
TE8C4 253:166.384 JLINK_IsHalted()
TE8C4 253:166.848 - 0.446ms returns FALSE
TE8C4 253:166.928 JLINK_IsHalted()
TE8C4 253:167.280 - 0.341ms returns FALSE
TE8C4 253:275.824 JLINK_IsHalted()
TE8C4 253:276.384 - 0.569ms returns FALSE
TE8C4 253:276.576 JLINK_IsHalted()
TE8C4 253:277.056 - 0.494ms returns FALSE
TE8C4 253:384.368 JLINK_IsHalted()
TE8C4 253:384.992 - 0.607ms returns FALSE
TE8C4 253:385.120 JLINK_IsHalted()
TE8C4 253:385.520 - 0.386ms returns FALSE
TE8C4 253:493.664 JLINK_IsHalted()
TE8C4 253:494.176 - 0.516ms returns FALSE
TE8C4 253:494.224 JLINK_IsHalted()
TE8C4 253:494.528 - 0.291ms returns FALSE
TE8C4 253:603.328 JLINK_IsHalted()
TE8C4 253:604.176 - 0.837ms returns FALSE
TE8C4 253:604.352 JLINK_IsHalted()
TE8C4 253:604.960 - 0.589ms returns FALSE
TE8C4 253:712.768 JLINK_IsHalted()
TE8C4 253:713.360 - 0.573ms returns FALSE
TE8C4 253:713.488 JLINK_IsHalted()
TE8C4 253:714.016 - 0.527ms returns FALSE
TE8C4 253:822.720 JLINK_IsHalted()
TE8C4 253:823.232 - 0.502ms returns FALSE
TE8C4 253:823.408 JLINK_IsHalted()
TE8C4 253:823.824 - 0.419ms returns FALSE
TE8C4 253:932.032 JLINK_IsHalted()
TE8C4 253:932.592 - 0.576ms returns FALSE
TE8C4 253:932.768 JLINK_IsHalted()
TE8C4 253:933.104 - 0.328ms returns FALSE
TE8C4 254:041.296 JLINK_IsHalted()
TE8C4 254:041.904 - 0.623ms returns FALSE
TE8C4 254:042.016 JLINK_IsHalted()
TE8C4 254:042.496 - 0.481ms returns FALSE
T5FB0 254:091.184 JLINK_IsHalted()
T5FB0 254:091.744 - 0.557ms returns FALSE
T5FB0 254:091.824 JLINK_IsHalted()
T5FB0 254:092.192 - 0.373ms returns FALSE
TE8C4 254:150.368 JLINK_IsHalted()
TE8C4 254:150.816 - 0.441ms returns FALSE
TE8C4 254:150.880 JLINK_IsHalted()
TE8C4 254:151.248 - 0.358ms returns FALSE
TE8C4 254:259.632 JLINK_IsHalted()
TE8C4 254:262.608 - 2.961ms returns FALSE
TE8C4 254:262.704 JLINK_IsHalted()
TE8C4 254:263.200 - 0.474ms returns FALSE
TE8C4 254:368.928 JLINK_IsHalted()
TE8C4 254:369.376 - 0.482ms returns FALSE
TE8C4 254:369.568 JLINK_IsHalted()
TE8C4 254:369.920 - 0.366ms returns FALSE
TE8C4 254:478.208 JLINK_IsHalted()
TE8C4 254:478.640 - 0.424ms returns FALSE
TE8C4 254:478.752 JLINK_IsHalted()
TE8C4 254:479.056 - 0.302ms returns FALSE
TE8C4 254:587.440 JLINK_IsHalted()
TE8C4 254:588.000 - 0.548ms returns FALSE
TE8C4 254:588.160 JLINK_IsHalted()
TE8C4 254:588.512 - 0.356ms returns FALSE
TE8C4 254:696.752 JLINK_IsHalted()
TE8C4 254:697.376 - 0.620ms returns FALSE
TE8C4 254:697.520 JLINK_IsHalted()
TE8C4 254:697.952 - 0.431ms returns FALSE
TE8C4 254:807.472 JLINK_IsHalted()
TE8C4 254:808.096 - 0.596ms returns FALSE
TE8C4 254:808.224 JLINK_IsHalted()
TE8C4 254:809.824 - 1.614ms returns FALSE
TE8C4 254:915.552 JLINK_IsHalted()
TE8C4 254:916.192 - 0.638ms returns FALSE
TE8C4 254:916.352 JLINK_IsHalted()
TE8C4 254:916.784 - 0.432ms returns FALSE
TE8C4 255:026.000 JLINK_IsHalted()
TE8C4 255:026.480 - 0.507ms returns FALSE
TE8C4 255:026.608 JLINK_IsHalted()
TE8C4 255:027.024 - 0.406ms returns FALSE
T5FB0 255:093.984 JLINK_IsHalted()
T5FB0 255:094.496 - 0.498ms returns FALSE
T5FB0 255:094.576 JLINK_IsHalted()
T5FB0 255:094.864 - 0.285ms returns FALSE
TE8C4 255:135.104 JLINK_IsHalted()
TE8C4 255:135.584 - 0.485ms returns FALSE
TE8C4 255:135.744 JLINK_IsHalted()
TE8C4 255:136.128 - 0.390ms returns FALSE
TE8C4 255:243.808 JLINK_IsHalted()
TE8C4 255:244.368 - 0.555ms returns FALSE
TE8C4 255:244.512 JLINK_IsHalted()
TE8C4 255:244.896 - 0.380ms returns FALSE
TE8C4 255:353.136 JLINK_IsHalted()
TE8C4 255:353.632 - 0.486ms returns FALSE
TE8C4 255:353.696 JLINK_IsHalted()
TE8C4 255:353.984 - 0.291ms returns FALSE
TE8C4 255:463.504 JLINK_IsHalted()
TE8C4 255:464.288 - 0.789ms returns FALSE
TE8C4 255:464.368 JLINK_IsHalted()
TE8C4 255:464.656 - 0.280ms returns FALSE
TE8C4 255:572.512 JLINK_IsHalted()
TE8C4 255:573.024 - 0.519ms returns FALSE
TE8C4 255:573.168 JLINK_IsHalted()
TE8C4 255:573.584 - 0.406ms returns FALSE
TE8C4 255:681.872 JLINK_IsHalted()
TE8C4 255:682.208 - 0.337ms returns FALSE
TE8C4 255:682.256 JLINK_IsHalted()
TE8C4 255:682.480 - 0.229ms returns FALSE
TE8C4 255:790.384 JLINK_IsHalted()
TE8C4 255:790.800 - 0.411ms returns FALSE
TE8C4 255:790.880 JLINK_IsHalted()
TE8C4 255:791.232 - 0.363ms returns FALSE
TE8C4 255:900.064 JLINK_IsHalted()
TE8C4 255:900.448 - 0.393ms returns FALSE
TE8C4 255:900.496 JLINK_IsHalted()
TE8C4 255:900.720 - 0.235ms returns FALSE
TE8C4 256:009.344 JLINK_IsHalted()
TE8C4 256:009.888 - 0.518ms returns FALSE
TE8C4 256:010.032 JLINK_IsHalted()
TE8C4 256:010.416 - 0.401ms returns FALSE
T5FB0 256:096.432 JLINK_IsHalted()
T5FB0 256:097.072 - 0.634ms returns FALSE
T5FB0 256:097.232 JLINK_IsHalted()
T5FB0 256:097.584 - 0.375ms returns FALSE
TE8C4 256:118.832 JLINK_IsHalted()
TE8C4 256:119.264 - 0.426ms returns FALSE
TE8C4 256:119.376 JLINK_IsHalted()
TE8C4 256:119.632 - 0.254ms returns FALSE
TE8C4 256:228.192 JLINK_IsHalted()
TE8C4 256:228.528 - 0.340ms returns FALSE
TE8C4 256:228.640 JLINK_IsHalted()
TE8C4 256:228.896 - 0.267ms returns FALSE
TE8C4 256:337.328 JLINK_IsHalted()
TE8C4 256:340.320 - 2.992ms returns FALSE
TE8C4 256:340.432 JLINK_IsHalted()
TE8C4 256:340.832 - 0.408ms returns FALSE
TE8C4 256:447.312 JLINK_IsHalted()
TE8C4 256:447.792 - 0.490ms returns FALSE
TE8C4 256:447.920 JLINK_IsHalted()
TE8C4 256:448.224 - 0.321ms returns FALSE
TE8C4 256:556.752 JLINK_IsHalted()
TE8C4 256:557.264 - 0.522ms returns FALSE
TE8C4 256:557.360 JLINK_IsHalted()
TE8C4 256:557.744 - 0.376ms returns FALSE
TE8C4 256:665.504 JLINK_IsHalted()
TE8C4 256:666.016 - 0.496ms returns FALSE
TE8C4 256:666.080 JLINK_IsHalted()
TE8C4 256:666.464 - 0.383ms returns FALSE
TE8C4 256:774.960 JLINK_IsHalted()
TE8C4 256:775.392 - 0.439ms returns FALSE
TE8C4 256:775.504 JLINK_IsHalted()
TE8C4 256:775.808 - 0.320ms returns FALSE
TE8C4 256:884.656 JLINK_IsHalted()
TE8C4 256:885.168 - 0.522ms returns FALSE
TE8C4 256:885.280 JLINK_IsHalted()
TE8C4 256:885.712 - 0.416ms returns FALSE
TE8C4 256:994.208 JLINK_IsHalted()
TE8C4 256:994.736 - 0.540ms returns FALSE
TE8C4 256:994.848 JLINK_IsHalted()
TE8C4 256:995.248 - 0.424ms returns FALSE
T5FB0 257:098.704 JLINK_IsHalted()
T5FB0 257:099.104 - 0.415ms returns FALSE
T5FB0 257:099.168 JLINK_IsHalted()
T5FB0 257:099.472 - 0.302ms returns FALSE
TE8C4 257:103.408 JLINK_IsHalted()
TE8C4 257:103.904 - 0.495ms returns FALSE
TE8C4 257:103.968 JLINK_IsHalted()
TE8C4 257:104.352 - 0.368ms returns FALSE
TE8C4 257:212.896 JLINK_IsHalted()
TE8C4 257:213.392 - 0.475ms returns FALSE
TE8C4 257:213.472 JLINK_IsHalted()
TE8C4 257:213.824 - 0.348ms returns FALSE
TE8C4 257:322.880 JLINK_IsHalted()
TE8C4 257:323.296 - 0.397ms returns FALSE
TE8C4 257:323.392 JLINK_IsHalted()
TE8C4 257:323.728 - 0.323ms returns FALSE
TE8C4 257:431.968 JLINK_IsHalted()
TE8C4 257:432.496 - 0.519ms returns FALSE
TE8C4 257:432.656 JLINK_IsHalted()
TE8C4 257:433.008 - 0.363ms returns FALSE
TE8C4 257:541.248 JLINK_IsHalted()
TE8C4 257:541.856 - 0.625ms returns FALSE
TE8C4 257:542.048 JLINK_IsHalted()
TE8C4 257:542.480 - 0.443ms returns FALSE
TE8C4 257:650.512 JLINK_IsHalted()
TE8C4 257:651.120 - 0.607ms returns FALSE
TE8C4 257:651.296 JLINK_IsHalted()
TE8C4 257:651.680 - 0.389ms returns FALSE
TE8C4 257:759.264 JLINK_IsHalted()
TE8C4 257:759.744 - 0.482ms returns FALSE
TE8C4 257:759.920 JLINK_IsHalted()
TE8C4 257:760.304 - 0.389ms returns FALSE
TE8C4 257:869.520 JLINK_IsHalted()
TE8C4 257:870.048 - 0.532ms returns FALSE
TE8C4 257:870.240 JLINK_IsHalted()
TE8C4 257:870.512 - 0.281ms returns FALSE
TE8C4 257:978.320 JLINK_IsHalted()
TE8C4 257:978.672 - 0.364ms returns FALSE
TE8C4 257:978.784 JLINK_IsHalted()
TE8C4 257:979.104 - 0.323ms returns FALSE
TE8C4 258:087.344 JLINK_IsHalted()
TE8C4 258:087.968 - 0.624ms returns FALSE
TE8C4 258:088.064 JLINK_IsHalted()
TE8C4 258:088.480 - 0.388ms returns FALSE
T5FB0 258:100.688 JLINK_IsHalted()
T5FB0 258:101.168 - 0.503ms returns FALSE
T5FB0 258:101.328 JLINK_IsHalted()
T5FB0 258:101.680 - 0.353ms returns FALSE
TE8C4 258:197.424 JLINK_IsHalted()
TE8C4 258:197.984 - 0.553ms returns FALSE
TE8C4 258:198.096 JLINK_IsHalted()
TE8C4 258:198.576 - 0.490ms returns FALSE
TE8C4 258:306.272 JLINK_IsHalted()
TE8C4 258:306.768 - 0.475ms returns FALSE
TE8C4 258:306.864 JLINK_IsHalted()
TE8C4 258:307.200 - 0.338ms returns FALSE
TE8C4 258:415.440 JLINK_IsHalted()
TE8C4 258:415.968 - 0.524ms returns FALSE
TE8C4 258:416.096 JLINK_IsHalted()
TE8C4 258:416.720 - 0.611ms returns FALSE
TE8C4 258:525.136 JLINK_IsHalted()
TE8C4 258:525.664 - 0.547ms returns FALSE
TE8C4 258:525.792 JLINK_IsHalted()
TE8C4 258:526.176 - 0.375ms returns FALSE
TE8C4 258:634.656 JLINK_IsHalted()
TE8C4 258:635.088 - 0.448ms returns FALSE
TE8C4 258:635.232 JLINK_IsHalted()
TE8C4 258:635.552 - 0.317ms returns FALSE
TE8C4 258:743.712 JLINK_IsHalted()
TE8C4 258:744.160 - 0.460ms returns FALSE
TE8C4 258:744.240 JLINK_IsHalted()
TE8C4 258:745.120 - 0.866ms returns FALSE
TE8C4 258:853.088 JLINK_IsHalted()
TE8C4 258:853.584 - 0.470ms returns FALSE
TE8C4 258:853.664 JLINK_IsHalted()
TE8C4 258:853.920 - 0.274ms returns FALSE
TE8C4 258:962.864 JLINK_IsHalted()
TE8C4 258:963.328 - 0.463ms returns FALSE
TE8C4 258:963.424 JLINK_IsHalted()
TE8C4 258:964.480 - 1.059ms returns FALSE
TE8C4 259:073.376 JLINK_IsHalted()
TE8C4 259:073.968 - 0.598ms returns FALSE
TE8C4 259:074.080 JLINK_IsHalted()
TE8C4 259:074.464 - 0.383ms returns FALSE
T5FB0 259:103.824 JLINK_IsHalted()
T5FB0 259:104.352 - 0.525ms returns FALSE
T5FB0 259:104.432 JLINK_IsHalted()
T5FB0 259:104.800 - 0.344ms returns FALSE
TE8C4 259:181.472 JLINK_IsHalted()
TE8C4 259:182.000 - 0.530ms returns FALSE
TE8C4 259:182.160 JLINK_IsHalted()
TE8C4 259:182.544 - 0.394ms returns FALSE
TE8C4 259:290.448 JLINK_IsHalted()
TE8C4 259:290.928 - 0.483ms returns FALSE
TE8C4 259:291.040 JLINK_IsHalted()
TE8C4 259:291.392 - 0.357ms returns FALSE
TE8C4 259:399.808 JLINK_IsHalted()
TE8C4 259:400.240 - 0.433ms returns FALSE
TE8C4 259:400.400 JLINK_IsHalted()
TE8C4 259:400.784 - 0.383ms returns FALSE
TE8C4 259:510.112 JLINK_IsHalted()
TE8C4 259:510.704 - 0.584ms returns FALSE
TE8C4 259:510.784 JLINK_IsHalted()
TE8C4 259:511.072 - 0.290ms returns FALSE
TE8C4 259:619.328 JLINK_IsHalted()
TE8C4 259:619.888 - 0.569ms returns FALSE
TE8C4 259:620.048 JLINK_IsHalted()
TE8C4 259:620.528 - 0.480ms returns FALSE
TE8C4 259:728.800 JLINK_IsHalted()
TE8C4 259:729.328 - 0.549ms returns FALSE
TE8C4 259:729.616 JLINK_IsHalted()
TE8C4 259:732.016 - 2.408ms returns FALSE
TE8C4 259:838.208 JLINK_IsHalted()
TE8C4 259:838.768 - 0.560ms returns FALSE
TE8C4 259:838.928 JLINK_IsHalted()
TE8C4 259:839.328 - 0.402ms returns FALSE
TE8C4 259:947.136 JLINK_IsHalted()
TE8C4 259:947.600 - 0.465ms returns FALSE
TE8C4 259:947.680 JLINK_IsHalted()
TE8C4 259:948.000 - 0.349ms returns FALSE
TE8C4 260:056.112 JLINK_IsHalted()
TE8C4 260:056.704 - 0.584ms returns FALSE
TE8C4 260:056.864 JLINK_IsHalted()
TE8C4 260:057.296 - 0.438ms returns FALSE
T5FB0 260:105.888 JLINK_IsHalted()
T5FB0 260:106.448 - 0.555ms returns FALSE
T5FB0 260:106.592 JLINK_IsHalted()
T5FB0 260:106.960 - 0.370ms returns FALSE
TE8C4 260:165.968 JLINK_IsHalted()
TE8C4 260:166.576 - 0.634ms returns FALSE
TE8C4 260:166.736 JLINK_IsHalted()
TE8C4 260:167.136 - 0.421ms returns FALSE
TE8C4 260:274.976 JLINK_IsHalted()
TE8C4 260:275.488 - 0.501ms returns FALSE
TE8C4 260:275.616 JLINK_IsHalted()
TE8C4 260:275.968 - 0.366ms returns FALSE
TE8C4 260:384.336 JLINK_IsHalted()
TE8C4 260:384.768 - 0.429ms returns FALSE
TE8C4 260:384.848 JLINK_IsHalted()
TE8C4 260:385.152 - 0.291ms returns FALSE
TE8C4 260:493.664 JLINK_IsHalted()
TE8C4 260:494.112 - 0.440ms returns FALSE
TE8C4 260:494.256 JLINK_IsHalted()
TE8C4 260:494.768 - 0.521ms returns FALSE
TE8C4 260:603.168 JLINK_IsHalted()
TE8C4 260:603.616 - 0.468ms returns FALSE
TE8C4 260:603.776 JLINK_IsHalted()
TE8C4 260:604.128 - 0.358ms returns FALSE
TE8C4 260:712.608 JLINK_IsHalted()
TE8C4 260:713.264 - 0.673ms returns FALSE
TE8C4 260:713.776 JLINK_IsHalted()
TE8C4 260:716.496 - 2.708ms returns FALSE
TE8C4 260:822.304 JLINK_IsHalted()
TE8C4 260:822.736 - 0.440ms returns FALSE
TE8C4 260:822.816 JLINK_IsHalted()
TE8C4 260:823.120 - 0.308ms returns FALSE
TE8C4 260:932.048 JLINK_IsHalted()
TE8C4 260:932.560 - 0.492ms returns FALSE
TE8C4 260:932.656 JLINK_IsHalted()
TE8C4 260:933.024 - 0.354ms returns FALSE
TE8C4 261:040.688 JLINK_IsHalted()
TE8C4 261:041.200 - 0.498ms returns FALSE
TE8C4 261:041.360 JLINK_IsHalted()
TE8C4 261:041.744 - 0.362ms returns FALSE
T5FB0 261:108.128 JLINK_IsHalted()
T5FB0 261:108.640 - 0.525ms returns FALSE
T5FB0 261:108.736 JLINK_IsHalted()
T5FB0 261:108.992 - 0.262ms returns FALSE
TE8C4 261:150.176 JLINK_IsHalted()
TE8C4 261:150.848 - 0.679ms returns FALSE
TE8C4 261:151.008 JLINK_IsHalted()
TE8C4 261:151.408 - 0.388ms returns FALSE
TE8C4 261:260.000 JLINK_IsHalted()
TE8C4 261:260.464 - 0.450ms returns FALSE
TE8C4 261:260.512 JLINK_IsHalted()
TE8C4 261:260.800 - 0.289ms returns FALSE
TE8C4 261:369.120 JLINK_IsHalted()
TE8C4 261:369.600 - 0.475ms returns FALSE
TE8C4 261:369.696 JLINK_IsHalted()
TE8C4 261:370.144 - 0.453ms returns FALSE
TE8C4 261:478.224 JLINK_IsHalted()
TE8C4 261:478.704 - 0.484ms returns FALSE
TE8C4 261:478.816 JLINK_IsHalted()
TE8C4 261:479.168 - 0.362ms returns FALSE
TE8C4 261:587.888 JLINK_IsHalted()
TE8C4 261:588.448 - 0.565ms returns FALSE
TE8C4 261:588.640 JLINK_IsHalted()
TE8C4 261:589.120 - 0.502ms returns FALSE
TE8C4 261:697.232 JLINK_IsHalted()
TE8C4 261:698.128 - 0.898ms returns FALSE
TE8C4 261:698.256 JLINK_IsHalted()
TE8C4 261:698.560 - 0.300ms returns FALSE
TE8C4 261:806.128 JLINK_IsHalted()
TE8C4 261:806.768 - 0.639ms returns FALSE
TE8C4 261:806.976 JLINK_IsHalted()
TE8C4 261:807.392 - 0.407ms returns FALSE
TE8C4 261:915.648 JLINK_IsHalted()
TE8C4 261:916.032 - 0.383ms returns FALSE
TE8C4 261:916.160 JLINK_IsHalted()
TE8C4 261:916.496 - 0.306ms returns FALSE
TE8C4 262:025.216 JLINK_IsHalted()
TE8C4 262:025.632 - 0.402ms returns FALSE
TE8C4 262:025.760 JLINK_IsHalted()
TE8C4 262:026.032 - 0.287ms returns FALSE
T5FB0 262:109.664 JLINK_IsHalted()
T5FB0 262:110.160 - 0.487ms returns FALSE
T5FB0 262:110.304 JLINK_IsHalted()
T5FB0 262:110.688 - 0.380ms returns FALSE
TE8C4 262:134.144 JLINK_IsHalted()
TE8C4 262:134.528 - 0.381ms returns FALSE
TE8C4 262:134.608 JLINK_IsHalted()
TE8C4 262:134.880 - 0.284ms returns FALSE
TE8C4 262:244.528 JLINK_IsHalted()
TE8C4 262:258.336 - 13.793ms returns FALSE
TE8C4 262:258.480 JLINK_IsHalted()
TE8C4 262:259.040 - 0.581ms returns FALSE
TE8C4 262:354.432 JLINK_IsHalted()
TE8C4 262:354.848 - 0.408ms returns FALSE
TE8C4 262:354.896 JLINK_IsHalted()
TE8C4 262:355.248 - 0.360ms returns FALSE
TE8C4 262:462.880 JLINK_IsHalted()
TE8C4 262:464.048 - 1.185ms returns FALSE
TE8C4 262:464.096 JLINK_IsHalted()
TE8C4 262:465.888 - 1.786ms returns FALSE
TE8C4 262:572.592 JLINK_IsHalted()
TE8C4 262:573.152 - 0.567ms returns FALSE
TE8C4 262:573.280 JLINK_IsHalted()
TE8C4 262:573.728 - 0.413ms returns FALSE
TE8C4 262:681.600 JLINK_IsHalted()
TE8C4 262:682.112 - 0.529ms returns FALSE
TE8C4 262:682.208 JLINK_IsHalted()
TE8C4 262:682.624 - 0.421ms returns FALSE
TE8C4 262:791.344 JLINK_IsHalted()
TE8C4 262:791.904 - 0.566ms returns FALSE
TE8C4 262:792.016 JLINK_IsHalted()
TE8C4 262:792.576 - 0.566ms returns FALSE
TE8C4 262:900.176 JLINK_IsHalted()
TE8C4 262:900.656 - 0.476ms returns FALSE
TE8C4 262:900.736 JLINK_IsHalted()
TE8C4 262:901.088 - 0.360ms returns FALSE
TE8C4 263:009.616 JLINK_IsHalted()
TE8C4 263:009.920 - 0.313ms returns FALSE
TE8C4 263:010.000 JLINK_IsHalted()
TE8C4 263:010.208 - 0.203ms returns FALSE
T5FB0 263:111.776 JLINK_IsHalted()
T5FB0 263:112.192 - 0.405ms returns FALSE
T5FB0 263:112.272 JLINK_IsHalted()
T5FB0 263:112.544 - 0.295ms returns FALSE
TE8C4 263:119.008 JLINK_IsHalted()
TE8C4 263:119.392 - 0.373ms returns FALSE
TE8C4 263:119.408 JLINK_IsHalted()
TE8C4 263:119.648 - 0.232ms returns FALSE
TE8C4 263:228.256 JLINK_IsHalted()
TE8C4 263:228.704 - 0.429ms returns FALSE
TE8C4 263:228.832 JLINK_IsHalted()
TE8C4 263:229.152 - 0.317ms returns FALSE
TE8C4 263:337.440 JLINK_IsHalted()
TE8C4 263:337.936 - 0.502ms returns FALSE
TE8C4 263:338.064 JLINK_IsHalted()
TE8C4 263:338.496 - 0.435ms returns FALSE
TE8C4 263:447.680 JLINK_IsHalted()
TE8C4 263:448.288 - 0.608ms returns FALSE
TE8C4 263:448.480 JLINK_IsHalted()
TE8C4 263:448.992 - 0.521ms returns FALSE
TE8C4 263:556.784 JLINK_IsHalted()
TE8C4 263:557.376 - 0.592ms returns FALSE
TE8C4 263:557.552 JLINK_IsHalted()
TE8C4 263:557.840 - 0.278ms returns FALSE
TE8C4 263:666.016 JLINK_IsHalted()
TE8C4 263:666.528 - 0.498ms returns FALSE
TE8C4 263:666.640 JLINK_IsHalted()
TE8C4 263:666.992 - 0.354ms returns FALSE
TE8C4 263:775.024 JLINK_IsHalted()
TE8C4 263:776.384 - 1.345ms returns FALSE
TE8C4 263:776.464 JLINK_IsHalted()
TE8C4 263:776.736 - 0.288ms returns FALSE
TE8C4 263:884.512 JLINK_IsHalted()
TE8C4 263:885.024 - 0.504ms returns FALSE
TE8C4 263:885.184 JLINK_IsHalted()
TE8C4 263:885.568 - 0.392ms returns FALSE
TE8C4 263:993.776 JLINK_IsHalted()
TE8C4 263:994.192 - 0.407ms returns FALSE
TE8C4 263:994.240 JLINK_IsHalted()
TE8C4 263:994.528 - 0.277ms returns FALSE
TE8C4 264:103.552 JLINK_IsHalted()
TE8C4 264:103.984 - 0.433ms returns FALSE
TE8C4 264:104.096 JLINK_IsHalted()
TE8C4 264:104.448 - 0.357ms returns FALSE
T5FB0 264:113.952 JLINK_IsHalted()
T5FB0 264:114.384 - 0.455ms returns FALSE
T5FB0 264:114.464 JLINK_IsHalted()
T5FB0 264:114.736 - 0.300ms returns FALSE
TE8C4 264:213.040 JLINK_IsHalted()
TE8C4 264:213.424 - 0.374ms returns FALSE
TE8C4 264:213.456 JLINK_IsHalted()
TE8C4 264:213.680 - 0.231ms returns FALSE
TE8C4 264:322.224 JLINK_IsHalted()
TE8C4 264:322.736 - 0.510ms returns FALSE
TE8C4 264:322.848 JLINK_IsHalted()
TE8C4 264:323.248 - 0.405ms returns FALSE
TE8C4 264:431.584 JLINK_IsHalted()
TE8C4 264:432.032 - 0.452ms returns FALSE
TE8C4 264:432.208 JLINK_IsHalted()
TE8C4 264:432.672 - 0.459ms returns FALSE
TE8C4 264:541.152 JLINK_IsHalted()
TE8C4 264:541.664 - 0.514ms returns FALSE
TE8C4 264:541.824 JLINK_IsHalted()
TE8C4 264:542.256 - 0.416ms returns FALSE
TE8C4 264:650.064 JLINK_IsHalted()
TE8C4 264:650.624 - 0.548ms returns FALSE
TE8C4 264:650.752 JLINK_IsHalted()
TE8C4 264:651.104 - 0.344ms returns FALSE
TE8C4 264:759.888 JLINK_IsHalted()
TE8C4 264:761.856 - 1.986ms returns FALSE
TE8C4 264:761.952 JLINK_IsHalted()
TE8C4 264:762.240 - 0.287ms returns FALSE
TE8C4 264:868.768 JLINK_IsHalted()
TE8C4 264:869.280 - 0.524ms returns FALSE
TE8C4 264:869.344 JLINK_IsHalted()
TE8C4 264:869.712 - 0.354ms returns FALSE
TE8C4 264:978.480 JLINK_IsHalted()
TE8C4 264:985.856 - 7.383ms returns FALSE
TE8C4 264:985.952 JLINK_IsHalted()
TE8C4 264:986.288 - 0.330ms returns FALSE
TE8C4 265:087.648 JLINK_IsHalted()
TE8C4 265:088.000 - 0.365ms returns FALSE
TE8C4 265:088.080 JLINK_IsHalted()
TE8C4 265:088.432 - 0.351ms returns FALSE
T5FB0 265:115.056 JLINK_IsHalted()
T5FB0 265:115.488 - 0.419ms returns FALSE
T5FB0 265:115.600 JLINK_IsHalted()
T5FB0 265:115.904 - 0.325ms returns FALSE
TE8C4 265:198.432 JLINK_IsHalted()
TE8C4 265:199.024 - 0.595ms returns FALSE
TE8C4 265:199.200 JLINK_IsHalted()
TE8C4 265:199.568 - 0.363ms returns FALSE
TE8C4 265:306.720 JLINK_IsHalted()
TE8C4 265:307.168 - 0.426ms returns FALSE
TE8C4 265:307.216 JLINK_IsHalted()
TE8C4 265:307.552 - 0.319ms returns FALSE
TE8C4 265:416.016 JLINK_IsHalted()
TE8C4 265:416.544 - 0.526ms returns FALSE
TE8C4 265:416.704 JLINK_IsHalted()
TE8C4 265:417.056 - 0.358ms returns FALSE
TE8C4 265:525.536 JLINK_IsHalted()
TE8C4 265:526.144 - 0.623ms returns FALSE
TE8C4 265:526.240 JLINK_IsHalted()
TE8C4 265:526.624 - 0.386ms returns FALSE
TE8C4 265:634.688 JLINK_IsHalted()
TE8C4 265:635.296 - 0.624ms returns FALSE
TE8C4 265:635.488 JLINK_IsHalted()
TE8C4 265:636.000 - 0.523ms returns FALSE
TE8C4 265:744.256 JLINK_IsHalted()
TE8C4 265:744.816 - 0.574ms returns FALSE
TE8C4 265:744.992 JLINK_IsHalted()
TE8C4 265:745.488 - 0.492ms returns FALSE
TE8C4 265:853.392 JLINK_IsHalted()
TE8C4 265:853.824 - 0.431ms returns FALSE
TE8C4 265:853.920 JLINK_IsHalted()
TE8C4 265:854.208 - 0.272ms returns FALSE
TE8C4 265:963.216 JLINK_IsHalted()
TE8C4 265:964.240 - 1.015ms returns FALSE
TE8C4 265:964.288 JLINK_IsHalted()
TE8C4 265:964.720 - 0.424ms returns FALSE
TE8C4 266:071.888 JLINK_IsHalted()
TE8C4 266:072.320 - 0.447ms returns FALSE
TE8C4 266:072.480 JLINK_IsHalted()
TE8C4 266:072.864 - 0.363ms returns FALSE
T5FB0 266:117.968 JLINK_IsHalted()
T5FB0 266:118.496 - 0.531ms returns FALSE
T5FB0 266:118.624 JLINK_IsHalted()
T5FB0 266:118.912 - 0.284ms returns FALSE
TE8C4 266:181.632 JLINK_IsHalted()
TE8C4 266:182.224 - 0.595ms returns FALSE
TE8C4 266:182.368 JLINK_IsHalted()
TE8C4 266:182.736 - 0.359ms returns FALSE
TE8C4 266:290.816 JLINK_IsHalted()
TE8C4 266:291.168 - 0.379ms returns FALSE
TE8C4 266:291.248 JLINK_IsHalted()
TE8C4 266:291.552 - 0.290ms returns FALSE
TE8C4 266:399.824 JLINK_IsHalted()
TE8C4 266:400.416 - 0.582ms returns FALSE
TE8C4 266:400.560 JLINK_IsHalted()
TE8C4 266:400.992 - 0.415ms returns FALSE
TE8C4 266:509.600 JLINK_IsHalted()
TE8C4 266:510.176 - 0.575ms returns FALSE
TE8C4 266:510.368 JLINK_IsHalted()
TE8C4 266:510.816 - 0.448ms returns FALSE
TE8C4 266:619.312 JLINK_IsHalted()
TE8C4 266:619.856 - 0.535ms returns FALSE
TE8C4 266:619.952 JLINK_IsHalted()
TE8C4 266:620.384 - 0.433ms returns FALSE
TE8C4 266:728.096 JLINK_IsHalted()
TE8C4 266:728.544 - 0.465ms returns FALSE
TE8C4 266:728.624 JLINK_IsHalted()
TE8C4 266:728.992 - 0.348ms returns FALSE
TE8C4 266:837.328 JLINK_IsHalted()
TE8C4 266:837.856 - 0.536ms returns FALSE
TE8C4 266:838.048 JLINK_IsHalted()
TE8C4 266:838.400 - 0.362ms returns FALSE
TE8C4 266:947.616 JLINK_IsHalted()
TE8C4 266:948.016 - 0.420ms returns FALSE
TE8C4 266:948.064 JLINK_IsHalted()
TE8C4 266:948.352 - 0.273ms returns FALSE
TE8C4 267:056.640 JLINK_IsHalted()
TE8C4 267:057.120 - 0.475ms returns FALSE
TE8C4 267:057.184 JLINK_IsHalted()
TE8C4 267:057.456 - 0.291ms returns FALSE
T5FB0 267:120.688 JLINK_IsHalted()
T5FB0 267:121.232 - 0.530ms returns FALSE
T5FB0 267:121.312 JLINK_IsHalted()
T5FB0 267:121.632 - 0.346ms returns FALSE
TE8C4 267:166.000 JLINK_IsHalted()
TE8C4 267:166.560 - 0.572ms returns FALSE
TE8C4 267:166.672 JLINK_IsHalted()
TE8C4 267:167.008 - 0.340ms returns FALSE
TE8C4 267:275.648 JLINK_IsHalted()
TE8C4 267:276.064 - 0.406ms returns FALSE
TE8C4 267:276.128 JLINK_IsHalted()
TE8C4 267:276.416 - 0.291ms returns FALSE
TE8C4 267:385.056 JLINK_IsHalted()
TE8C4 267:385.504 - 0.439ms returns FALSE
TE8C4 267:385.568 JLINK_IsHalted()
TE8C4 267:385.952 - 0.398ms returns FALSE
TE8C4 267:494.400 JLINK_IsHalted()
TE8C4 267:494.832 - 0.432ms returns FALSE
TE8C4 267:494.912 JLINK_IsHalted()
TE8C4 267:495.200 - 0.275ms returns FALSE
TE8C4 267:602.992 JLINK_IsHalted()
TE8C4 267:603.552 - 0.570ms returns FALSE
TE8C4 267:603.744 JLINK_IsHalted()
TE8C4 267:604.256 - 0.510ms returns FALSE
TE8C4 267:712.720 JLINK_IsHalted()
TE8C4 267:713.104 - 0.390ms returns FALSE
TE8C4 267:713.200 JLINK_IsHalted()
TE8C4 267:713.504 - 0.315ms returns FALSE
TE8C4 267:822.720 JLINK_IsHalted()
TE8C4 267:823.184 - 0.448ms returns FALSE
TE8C4 267:823.280 JLINK_IsHalted()
TE8C4 267:823.616 - 0.332ms returns FALSE
TE8C4 267:932.000 JLINK_IsHalted()
TE8C4 267:932.544 - 0.541ms returns FALSE
TE8C4 267:932.720 JLINK_IsHalted()
TE8C4 267:933.056 - 0.349ms returns FALSE
TE8C4 268:040.880 JLINK_IsHalted()
TE8C4 268:041.312 - 0.444ms returns FALSE
TE8C4 268:041.424 JLINK_IsHalted()
TE8C4 268:041.760 - 0.329ms returns FALSE
T5FB0 268:123.616 JLINK_IsHalted()
T5FB0 268:123.984 - 0.344ms returns FALSE
T5FB0 268:124.032 JLINK_IsHalted()
T5FB0 268:124.256 - 0.236ms returns FALSE
TE8C4 268:150.112 JLINK_IsHalted()
TE8C4 268:150.608 - 0.486ms returns FALSE
TE8C4 268:150.784 JLINK_IsHalted()
TE8C4 268:151.216 - 0.430ms returns FALSE
TE8C4 268:259.664 JLINK_IsHalted()
TE8C4 268:260.128 - 0.447ms returns FALSE
TE8C4 268:260.224 JLINK_IsHalted()
TE8C4 268:260.576 - 0.363ms returns FALSE
TE8C4 268:368.864 JLINK_IsHalted()
TE8C4 268:369.232 - 0.362ms returns FALSE
TE8C4 268:369.280 JLINK_IsHalted()
TE8C4 268:369.504 - 0.232ms returns FALSE
TE8C4 268:478.176 JLINK_IsHalted()
TE8C4 268:478.592 - 0.399ms returns FALSE
TE8C4 268:478.656 JLINK_IsHalted()
TE8C4 268:478.976 - 0.341ms returns FALSE
TE8C4 268:588.320 JLINK_IsHalted()
TE8C4 268:588.928 - 0.614ms returns FALSE
TE8C4 268:589.120 JLINK_IsHalted()
TE8C4 268:589.600 - 0.483ms returns FALSE
TE8C4 268:697.472 JLINK_IsHalted()
TE8C4 268:697.856 - 0.383ms returns FALSE
TE8C4 268:697.920 JLINK_IsHalted()
TE8C4 268:698.176 - 0.290ms returns FALSE
TE8C4 268:806.272 JLINK_IsHalted()
TE8C4 268:806.880 - 0.615ms returns FALSE
TE8C4 268:806.976 JLINK_IsHalted()
TE8C4 268:807.360 - 0.352ms returns FALSE
TE8C4 268:915.840 JLINK_IsHalted()
TE8C4 268:916.288 - 0.452ms returns FALSE
TE8C4 268:916.384 JLINK_IsHalted()
TE8C4 268:916.672 - 0.294ms returns FALSE
TE8C4 269:025.344 JLINK_IsHalted()
TE8C4 269:025.952 - 0.599ms returns FALSE
TE8C4 269:026.112 JLINK_IsHalted()
TE8C4 269:026.496 - 0.363ms returns FALSE
T5FB0 269:125.152 JLINK_IsHalted()
T5FB0 269:125.664 - 0.534ms returns FALSE
T5FB0 269:125.760 JLINK_IsHalted()
T5FB0 269:126.144 - 0.387ms returns FALSE
TE8C4 269:134.464 JLINK_IsHalted()
TE8C4 269:134.976 - 0.495ms returns FALSE
TE8C4 269:135.104 JLINK_IsHalted()
TE8C4 269:135.424 - 0.332ms returns FALSE
TE8C4 269:244.096 JLINK_IsHalted()
TE8C4 269:244.800 - 0.671ms returns FALSE
TE8C4 269:244.928 JLINK_IsHalted()
TE8C4 269:245.376 - 0.411ms returns FALSE
TE8C4 269:352.992 JLINK_IsHalted()
TE8C4 269:353.504 - 0.503ms returns FALSE
TE8C4 269:353.696 JLINK_IsHalted()
TE8C4 269:354.144 - 0.442ms returns FALSE
TE8C4 269:462.400 JLINK_IsHalted()
TE8C4 269:462.816 - 0.412ms returns FALSE
TE8C4 269:462.848 JLINK_IsHalted()
TE8C4 269:463.104 - 0.222ms returns FALSE
TE8C4 269:572.672 JLINK_IsHalted()
TE8C4 269:573.088 - 0.432ms returns FALSE
TE8C4 269:573.152 JLINK_IsHalted()
TE8C4 269:573.568 - 0.403ms returns FALSE
TE8C4 269:682.080 JLINK_IsHalted()
TE8C4 269:682.560 - 0.492ms returns FALSE
TE8C4 269:682.688 JLINK_IsHalted()
TE8C4 269:683.008 - 0.312ms returns FALSE
TE8C4 269:790.912 JLINK_IsHalted()
TE8C4 269:791.552 - 0.671ms returns FALSE
TE8C4 269:791.744 JLINK_IsHalted()
TE8C4 269:792.096 - 0.372ms returns FALSE
TE8C4 269:900.896 JLINK_IsHalted()
TE8C4 269:901.440 - 0.537ms returns FALSE
TE8C4 269:901.600 JLINK_IsHalted()
TE8C4 269:902.016 - 0.420ms returns FALSE
TE8C4 270:010.432 JLINK_IsHalted()
TE8C4 270:010.880 - 0.457ms returns FALSE
TE8C4 270:010.944 JLINK_IsHalted()
TE8C4 270:011.232 - 0.271ms returns FALSE
TE8C4 270:118.976 JLINK_IsHalted()
TE8C4 270:119.488 - 0.464ms returns FALSE
TE8C4 270:119.552 JLINK_IsHalted()
TE8C4 270:119.872 - 0.314ms returns FALSE
T5FB0 270:128.064 JLINK_IsHalted()
T5FB0 270:128.448 - 0.403ms returns FALSE
T5FB0 270:128.576 JLINK_IsHalted()
T5FB0 270:129.856 - 1.268ms returns FALSE
TE8C4 270:228.256 JLINK_IsHalted()
TE8C4 270:228.704 - 0.442ms returns FALSE
TE8C4 270:228.800 JLINK_IsHalted()
TE8C4 270:229.248 - 0.432ms returns FALSE
TE8C4 270:337.824 JLINK_IsHalted()
TE8C4 270:338.432 - 0.597ms returns FALSE
TE8C4 270:338.592 JLINK_IsHalted()
TE8C4 270:339.008 - 0.416ms returns FALSE
TE8C4 270:447.168 JLINK_IsHalted()
TE8C4 270:450.240 - 3.073ms returns FALSE
TE8C4 270:450.336 JLINK_IsHalted()
TE8C4 270:450.624 - 0.283ms returns FALSE
TE8C4 270:556.480 JLINK_IsHalted()
TE8C4 270:556.928 - 0.450ms returns FALSE
TE8C4 270:556.992 JLINK_IsHalted()
TE8C4 270:557.344 - 0.336ms returns FALSE
TE8C4 270:665.536 JLINK_IsHalted()
TE8C4 270:666.048 - 0.476ms returns FALSE
TE8C4 270:666.112 JLINK_IsHalted()
TE8C4 270:666.400 - 0.280ms returns FALSE
TE8C4 270:775.200 JLINK_IsHalted()
TE8C4 270:775.840 - 0.640ms returns FALSE
TE8C4 270:776.000 JLINK_IsHalted()
TE8C4 270:776.384 - 0.411ms returns FALSE
TE8C4 270:885.056 JLINK_IsHalted()
TE8C4 270:885.440 - 0.389ms returns FALSE
TE8C4 270:885.536 JLINK_IsHalted()
TE8C4 270:885.824 - 0.273ms returns FALSE
TE8C4 270:994.080 JLINK_IsHalted()
TE8C4 270:994.624 - 0.562ms returns FALSE
TE8C4 270:994.688 JLINK_IsHalted()
TE8C4 270:994.976 - 0.274ms returns FALSE
TE8C4 271:103.360 JLINK_IsHalted()
TE8C4 271:103.712 - 0.345ms returns FALSE
TE8C4 271:103.808 JLINK_IsHalted()
TE8C4 271:104.128 - 0.318ms returns FALSE
T5FB0 271:131.008 JLINK_IsHalted()
T5FB0 271:131.328 - 0.323ms returns FALSE
T5FB0 271:131.456 JLINK_IsHalted()
T5FB0 271:131.776 - 0.347ms returns FALSE
TE8C4 271:213.120 JLINK_IsHalted()
TE8C4 271:213.568 - 0.474ms returns FALSE
TE8C4 271:214.272 JLINK_IsHalted()
TE8C4 271:214.944 - 0.662ms returns FALSE
TE8C4 271:322.368 JLINK_IsHalted()
TE8C4 271:322.912 - 0.556ms returns FALSE
TE8C4 271:323.040 JLINK_IsHalted()
TE8C4 271:323.360 - 0.351ms returns FALSE
TE8C4 271:431.232 JLINK_IsHalted()
TE8C4 271:431.808 - 0.601ms returns FALSE
TE8C4 271:432.000 JLINK_IsHalted()
TE8C4 271:432.448 - 0.456ms returns FALSE
TE8C4 271:541.056 JLINK_IsHalted()
TE8C4 271:541.536 - 0.508ms returns FALSE
TE8C4 271:541.696 JLINK_IsHalted()
TE8C4 271:542.080 - 0.359ms returns FALSE
TE8C4 271:650.112 JLINK_IsHalted()
TE8C4 271:650.848 - 0.719ms returns FALSE
TE8C4 271:651.104 JLINK_IsHalted()
TE8C4 271:651.392 - 0.298ms returns FALSE
TE8C4 271:759.808 JLINK_IsHalted()
TE8C4 271:760.448 - 0.633ms returns FALSE
TE8C4 271:760.576 JLINK_IsHalted()
TE8C4 271:761.024 - 0.430ms returns FALSE
TE8C4 271:868.832 JLINK_IsHalted()
TE8C4 271:869.312 - 0.472ms returns FALSE
TE8C4 271:869.376 JLINK_IsHalted()
TE8C4 271:869.792 - 0.396ms returns FALSE
TE8C4 271:978.112 JLINK_IsHalted()
TE8C4 271:978.784 - 0.663ms returns FALSE
TE8C4 271:978.880 JLINK_IsHalted()
TE8C4 271:979.200 - 0.311ms returns FALSE
TE8C4 272:087.712 JLINK_IsHalted()
TE8C4 272:088.256 - 0.539ms returns FALSE
TE8C4 272:088.320 JLINK_IsHalted()
TE8C4 272:088.672 - 0.368ms returns FALSE
T5FB0 272:132.320 JLINK_IsHalted()
T5FB0 272:132.736 - 0.419ms returns FALSE
T5FB0 272:132.832 JLINK_IsHalted()
T5FB0 272:133.152 - 0.302ms returns FALSE
TE8C4 272:198.176 JLINK_IsHalted()
TE8C4 272:198.688 - 0.504ms returns FALSE
TE8C4 272:198.720 JLINK_IsHalted()
TE8C4 272:199.008 - 0.270ms returns FALSE
TE8C4 272:306.112 JLINK_IsHalted()
TE8C4 272:306.464 - 0.346ms returns FALSE
TE8C4 272:306.496 JLINK_IsHalted()
TE8C4 272:306.720 - 0.215ms returns FALSE
TE8C4 272:415.936 JLINK_IsHalted()
TE8C4 272:416.320 - 0.400ms returns FALSE
TE8C4 272:416.384 JLINK_IsHalted()
TE8C4 272:416.704 - 0.298ms returns FALSE
TE8C4 272:524.864 JLINK_IsHalted()
TE8C4 272:525.344 - 0.480ms returns FALSE
TE8C4 272:525.472 JLINK_IsHalted()
TE8C4 272:525.824 - 0.350ms returns FALSE
TE8C4 272:634.688 JLINK_IsHalted()
TE8C4 272:635.168 - 0.499ms returns FALSE
TE8C4 272:635.328 JLINK_IsHalted()
TE8C4 272:635.616 - 0.325ms returns FALSE
TE8C4 272:744.416 JLINK_IsHalted()
TE8C4 272:744.896 - 0.464ms returns FALSE
TE8C4 272:744.960 JLINK_IsHalted()
TE8C4 272:745.280 - 0.325ms returns FALSE
TE8C4 272:853.536 JLINK_IsHalted()
TE8C4 272:853.920 - 0.394ms returns FALSE
TE8C4 272:854.016 JLINK_IsHalted()
TE8C4 272:854.336 - 0.318ms returns FALSE
TE8C4 272:962.496 JLINK_IsHalted()
TE8C4 272:962.880 - 0.413ms returns FALSE
TE8C4 272:962.976 JLINK_IsHalted()
TE8C4 272:963.328 - 0.366ms returns FALSE
TE8C4 273:071.904 JLINK_IsHalted()
TE8C4 273:072.480 - 0.599ms returns FALSE
TE8C4 273:072.640 JLINK_IsHalted()
TE8C4 273:073.056 - 0.405ms returns FALSE
T5FB0 273:135.776 JLINK_IsHalted()
T5FB0 273:136.320 - 0.565ms returns FALSE
T5FB0 273:136.416 JLINK_IsHalted()
T5FB0 273:136.736 - 0.347ms returns FALSE
TE8C4 273:181.952 JLINK_IsHalted()
TE8C4 273:182.432 - 0.474ms returns FALSE
TE8C4 273:182.528 JLINK_IsHalted()
TE8C4 273:183.040 - 0.482ms returns FALSE
TE8C4 273:290.976 JLINK_IsHalted()
TE8C4 273:291.488 - 0.517ms returns FALSE
TE8C4 273:291.616 JLINK_IsHalted()
TE8C4 273:292.096 - 0.500ms returns FALSE
TE8C4 273:400.768 JLINK_IsHalted()
TE8C4 273:401.408 - 0.654ms returns FALSE
TE8C4 273:401.600 JLINK_IsHalted()
TE8C4 273:402.048 - 0.468ms returns FALSE
TE8C4 273:509.376 JLINK_IsHalted()
TE8C4 273:509.792 - 0.413ms returns FALSE
TE8C4 273:509.888 JLINK_IsHalted()
TE8C4 273:510.208 - 0.337ms returns FALSE
TE8C4 273:618.784 JLINK_IsHalted()
TE8C4 273:619.264 - 0.479ms returns FALSE
TE8C4 273:619.360 JLINK_IsHalted()
TE8C4 273:619.712 - 0.359ms returns FALSE
TE8C4 273:728.544 JLINK_IsHalted()
TE8C4 273:728.960 - 0.408ms returns FALSE
TE8C4 273:729.024 JLINK_IsHalted()
TE8C4 273:729.312 - 0.273ms returns FALSE
TE8C4 273:837.760 JLINK_IsHalted()
TE8C4 273:838.144 - 0.345ms returns FALSE
TE8C4 273:838.176 JLINK_IsHalted()
TE8C4 273:838.400 - 0.220ms returns FALSE
TE8C4 273:946.848 JLINK_IsHalted()
TE8C4 273:947.232 - 0.397ms returns FALSE
TE8C4 273:947.360 JLINK_IsHalted()
TE8C4 273:947.680 - 0.306ms returns FALSE
TE8C4 274:056.864 JLINK_IsHalted()
TE8C4 274:057.280 - 0.422ms returns FALSE
TE8C4 274:057.408 JLINK_IsHalted()
TE8C4 274:057.696 - 0.317ms returns FALSE
T5FB0 274:138.112 JLINK_IsHalted()
T5FB0 274:138.528 - 0.416ms returns FALSE
T5FB0 274:138.592 JLINK_IsHalted()
T5FB0 274:138.880 - 0.267ms returns FALSE
TE8C4 274:165.728 JLINK_IsHalted()
TE8C4 274:166.112 - 0.384ms returns FALSE
TE8C4 274:166.208 JLINK_IsHalted()
TE8C4 274:166.528 - 0.322ms returns FALSE
TE8C4 274:275.328 JLINK_IsHalted()
TE8C4 274:275.648 - 0.345ms returns FALSE
TE8C4 274:275.744 JLINK_IsHalted()
TE8C4 274:276.032 - 0.295ms returns FALSE
TE8C4 274:385.120 JLINK_IsHalted()
TE8C4 274:385.472 - 0.348ms returns FALSE
TE8C4 274:385.600 JLINK_IsHalted()
TE8C4 274:385.888 - 0.330ms returns FALSE
TE8C4 274:494.432 JLINK_IsHalted()
TE8C4 274:494.880 - 0.421ms returns FALSE
TE8C4 274:494.912 JLINK_IsHalted()
TE8C4 274:495.168 - 0.259ms returns FALSE
TE8C4 274:604.320 JLINK_IsHalted()
TE8C4 274:604.864 - 0.550ms returns FALSE
TE8C4 274:604.992 JLINK_IsHalted()
TE8C4 274:605.440 - 0.436ms returns FALSE
TE8C4 274:713.504 JLINK_IsHalted()
TE8C4 274:713.856 - 0.360ms returns FALSE
TE8C4 274:713.920 JLINK_IsHalted()
TE8C4 274:714.208 - 0.290ms returns FALSE
TE8C4 274:821.888 JLINK_IsHalted()
TE8C4 274:822.336 - 0.446ms returns FALSE
TE8C4 274:822.400 JLINK_IsHalted()
TE8C4 274:822.592 - 0.203ms returns FALSE
TE8C4 274:932.096 JLINK_IsHalted()
TE8C4 274:932.672 - 0.607ms returns FALSE
TE8C4 274:932.800 JLINK_IsHalted()
TE8C4 274:933.248 - 0.453ms returns FALSE
TE8C4 275:040.992 JLINK_IsHalted()
TE8C4 275:041.472 - 0.471ms returns FALSE
TE8C4 275:041.600 JLINK_IsHalted()
TE8C4 275:041.984 - 0.388ms returns FALSE
T5FB0 275:141.216 JLINK_IsHalted()
T5FB0 275:141.728 - 0.504ms returns FALSE
T5FB0 275:141.824 JLINK_IsHalted()
T5FB0 275:142.080 - 0.280ms returns FALSE
TE8C4 275:150.624 JLINK_IsHalted()
TE8C4 275:151.072 - 0.443ms returns FALSE
TE8C4 275:151.168 JLINK_IsHalted()
TE8C4 275:151.584 - 0.410ms returns FALSE
TE8C4 275:259.200 JLINK_IsHalted()
TE8C4 275:259.712 - 0.481ms returns FALSE
TE8C4 275:259.840 JLINK_IsHalted()
TE8C4 275:260.224 - 0.377ms returns FALSE
TE8C4 275:370.112 JLINK_IsHalted()
TE8C4 275:370.624 - 0.513ms returns FALSE
TE8C4 275:370.752 JLINK_IsHalted()
TE8C4 275:371.200 - 0.435ms returns FALSE
TE8C4 275:478.336 JLINK_IsHalted()
TE8C4 275:478.816 - 0.476ms returns FALSE
TE8C4 275:478.912 JLINK_IsHalted()
TE8C4 275:479.232 - 0.356ms returns FALSE
TE8C4 275:588.160 JLINK_IsHalted()
TE8C4 275:588.608 - 0.460ms returns FALSE
TE8C4 275:588.672 JLINK_IsHalted()
TE8C4 275:588.896 - 0.231ms returns FALSE
TE8C4 275:697.408 JLINK_IsHalted()
TE8C4 275:697.824 - 0.402ms returns FALSE
TE8C4 275:697.888 JLINK_IsHalted()
TE8C4 275:698.240 - 0.357ms returns FALSE
TE8C4 275:806.400 JLINK_IsHalted()
TE8C4 275:806.912 - 0.506ms returns FALSE
TE8C4 275:807.072 JLINK_IsHalted()
TE8C4 275:807.360 - 0.290ms returns FALSE
TE8C4 275:915.968 JLINK_IsHalted()
TE8C4 275:916.512 - 0.529ms returns FALSE
TE8C4 275:916.608 JLINK_IsHalted()
TE8C4 275:916.960 - 0.332ms returns FALSE
TE8C4 276:025.824 JLINK_IsHalted()
TE8C4 276:026.304 - 0.465ms returns FALSE
TE8C4 276:026.432 JLINK_IsHalted()
TE8C4 276:026.848 - 0.437ms returns FALSE
TE8C4 276:134.496 JLINK_IsHalted()
TE8C4 276:134.944 - 0.435ms returns FALSE
TE8C4 276:134.976 JLINK_IsHalted()
TE8C4 276:135.360 - 0.365ms returns FALSE
T5FB0 276:144.064 JLINK_IsHalted()
T5FB0 276:144.480 - 0.420ms returns FALSE
T5FB0 276:144.576 JLINK_IsHalted()
T5FB0 276:144.832 - 0.289ms returns FALSE
TE8C4 276:244.416 JLINK_IsHalted()
TE8C4 276:244.928 - 0.472ms returns FALSE
TE8C4 276:244.992 JLINK_IsHalted()
TE8C4 276:245.248 - 0.264ms returns FALSE
TE8C4 276:353.280 JLINK_IsHalted()
TE8C4 276:353.632 - 0.345ms returns FALSE
TE8C4 276:353.728 JLINK_IsHalted()
TE8C4 276:354.080 - 0.326ms returns FALSE
TE8C4 276:462.912 JLINK_IsHalted()
TE8C4 276:463.296 - 0.372ms returns FALSE
TE8C4 276:463.328 JLINK_IsHalted()
TE8C4 276:463.936 - 0.599ms returns FALSE
TE8C4 276:572.576 JLINK_IsHalted()
TE8C4 276:573.056 - 0.487ms returns FALSE
TE8C4 276:573.152 JLINK_IsHalted()
TE8C4 276:573.568 - 0.425ms returns FALSE
TE8C4 276:682.016 JLINK_IsHalted()
TE8C4 276:682.560 - 0.535ms returns FALSE
TE8C4 276:682.688 JLINK_IsHalted()
TE8C4 276:683.616 - 0.938ms returns FALSE
TE8C4 276:790.432 JLINK_IsHalted()
TE8C4 276:790.848 - 0.433ms returns FALSE
TE8C4 276:791.104 JLINK_IsHalted()
TE8C4 276:791.456 - 0.365ms returns FALSE
TE8C4 276:900.448 JLINK_IsHalted()
TE8C4 276:900.928 - 0.438ms returns FALSE
TE8C4 276:900.992 JLINK_IsHalted()
TE8C4 276:901.248 - 0.269ms returns FALSE
TE8C4 277:010.112 JLINK_IsHalted()
TE8C4 277:010.720 - 0.584ms returns FALSE
TE8C4 277:010.880 JLINK_IsHalted()
TE8C4 277:011.392 - 0.511ms returns FALSE
TE8C4 277:119.296 JLINK_IsHalted()
TE8C4 277:119.680 - 0.381ms returns FALSE
TE8C4 277:119.808 JLINK_IsHalted()
TE8C4 277:120.096 - 0.328ms returns FALSE
T5FB0 277:146.624 JLINK_IsHalted()
T5FB0 277:147.104 - 0.499ms returns FALSE
T5FB0 277:147.200 JLINK_IsHalted()
T5FB0 277:147.488 - 0.298ms returns FALSE
TE8C4 277:228.960 JLINK_IsHalted()
TE8C4 277:229.600 - 0.618ms returns FALSE
TE8C4 277:229.728 JLINK_IsHalted()
TE8C4 277:230.112 - 0.387ms returns FALSE
TE8C4 277:337.760 JLINK_IsHalted()
TE8C4 277:338.720 - 0.972ms returns FALSE
TE8C4 277:338.816 JLINK_IsHalted()
TE8C4 277:339.360 - 0.574ms returns FALSE
TE8C4 277:447.808 JLINK_IsHalted()
TE8C4 277:448.384 - 0.584ms returns FALSE
TE8C4 277:448.480 JLINK_IsHalted()
TE8C4 277:448.768 - 0.297ms returns FALSE
TE8C4 277:556.800 JLINK_IsHalted()
TE8C4 277:557.280 - 0.458ms returns FALSE
TE8C4 277:557.344 JLINK_IsHalted()
TE8C4 277:557.728 - 0.378ms returns FALSE
TE8C4 277:666.496 JLINK_IsHalted()
TE8C4 277:667.008 - 0.512ms returns FALSE
TE8C4 277:667.136 JLINK_IsHalted()
TE8C4 277:667.584 - 0.436ms returns FALSE
TE8C4 277:775.616 JLINK_IsHalted()
TE8C4 277:776.096 - 0.487ms returns FALSE
TE8C4 277:776.256 JLINK_IsHalted()
TE8C4 277:776.576 - 0.322ms returns FALSE
TE8C4 277:885.024 JLINK_IsHalted()
TE8C4 277:885.536 - 0.496ms returns FALSE
TE8C4 277:885.664 JLINK_IsHalted()
TE8C4 277:886.112 - 0.420ms returns FALSE
TE8C4 277:994.016 JLINK_IsHalted()
TE8C4 277:994.656 - 0.632ms returns FALSE
TE8C4 277:994.784 JLINK_IsHalted()
TE8C4 277:995.200 - 0.391ms returns FALSE
TE8C4 278:103.456 JLINK_IsHalted()
TE8C4 278:104.032 - 0.596ms returns FALSE
TE8C4 278:104.192 JLINK_IsHalted()
TE8C4 278:104.608 - 0.409ms returns FALSE
T5FB0 278:148.928 JLINK_IsHalted()
T5FB0 278:149.568 - 0.609ms returns FALSE
T5FB0 278:149.664 JLINK_IsHalted()
T5FB0 278:150.048 - 0.367ms returns FALSE
TE8C4 278:212.768 JLINK_IsHalted()
TE8C4 278:213.248 - 0.482ms returns FALSE
TE8C4 278:213.376 JLINK_IsHalted()
TE8C4 278:213.792 - 0.415ms returns FALSE
TE8C4 278:322.432 JLINK_IsHalted()
TE8C4 278:322.880 - 0.448ms returns FALSE
TE8C4 278:323.008 JLINK_IsHalted()
TE8C4 278:323.392 - 0.385ms returns FALSE
TE8C4 278:432.096 JLINK_IsHalted()
TE8C4 278:432.544 - 0.439ms returns FALSE
TE8C4 278:432.576 JLINK_IsHalted()
TE8C4 278:432.832 - 0.239ms returns FALSE
TE8C4 278:541.216 JLINK_IsHalted()
TE8C4 278:541.696 - 0.481ms returns FALSE
TE8C4 278:541.856 JLINK_IsHalted()
TE8C4 278:542.208 - 0.360ms returns FALSE
TE8C4 278:649.888 JLINK_IsHalted()
TE8C4 278:650.432 - 0.523ms returns FALSE
TE8C4 278:650.528 JLINK_IsHalted()
TE8C4 278:650.944 - 0.427ms returns FALSE
TE8C4 278:760.160 JLINK_IsHalted()
TE8C4 278:760.704 - 0.548ms returns FALSE
TE8C4 278:760.832 JLINK_IsHalted()
TE8C4 278:761.216 - 0.370ms returns FALSE
TE8C4 278:868.800 JLINK_IsHalted()
TE8C4 278:869.312 - 0.489ms returns FALSE
TE8C4 278:869.440 JLINK_IsHalted()
TE8C4 278:869.792 - 0.351ms returns FALSE
TE8C4 278:978.336 JLINK_IsHalted()
TE8C4 278:979.008 - 0.663ms returns FALSE
TE8C4 278:979.104 JLINK_IsHalted()
TE8C4 278:979.392 - 0.308ms returns FALSE
TE8C4 279:087.936 JLINK_IsHalted()
TE8C4 279:088.288 - 0.336ms returns FALSE
TE8C4 279:088.320 JLINK_IsHalted()
TE8C4 279:088.544 - 0.232ms returns FALSE
T5FB0 279:151.072 JLINK_IsHalted()
T5FB0 279:151.584 - 0.519ms returns FALSE
T5FB0 279:151.776 JLINK_IsHalted()
T5FB0 279:152.128 - 0.374ms returns FALSE
TE8C4 279:198.112 JLINK_IsHalted()
TE8C4 279:198.624 - 0.491ms returns FALSE
TE8C4 279:198.784 JLINK_IsHalted()
TE8C4 279:199.168 - 0.374ms returns FALSE
TE8C4 279:306.400 JLINK_IsHalted()
TE8C4 279:306.944 - 0.556ms returns FALSE
TE8C4 279:307.104 JLINK_IsHalted()
TE8C4 279:307.552 - 0.421ms returns FALSE
TE8C4 279:416.256 JLINK_IsHalted()
TE8C4 279:416.640 - 0.380ms returns FALSE
TE8C4 279:416.672 JLINK_IsHalted()
TE8C4 279:416.960 - 0.286ms returns FALSE
TE8C4 279:525.888 JLINK_IsHalted()
TE8C4 279:527.328 - 1.438ms returns FALSE
TE8C4 279:527.488 JLINK_IsHalted()
TE8C4 279:528.768 - 1.290ms returns FALSE
TE8C4 279:635.520 JLINK_IsHalted()
TE8C4 279:635.936 - 0.422ms returns FALSE
TE8C4 279:636.032 JLINK_IsHalted()
TE8C4 279:636.352 - 0.318ms returns FALSE
TE8C4 279:744.320 JLINK_IsHalted()
TE8C4 279:744.832 - 0.536ms returns FALSE
TE8C4 279:744.928 JLINK_IsHalted()
TE8C4 279:745.280 - 0.373ms returns FALSE
TE8C4 279:853.376 JLINK_IsHalted()
TE8C4 279:853.952 - 0.567ms returns FALSE
TE8C4 279:854.112 JLINK_IsHalted()
TE8C4 279:854.528 - 0.406ms returns FALSE
TE8C4 279:962.816 JLINK_IsHalted()
TE8C4 279:963.360 - 0.538ms returns FALSE
TE8C4 279:963.456 JLINK_IsHalted()
TE8C4 279:963.840 - 0.368ms returns FALSE
TE8C4 280:073.664 JLINK_IsHalted()
TE8C4 280:074.016 - 0.379ms returns FALSE
TE8C4 280:074.080 JLINK_IsHalted()
TE8C4 280:074.336 - 0.274ms returns FALSE
T5FB0 280:152.576 JLINK_IsHalted()
T5FB0 280:153.056 - 0.508ms returns FALSE
T5FB0 280:153.216 JLINK_IsHalted()
T5FB0 280:153.600 - 0.375ms returns FALSE
TE8C4 280:181.152 JLINK_IsHalted()
TE8C4 280:181.632 - 0.484ms returns FALSE
TE8C4 280:181.760 JLINK_IsHalted()
TE8C4 280:182.080 - 0.347ms returns FALSE
TE8C4 280:290.528 JLINK_IsHalted()
TE8C4 280:291.040 - 0.500ms returns FALSE
TE8C4 280:291.136 JLINK_IsHalted()
TE8C4 280:291.520 - 0.409ms returns FALSE
TE8C4 280:400.544 JLINK_IsHalted()
TE8C4 280:401.120 - 0.605ms returns FALSE
TE8C4 280:401.280 JLINK_IsHalted()
TE8C4 280:401.664 - 0.378ms returns FALSE
TE8C4 280:510.560 JLINK_IsHalted()
TE8C4 280:511.104 - 0.531ms returns FALSE
TE8C4 280:511.232 JLINK_IsHalted()
TE8C4 280:511.680 - 0.445ms returns FALSE
TE8C4 280:619.008 JLINK_IsHalted()
TE8C4 280:619.456 - 0.457ms returns FALSE
TE8C4 280:619.552 JLINK_IsHalted()
TE8C4 280:619.872 - 0.330ms returns FALSE
TE8C4 280:728.576 JLINK_IsHalted()
TE8C4 280:729.088 - 0.506ms returns FALSE
TE8C4 280:729.216 JLINK_IsHalted()
TE8C4 280:731.680 - 2.448ms returns FALSE
TE8C4 280:838.176 JLINK_IsHalted()
TE8C4 280:838.816 - 0.637ms returns FALSE
TE8C4 280:838.976 JLINK_IsHalted()
TE8C4 280:839.424 - 0.460ms returns FALSE
TE8C4 280:947.392 JLINK_IsHalted()
TE8C4 280:947.904 - 0.465ms returns FALSE
TE8C4 280:947.936 JLINK_IsHalted()
TE8C4 280:948.160 - 0.245ms returns FALSE
TE8C4 281:056.608 JLINK_IsHalted()
TE8C4 281:057.280 - 0.677ms returns FALSE
TE8C4 281:057.568 JLINK_IsHalted()
TE8C4 281:058.112 - 0.567ms returns FALSE
T5FB0 281:154.496 JLINK_IsHalted()
T5FB0 281:154.976 - 0.466ms returns FALSE
T5FB0 281:155.104 JLINK_IsHalted()
T5FB0 281:155.456 - 0.365ms returns FALSE
TE8C4 281:165.856 JLINK_IsHalted()
TE8C4 281:166.176 - 0.347ms returns FALSE
TE8C4 281:166.272 JLINK_IsHalted()
TE8C4 281:166.528 - 0.290ms returns FALSE
TE8C4 281:274.944 JLINK_IsHalted()
TE8C4 281:275.392 - 0.466ms returns FALSE
TE8C4 281:275.456 JLINK_IsHalted()
TE8C4 281:275.840 - 0.375ms returns FALSE
TE8C4 281:384.512 JLINK_IsHalted()
TE8C4 281:384.896 - 0.422ms returns FALSE
TE8C4 281:384.992 JLINK_IsHalted()
TE8C4 281:385.344 - 0.354ms returns FALSE
TE8C4 281:493.728 JLINK_IsHalted()
TE8C4 281:494.272 - 0.547ms returns FALSE
TE8C4 281:494.464 JLINK_IsHalted()
TE8C4 281:494.720 - 0.276ms returns FALSE
TE8C4 281:603.872 JLINK_IsHalted()
TE8C4 281:604.416 - 0.541ms returns FALSE
TE8C4 281:604.512 JLINK_IsHalted()
TE8C4 281:604.800 - 0.305ms returns FALSE
TE8C4 281:712.832 JLINK_IsHalted()
TE8C4 281:713.248 - 0.442ms returns FALSE
TE8C4 281:713.344 JLINK_IsHalted()
TE8C4 281:713.856 - 0.507ms returns FALSE
TE8C4 281:823.552 JLINK_IsHalted()
TE8C4 281:824.000 - 0.441ms returns FALSE
TE8C4 281:824.064 JLINK_IsHalted()
TE8C4 281:824.416 - 0.333ms returns FALSE
TE8C4 281:931.136 JLINK_IsHalted()
TE8C4 281:931.680 - 0.549ms returns FALSE
TE8C4 281:931.808 JLINK_IsHalted()
TE8C4 281:932.288 - 0.490ms returns FALSE
TE8C4 282:040.640 JLINK_IsHalted()
TE8C4 282:041.056 - 0.412ms returns FALSE
TE8C4 282:041.152 JLINK_IsHalted()
TE8C4 282:041.408 - 0.275ms returns FALSE
TE8C4 282:149.888 JLINK_IsHalted()
TE8C4 282:150.304 - 0.408ms returns FALSE
TE8C4 282:150.400 JLINK_IsHalted()
TE8C4 282:150.720 - 0.333ms returns FALSE
T5FB0 282:156.576 JLINK_IsHalted()
T5FB0 282:156.832 - 0.265ms returns FALSE
T5FB0 282:156.896 JLINK_IsHalted()
T5FB0 282:157.184 - 0.304ms returns FALSE
TE8C4 282:259.232 JLINK_IsHalted()
TE8C4 282:259.744 - 0.524ms returns FALSE
TE8C4 282:259.872 JLINK_IsHalted()
TE8C4 282:260.416 - 0.564ms returns FALSE
TE8C4 282:369.088 JLINK_IsHalted()
TE8C4 282:369.536 - 0.423ms returns FALSE
TE8C4 282:369.600 JLINK_IsHalted()
TE8C4 282:369.888 - 0.294ms returns FALSE
TE8C4 282:478.912 JLINK_IsHalted()
TE8C4 282:479.392 - 0.495ms returns FALSE
TE8C4 282:479.552 JLINK_IsHalted()
TE8C4 282:479.936 - 0.382ms returns FALSE
TE8C4 282:588.192 JLINK_IsHalted()
TE8C4 282:588.736 - 0.540ms returns FALSE
TE8C4 282:588.896 JLINK_IsHalted()
TE8C4 282:589.280 - 0.381ms returns FALSE
TE8C4 282:696.768 JLINK_IsHalted()
TE8C4 282:697.376 - 0.564ms returns FALSE
TE8C4 282:697.728 JLINK_IsHalted()
TE8C4 282:698.560 - 0.820ms returns FALSE
TE8C4 282:806.144 JLINK_IsHalted()
TE8C4 282:806.528 - 0.374ms returns FALSE
TE8C4 282:806.592 JLINK_IsHalted()
TE8C4 282:806.880 - 0.308ms returns FALSE
TE8C4 282:915.680 JLINK_IsHalted()
TE8C4 282:916.192 - 0.503ms returns FALSE
TE8C4 282:916.288 JLINK_IsHalted()
TE8C4 282:916.608 - 0.301ms returns FALSE
TE8C4 283:025.472 JLINK_IsHalted()
TE8C4 283:026.048 - 0.568ms returns FALSE
TE8C4 283:026.176 JLINK_IsHalted()
TE8C4 283:026.592 - 0.412ms returns FALSE
TE8C4 283:134.656 JLINK_IsHalted()
TE8C4 283:135.136 - 0.443ms returns FALSE
TE8C4 283:135.232 JLINK_IsHalted()
TE8C4 283:135.648 - 0.411ms returns FALSE
T5FB0 283:158.848 JLINK_IsHalted()
T5FB0 283:159.200 - 0.362ms returns FALSE
T5FB0 283:159.232 JLINK_IsHalted()
T5FB0 283:159.552 - 0.292ms returns FALSE
TE8C4 283:244.448 JLINK_IsHalted()
TE8C4 283:244.928 - 0.493ms returns FALSE
TE8C4 283:245.024 JLINK_IsHalted()
TE8C4 283:245.312 - 0.295ms returns FALSE
TE8C4 283:353.664 JLINK_IsHalted()
TE8C4 283:354.080 - 0.425ms returns FALSE
TE8C4 283:354.176 JLINK_IsHalted()
TE8C4 283:354.432 - 0.295ms returns FALSE
TE8C4 283:462.880 JLINK_IsHalted()
TE8C4 283:463.264 - 0.379ms returns FALSE
TE8C4 283:463.328 JLINK_IsHalted()
TE8C4 283:463.552 - 0.233ms returns FALSE
TE8C4 283:572.704 JLINK_IsHalted()
TE8C4 283:573.184 - 0.477ms returns FALSE
TE8C4 283:573.280 JLINK_IsHalted()
TE8C4 283:573.664 - 0.391ms returns FALSE
TE8C4 283:681.824 JLINK_IsHalted()
TE8C4 283:682.336 - 0.514ms returns FALSE
TE8C4 283:682.496 JLINK_IsHalted()
TE8C4 283:682.848 - 0.359ms returns FALSE
TE8C4 283:791.040 JLINK_IsHalted()
TE8C4 283:791.552 - 0.534ms returns FALSE
TE8C4 283:791.712 JLINK_IsHalted()
TE8C4 283:792.160 - 0.433ms returns FALSE
TE8C4 283:900.640 JLINK_IsHalted()
TE8C4 283:901.248 - 0.609ms returns FALSE
TE8C4 283:901.440 JLINK_IsHalted()
TE8C4 283:901.888 - 0.476ms returns FALSE
TE8C4 284:009.696 JLINK_IsHalted()
TE8C4 284:010.208 - 0.506ms returns FALSE
TE8C4 284:010.304 JLINK_IsHalted()
TE8C4 284:010.848 - 0.523ms returns FALSE
TE8C4 284:118.944 JLINK_IsHalted()
TE8C4 284:119.424 - 0.464ms returns FALSE
TE8C4 284:119.488 JLINK_IsHalted()
TE8C4 284:119.840 - 0.340ms returns FALSE
T5FB0 284:161.056 JLINK_IsHalted()
T5FB0 284:161.472 - 0.413ms returns FALSE
T5FB0 284:161.600 JLINK_IsHalted()
T5FB0 284:161.888 - 0.314ms returns FALSE
TE8C4 284:228.384 JLINK_IsHalted()
TE8C4 284:228.832 - 0.465ms returns FALSE
TE8C4 284:228.928 JLINK_IsHalted()
TE8C4 284:229.312 - 0.360ms returns FALSE
TE8C4 284:337.312 JLINK_IsHalted()
TE8C4 284:337.824 - 0.488ms returns FALSE
TE8C4 284:337.984 JLINK_IsHalted()
TE8C4 284:338.496 - 0.509ms returns FALSE
TE8C4 284:447.072 JLINK_IsHalted()
TE8C4 284:447.552 - 0.461ms returns FALSE
TE8C4 284:447.616 JLINK_IsHalted()
TE8C4 284:447.936 - 0.321ms returns FALSE
TE8C4 284:556.800 JLINK_IsHalted()
TE8C4 284:557.312 - 0.503ms returns FALSE
TE8C4 284:557.440 JLINK_IsHalted()
TE8C4 284:557.760 - 0.310ms returns FALSE
TE8C4 284:666.368 JLINK_IsHalted()
TE8C4 284:666.720 - 0.363ms returns FALSE
TE8C4 284:666.816 JLINK_IsHalted()
TE8C4 284:667.168 - 0.315ms returns FALSE
TE8C4 284:776.448 JLINK_IsHalted()
TE8C4 284:777.024 - 0.587ms returns FALSE
TE8C4 284:777.184 JLINK_IsHalted()
TE8C4 284:777.696 - 0.514ms returns FALSE
TE8C4 284:884.928 JLINK_IsHalted()
TE8C4 284:885.536 - 0.602ms returns FALSE
TE8C4 284:885.600 JLINK_IsHalted()
TE8C4 284:885.952 - 0.351ms returns FALSE
TE8C4 284:994.176 JLINK_IsHalted()
TE8C4 284:994.560 - 0.389ms returns FALSE
TE8C4 284:994.624 JLINK_IsHalted()
TE8C4 284:994.912 - 0.303ms returns FALSE
TE8C4 285:102.944 JLINK_IsHalted()
TE8C4 285:103.424 - 0.476ms returns FALSE
TE8C4 285:103.552 JLINK_IsHalted()
TE8C4 285:103.904 - 0.378ms returns FALSE
T5FB0 285:163.104 JLINK_IsHalted()
T5FB0 285:163.584 - 0.454ms returns FALSE
T5FB0 285:163.648 JLINK_IsHalted()
T5FB0 285:164.000 - 0.344ms returns FALSE
TE8C4 285:212.736 JLINK_IsHalted()
TE8C4 285:213.280 - 0.562ms returns FALSE
TE8C4 285:213.408 JLINK_IsHalted()
TE8C4 285:213.824 - 0.406ms returns FALSE
TE8C4 285:322.144 JLINK_IsHalted()
TE8C4 285:322.624 - 0.478ms returns FALSE
TE8C4 285:322.720 JLINK_IsHalted()
TE8C4 285:323.072 - 0.319ms returns FALSE
TE8C4 285:431.264 JLINK_IsHalted()
TE8C4 285:431.744 - 0.468ms returns FALSE
TE8C4 285:431.808 JLINK_IsHalted()
TE8C4 285:432.320 - 0.516ms returns FALSE
TE8C4 285:540.928 JLINK_IsHalted()
TE8C4 285:541.312 - 0.389ms returns FALSE
TE8C4 285:541.408 JLINK_IsHalted()
TE8C4 285:541.792 - 0.382ms returns FALSE
TE8C4 285:650.688 JLINK_IsHalted()
TE8C4 285:651.264 - 0.567ms returns FALSE
TE8C4 285:651.424 JLINK_IsHalted()
TE8C4 285:651.904 - 0.459ms returns FALSE
TE8C4 285:759.328 JLINK_IsHalted()
TE8C4 285:759.936 - 0.600ms returns FALSE
TE8C4 285:760.096 JLINK_IsHalted()
TE8C4 285:760.576 - 0.443ms returns FALSE
TE8C4 285:869.376 JLINK_IsHalted()
TE8C4 285:869.792 - 0.435ms returns FALSE
TE8C4 285:869.888 JLINK_IsHalted()
TE8C4 285:870.240 - 0.353ms returns FALSE
TE8C4 285:979.104 JLINK_IsHalted()
TE8C4 285:979.712 - 0.566ms returns FALSE
TE8C4 285:979.776 JLINK_IsHalted()
TE8C4 285:980.224 - 0.412ms returns FALSE
TE8C4 286:087.360 JLINK_IsHalted()
TE8C4 286:087.776 - 0.442ms returns FALSE
TE8C4 286:087.872 JLINK_IsHalted()
TE8C4 286:088.224 - 0.340ms returns FALSE
T5FB0 286:166.080 JLINK_IsHalted()
T5FB0 286:166.496 - 0.416ms returns FALSE
T5FB0 286:166.560 JLINK_IsHalted()
T5FB0 286:166.848 - 0.299ms returns FALSE
TE8C4 286:196.928 JLINK_IsHalted()
TE8C4 286:197.408 - 0.486ms returns FALSE
TE8C4 286:197.504 JLINK_IsHalted()
TE8C4 286:197.824 - 0.322ms returns FALSE
TE8C4 286:306.240 JLINK_IsHalted()
TE8C4 286:306.816 - 0.543ms returns FALSE
TE8C4 286:306.976 JLINK_IsHalted()
TE8C4 286:307.392 - 0.414ms returns FALSE
TE8C4 286:416.192 JLINK_IsHalted()
TE8C4 286:416.704 - 0.503ms returns FALSE
TE8C4 286:416.832 JLINK_IsHalted()
TE8C4 286:417.216 - 0.385ms returns FALSE
TE8C4 286:525.920 JLINK_IsHalted()
TE8C4 286:526.656 - 0.713ms returns FALSE
TE8C4 286:526.720 JLINK_IsHalted()
TE8C4 286:527.104 - 0.363ms returns FALSE
TE8C4 286:635.552 JLINK_IsHalted()
TE8C4 286:636.000 - 0.447ms returns FALSE
TE8C4 286:636.096 JLINK_IsHalted()
TE8C4 286:636.416 - 0.308ms returns FALSE
TE8C4 286:743.744 JLINK_IsHalted()
TE8C4 286:744.192 - 0.432ms returns FALSE
TE8C4 286:744.256 JLINK_IsHalted()
TE8C4 286:744.640 - 0.379ms returns FALSE
TE8C4 286:853.856 JLINK_IsHalted()
TE8C4 286:854.336 - 0.488ms returns FALSE
TE8C4 286:854.464 JLINK_IsHalted()
TE8C4 286:854.848 - 0.397ms returns FALSE
TE8C4 286:963.168 JLINK_IsHalted()
TE8C4 286:963.776 - 0.613ms returns FALSE
TE8C4 286:964.032 JLINK_IsHalted()
TE8C4 286:965.280 - 1.215ms returns FALSE
TE8C4 287:072.064 JLINK_IsHalted()
TE8C4 287:072.576 - 0.492ms returns FALSE
TE8C4 287:072.672 JLINK_IsHalted()
TE8C4 287:073.088 - 0.428ms returns FALSE
T5FB0 287:169.280 JLINK_IsHalted()
T5FB0 287:169.664 - 0.370ms returns FALSE
T5FB0 287:169.696 JLINK_IsHalted()
T5FB0 287:169.920 - 0.233ms returns FALSE
TE8C4 287:182.016 JLINK_IsHalted()
TE8C4 287:182.560 - 0.546ms returns FALSE
TE8C4 287:182.656 JLINK_IsHalted()
TE8C4 287:183.136 - 0.443ms returns FALSE
TE8C4 287:290.464 JLINK_IsHalted()
TE8C4 287:290.912 - 0.423ms returns FALSE
TE8C4 287:291.008 JLINK_IsHalted()
TE8C4 287:291.328 - 0.321ms returns FALSE
TE8C4 287:400.640 JLINK_IsHalted()
TE8C4 287:401.056 - 0.445ms returns FALSE
TE8C4 287:401.152 JLINK_IsHalted()
TE8C4 287:401.440 - 0.323ms returns FALSE
TE8C4 287:509.952 JLINK_IsHalted()
TE8C4 287:510.464 - 0.520ms returns FALSE
TE8C4 287:510.592 JLINK_IsHalted()
TE8C4 287:510.912 - 0.283ms returns FALSE
TE8C4 287:619.936 JLINK_IsHalted()
TE8C4 287:620.320 - 0.387ms returns FALSE
TE8C4 287:620.384 JLINK_IsHalted()
TE8C4 287:620.672 - 0.318ms returns FALSE
TE8C4 287:728.256 JLINK_IsHalted()
TE8C4 287:728.640 - 0.381ms returns FALSE
TE8C4 287:728.704 JLINK_IsHalted()
TE8C4 287:728.960 - 0.271ms returns FALSE
TE8C4 287:837.408 JLINK_IsHalted()
TE8C4 287:837.824 - 0.405ms returns FALSE
TE8C4 287:837.888 JLINK_IsHalted()
TE8C4 287:838.112 - 0.227ms returns FALSE
TE8C4 287:946.784 JLINK_IsHalted()
TE8C4 287:947.200 - 0.399ms returns FALSE
TE8C4 287:947.232 JLINK_IsHalted()
TE8C4 287:949.760 - 2.506ms returns FALSE
TE8C4 288:056.512 JLINK_IsHalted()
TE8C4 288:057.152 - 0.672ms returns FALSE
TE8C4 288:057.408 JLINK_IsHalted()
TE8C4 288:057.728 - 0.348ms returns FALSE
TE8C4 288:165.568 JLINK_IsHalted()
TE8C4 288:165.952 - 0.349ms returns FALSE
TE8C4 288:165.984 JLINK_IsHalted()
TE8C4 288:166.304 - 0.289ms returns FALSE
T5FB0 288:171.136 JLINK_IsHalted()
T5FB0 288:171.584 - 0.465ms returns FALSE
T5FB0 288:171.712 JLINK_IsHalted()
T5FB0 288:171.968 - 0.290ms returns FALSE
TE8C4 288:275.136 JLINK_IsHalted()
TE8C4 288:275.648 - 0.522ms returns FALSE
TE8C4 288:275.776 JLINK_IsHalted()
TE8C4 288:276.768 - 0.965ms returns FALSE
TE8C4 288:384.672 JLINK_IsHalted()
TE8C4 288:385.088 - 0.445ms returns FALSE
TE8C4 288:385.152 JLINK_IsHalted()
TE8C4 288:385.472 - 0.298ms returns FALSE
TE8C4 288:494.144 JLINK_IsHalted()
TE8C4 288:494.816 - 0.682ms returns FALSE
TE8C4 288:494.944 JLINK_IsHalted()
TE8C4 288:495.424 - 0.471ms returns FALSE
TE8C4 288:603.968 JLINK_IsHalted()
TE8C4 288:604.448 - 0.504ms returns FALSE
TE8C4 288:604.608 JLINK_IsHalted()
TE8C4 288:604.992 - 0.378ms returns FALSE
TE8C4 288:712.384 JLINK_IsHalted()
TE8C4 288:712.832 - 0.435ms returns FALSE
TE8C4 288:712.896 JLINK_IsHalted()
TE8C4 288:713.152 - 0.286ms returns FALSE
TE8C4 288:822.176 JLINK_IsHalted()
TE8C4 288:822.560 - 0.391ms returns FALSE
TE8C4 288:822.624 JLINK_IsHalted()
TE8C4 288:822.912 - 0.290ms returns FALSE
TE8C4 288:931.200 JLINK_IsHalted()
TE8C4 288:931.584 - 0.386ms returns FALSE
TE8C4 288:931.648 JLINK_IsHalted()
TE8C4 288:931.936 - 0.288ms returns FALSE
TE8C4 289:040.704 JLINK_IsHalted()
TE8C4 289:041.184 - 0.460ms returns FALSE
TE8C4 289:041.280 JLINK_IsHalted()
TE8C4 289:041.600 - 0.323ms returns FALSE
TE8C4 289:150.400 JLINK_IsHalted()
TE8C4 289:150.784 - 0.385ms returns FALSE
TE8C4 289:150.912 JLINK_IsHalted()
TE8C4 289:151.200 - 0.316ms returns FALSE
T5FB0 289:173.120 JLINK_IsHalted()
T5FB0 289:173.664 - 0.536ms returns FALSE
T5FB0 289:173.792 JLINK_IsHalted()
T5FB0 289:174.080 - 0.310ms returns FALSE
TE8C4 289:259.936 JLINK_IsHalted()
TE8C4 289:261.056 - 1.105ms returns FALSE
TE8C4 289:261.152 JLINK_IsHalted()
TE8C4 289:261.664 - 0.507ms returns FALSE
TE8C4 289:368.576 JLINK_IsHalted()
TE8C4 289:368.960 - 0.382ms returns FALSE
TE8C4 289:369.024 JLINK_IsHalted()
TE8C4 289:369.312 - 0.299ms returns FALSE
TE8C4 289:478.240 JLINK_IsHalted()
TE8C4 289:478.688 - 0.448ms returns FALSE
TE8C4 289:478.752 JLINK_IsHalted()
TE8C4 289:479.168 - 0.415ms returns FALSE
TE8C4 289:588.544 JLINK_IsHalted()
TE8C4 289:588.928 - 0.397ms returns FALSE
TE8C4 289:589.024 JLINK_IsHalted()
TE8C4 289:589.312 - 0.285ms returns FALSE
TE8C4 289:697.024 JLINK_IsHalted()
TE8C4 289:697.472 - 0.431ms returns FALSE
TE8C4 289:697.536 JLINK_IsHalted()
TE8C4 289:697.824 - 0.282ms returns FALSE
TE8C4 289:806.688 JLINK_IsHalted()
TE8C4 289:807.104 - 0.411ms returns FALSE
TE8C4 289:807.200 JLINK_IsHalted()
TE8C4 289:807.552 - 0.334ms returns FALSE
TE8C4 289:916.384 JLINK_IsHalted()
TE8C4 289:916.864 - 0.451ms returns FALSE
TE8C4 289:916.896 JLINK_IsHalted()
TE8C4 289:917.184 - 0.290ms returns FALSE
TE8C4 290:025.600 JLINK_IsHalted()
TE8C4 290:026.048 - 0.440ms returns FALSE
TE8C4 290:026.112 JLINK_IsHalted()
TE8C4 290:026.496 - 0.359ms returns FALSE
TE8C4 290:134.880 JLINK_IsHalted()
TE8C4 290:135.296 - 0.409ms returns FALSE
TE8C4 290:135.392 JLINK_IsHalted()
TE8C4 290:135.744 - 0.347ms returns FALSE
T5FB0 290:175.808 JLINK_IsHalted()
T5FB0 290:176.192 - 0.397ms returns FALSE
T5FB0 290:176.320 JLINK_IsHalted()
T5FB0 290:176.608 - 0.320ms returns FALSE
TE8C4 290:243.968 JLINK_IsHalted()
TE8C4 290:244.544 - 0.595ms returns FALSE
TE8C4 290:244.736 JLINK_IsHalted()
TE8C4 290:245.184 - 0.440ms returns FALSE
TE8C4 290:353.600 JLINK_IsHalted()
TE8C4 290:354.048 - 0.435ms returns FALSE
TE8C4 290:354.144 JLINK_IsHalted()
TE8C4 290:354.496 - 0.343ms returns FALSE
TE8C4 290:462.624 JLINK_IsHalted()
TE8C4 290:463.040 - 0.430ms returns FALSE
TE8C4 290:463.136 JLINK_IsHalted()
TE8C4 290:463.424 - 0.261ms returns FALSE
TE8C4 290:572.640 JLINK_IsHalted()
TE8C4 290:573.184 - 0.531ms returns FALSE
TE8C4 290:573.280 JLINK_IsHalted()
TE8C4 290:573.600 - 0.289ms returns FALSE
TE8C4 290:681.600 JLINK_IsHalted()
TE8C4 290:682.048 - 0.445ms returns FALSE
TE8C4 290:682.144 JLINK_IsHalted()
TE8C4 290:682.400 - 0.252ms returns FALSE
TE8C4 290:790.560 JLINK_IsHalted()
TE8C4 290:790.944 - 0.385ms returns FALSE
TE8C4 290:791.008 JLINK_IsHalted()
TE8C4 290:793.120 - 2.103ms returns FALSE
TE8C4 290:900.352 JLINK_IsHalted()
TE8C4 290:900.768 - 0.396ms returns FALSE
TE8C4 290:900.832 JLINK_IsHalted()
TE8C4 290:901.088 - 0.247ms returns FALSE
TE8C4 291:009.248 JLINK_IsHalted()
TE8C4 291:009.632 - 0.383ms returns FALSE
TE8C4 291:009.696 JLINK_IsHalted()
TE8C4 291:009.984 - 0.308ms returns FALSE
TE8C4 291:118.912 JLINK_IsHalted()
TE8C4 291:119.392 - 0.483ms returns FALSE
TE8C4 291:119.552 JLINK_IsHalted()
TE8C4 291:120.000 - 0.474ms returns FALSE
T5FB0 291:177.152 JLINK_IsHalted()
T5FB0 291:177.632 - 0.469ms returns FALSE
T5FB0 291:177.760 JLINK_IsHalted()
T5FB0 291:178.048 - 0.297ms returns FALSE
TE8C4 291:228.640 JLINK_IsHalted()
TE8C4 291:229.184 - 0.535ms returns FALSE
TE8C4 291:229.376 JLINK_IsHalted()
TE8C4 291:229.824 - 0.454ms returns FALSE
TE8C4 291:338.208 JLINK_IsHalted()
TE8C4 291:338.592 - 0.404ms returns FALSE
TE8C4 291:338.688 JLINK_IsHalted()
TE8C4 291:338.944 - 0.280ms returns FALSE
TE8C4 291:447.616 JLINK_IsHalted()
TE8C4 291:448.000 - 0.418ms returns FALSE
TE8C4 291:448.096 JLINK_IsHalted()
TE8C4 291:448.448 - 0.355ms returns FALSE
TE8C4 291:556.512 JLINK_IsHalted()
TE8C4 291:556.864 - 0.363ms returns FALSE
TE8C4 291:556.928 JLINK_IsHalted()
TE8C4 291:557.216 - 0.285ms returns FALSE
TE8C4 291:665.920 JLINK_IsHalted()
TE8C4 291:666.464 - 0.543ms returns FALSE
TE8C4 291:666.624 JLINK_IsHalted()
TE8C4 291:666.880 - 0.272ms returns FALSE
TE8C4 291:775.168 JLINK_IsHalted()
TE8C4 291:775.648 - 0.472ms returns FALSE
TE8C4 291:775.744 JLINK_IsHalted()
TE8C4 291:776.160 - 0.394ms returns FALSE
TE8C4 291:885.056 JLINK_IsHalted()
TE8C4 291:885.440 - 0.377ms returns FALSE
TE8C4 291:885.504 JLINK_IsHalted()
TE8C4 291:885.728 - 0.244ms returns FALSE
TE8C4 291:994.176 JLINK_IsHalted()
TE8C4 291:994.688 - 0.490ms returns FALSE
TE8C4 291:994.816 JLINK_IsHalted()
TE8C4 291:995.200 - 0.414ms returns FALSE
TE8C4 292:104.256 JLINK_IsHalted()
TE8C4 292:104.672 - 0.427ms returns FALSE
TE8C4 292:104.768 JLINK_IsHalted()
TE8C4 292:105.024 - 0.276ms returns FALSE
T5FB0 292:179.424 JLINK_IsHalted()
T5FB0 292:179.840 - 0.408ms returns FALSE
T5FB0 292:179.936 JLINK_IsHalted()
T5FB0 292:180.288 - 0.334ms returns FALSE
TE8C4 292:212.288 JLINK_IsHalted()
TE8C4 292:212.704 - 0.414ms returns FALSE
TE8C4 292:212.800 JLINK_IsHalted()
TE8C4 292:213.056 - 0.288ms returns FALSE
TE8C4 292:322.496 JLINK_IsHalted()
TE8C4 292:323.136 - 0.652ms returns FALSE
TE8C4 292:323.200 JLINK_IsHalted()
TE8C4 292:323.488 - 0.293ms returns FALSE
TE8C4 292:431.136 JLINK_IsHalted()
TE8C4 292:431.616 - 0.481ms returns FALSE
TE8C4 292:431.712 JLINK_IsHalted()
TE8C4 292:432.032 - 0.322ms returns FALSE
TE8C4 292:540.896 JLINK_IsHalted()
TE8C4 292:541.280 - 0.400ms returns FALSE
TE8C4 292:541.440 JLINK_IsHalted()
TE8C4 292:541.728 - 0.292ms returns FALSE
TE8C4 292:650.784 JLINK_IsHalted()
TE8C4 292:651.200 - 0.425ms returns FALSE
TE8C4 292:651.328 JLINK_IsHalted()
TE8C4 292:651.616 - 0.284ms returns FALSE
TE8C4 292:759.296 JLINK_IsHalted()
TE8C4 292:759.840 - 0.522ms returns FALSE
TE8C4 292:760.000 JLINK_IsHalted()
TE8C4 292:760.384 - 0.381ms returns FALSE
TE8C4 292:869.408 JLINK_IsHalted()
TE8C4 292:869.952 - 0.534ms returns FALSE
TE8C4 292:870.080 JLINK_IsHalted()
TE8C4 292:870.400 - 0.323ms returns FALSE
TE8C4 292:978.528 JLINK_IsHalted()
TE8C4 292:978.944 - 0.397ms returns FALSE
TE8C4 292:979.008 JLINK_IsHalted()
TE8C4 292:979.264 - 0.276ms returns FALSE
TE8C4 293:088.256 JLINK_IsHalted()
TE8C4 293:088.768 - 0.522ms returns FALSE
TE8C4 293:088.960 JLINK_IsHalted()
TE8C4 293:089.312 - 0.367ms returns FALSE
T5FB0 293:181.696 JLINK_IsHalted()
T5FB0 293:182.144 - 0.443ms returns FALSE
T5FB0 293:182.240 JLINK_IsHalted()
T5FB0 293:182.560 - 0.321ms returns FALSE
TE8C4 293:196.736 JLINK_IsHalted()
TE8C4 293:197.152 - 0.414ms returns FALSE
TE8C4 293:197.248 JLINK_IsHalted()
TE8C4 293:197.504 - 0.286ms returns FALSE
TE8C4 293:306.592 JLINK_IsHalted()
TE8C4 293:307.104 - 0.491ms returns FALSE
TE8C4 293:307.232 JLINK_IsHalted()
TE8C4 293:307.584 - 0.372ms returns FALSE
TE8C4 293:415.968 JLINK_IsHalted()
TE8C4 293:416.352 - 0.394ms returns FALSE
TE8C4 293:416.448 JLINK_IsHalted()
TE8C4 293:416.768 - 0.330ms returns FALSE
TE8C4 293:525.440 JLINK_IsHalted()
TE8C4 293:525.856 - 0.413ms returns FALSE
TE8C4 293:526.016 JLINK_IsHalted()
TE8C4 293:526.400 - 0.377ms returns FALSE
TE8C4 293:634.784 JLINK_IsHalted()
TE8C4 293:635.264 - 0.469ms returns FALSE
TE8C4 293:635.360 JLINK_IsHalted()
TE8C4 293:635.648 - 0.316ms returns FALSE
TE8C4 293:744.160 JLINK_IsHalted()
TE8C4 293:744.608 - 0.464ms returns FALSE
TE8C4 293:744.736 JLINK_IsHalted()
TE8C4 293:745.088 - 0.335ms returns FALSE
TE8C4 293:853.760 JLINK_IsHalted()
TE8C4 293:854.272 - 0.531ms returns FALSE
TE8C4 293:854.368 JLINK_IsHalted()
TE8C4 293:854.784 - 0.429ms returns FALSE
TE8C4 293:963.168 JLINK_IsHalted()
TE8C4 293:963.584 - 0.411ms returns FALSE
TE8C4 293:963.648 JLINK_IsHalted()
TE8C4 293:963.936 - 0.284ms returns FALSE
TE8C4 294:073.152 JLINK_IsHalted()
TE8C4 294:073.664 - 0.522ms returns FALSE
TE8C4 294:073.792 JLINK_IsHalted()
TE8C4 294:074.176 - 0.382ms returns FALSE
TE8C4 294:181.952 JLINK_IsHalted()
TE8C4 294:182.464 - 0.500ms returns FALSE
TE8C4 294:182.560 JLINK_IsHalted()
TE8C4 294:182.848 - 0.305ms returns FALSE
T5FB0 294:182.976 JLINK_IsHalted()
T5FB0 294:183.264 - 0.317ms returns FALSE
T5FB0 294:183.328 JLINK_IsHalted()
T5FB0 294:183.552 - 0.246ms returns FALSE
TE8C4 294:291.296 JLINK_IsHalted()
TE8C4 294:292.320 - 1.022ms returns FALSE
TE8C4 294:292.512 JLINK_IsHalted()
TE8C4 294:292.832 - 0.344ms returns FALSE
TE8C4 294:400.512 JLINK_IsHalted()
TE8C4 294:400.960 - 0.431ms returns FALSE
TE8C4 294:401.088 JLINK_IsHalted()
TE8C4 294:401.504 - 0.404ms returns FALSE
TE8C4 294:510.304 JLINK_IsHalted()
TE8C4 294:510.784 - 0.471ms returns FALSE
TE8C4 294:510.912 JLINK_IsHalted()
TE8C4 294:511.200 - 0.322ms returns FALSE
TE8C4 294:618.816 JLINK_IsHalted()
TE8C4 294:619.264 - 0.442ms returns FALSE
TE8C4 294:619.328 JLINK_IsHalted()
TE8C4 294:619.616 - 0.299ms returns FALSE
TE8C4 294:728.512 JLINK_IsHalted()
TE8C4 294:728.896 - 0.411ms returns FALSE
TE8C4 294:728.992 JLINK_IsHalted()
TE8C4 294:729.248 - 0.277ms returns FALSE
TE8C4 294:837.632 JLINK_IsHalted()
TE8C4 294:838.016 - 0.385ms returns FALSE
TE8C4 294:838.080 JLINK_IsHalted()
TE8C4 294:838.368 - 0.304ms returns FALSE
TE8C4 294:947.392 JLINK_IsHalted()
TE8C4 294:947.776 - 0.371ms returns FALSE
TE8C4 294:947.840 JLINK_IsHalted()
TE8C4 294:948.128 - 0.282ms returns FALSE
TE8C4 295:056.736 JLINK_IsHalted()
TE8C4 295:057.120 - 0.380ms returns FALSE
TE8C4 295:057.184 JLINK_IsHalted()
TE8C4 295:057.472 - 0.301ms returns FALSE
TE8C4 295:165.856 JLINK_IsHalted()
TE8C4 295:166.240 - 0.394ms returns FALSE
TE8C4 295:166.304 JLINK_IsHalted()
TE8C4 295:166.592 - 0.275ms returns FALSE
T5FB0 295:184.896 JLINK_IsHalted()
T5FB0 295:185.440 - 0.540ms returns FALSE
T5FB0 295:185.504 JLINK_IsHalted()
T5FB0 295:185.760 - 0.243ms returns FALSE
TE8C4 295:275.584 JLINK_IsHalted()
TE8C4 295:276.096 - 0.467ms returns FALSE
TE8C4 295:276.224 JLINK_IsHalted()
TE8C4 295:276.576 - 0.346ms returns FALSE
TE8C4 295:384.544 JLINK_IsHalted()
TE8C4 295:385.056 - 0.507ms returns FALSE
TE8C4 295:385.248 JLINK_IsHalted()
TE8C4 295:385.536 - 0.300ms returns FALSE
TE8C4 295:494.432 JLINK_IsHalted()
TE8C4 295:494.912 - 0.496ms returns FALSE
TE8C4 295:495.040 JLINK_IsHalted()
TE8C4 295:495.424 - 0.397ms returns FALSE
TE8C4 295:603.008 JLINK_IsHalted()
TE8C4 295:603.296 - 0.319ms returns FALSE
TE8C4 295:603.360 JLINK_IsHalted()
TE8C4 295:603.584 - 0.235ms returns FALSE
TE8C4 295:713.088 JLINK_IsHalted()
TE8C4 295:713.472 - 0.406ms returns FALSE
TE8C4 295:713.536 JLINK_IsHalted()
TE8C4 295:713.824 - 0.296ms returns FALSE
TE8C4 295:822.080 JLINK_IsHalted()
TE8C4 295:822.528 - 0.430ms returns FALSE
TE8C4 295:822.592 JLINK_IsHalted()
TE8C4 295:822.944 - 0.349ms returns FALSE
TE8C4 295:931.936 JLINK_IsHalted()
TE8C4 295:932.416 - 0.493ms returns FALSE
TE8C4 295:932.512 JLINK_IsHalted()
TE8C4 295:932.864 - 0.326ms returns FALSE
TE8C4 296:041.536 JLINK_IsHalted()
TE8C4 296:042.048 - 0.518ms returns FALSE
TE8C4 296:042.176 JLINK_IsHalted()
TE8C4 296:042.432 - 0.292ms returns FALSE
TE8C4 296:150.624 JLINK_IsHalted()
TE8C4 296:150.976 - 0.352ms returns FALSE
TE8C4 296:151.104 JLINK_IsHalted()
TE8C4 296:151.360 - 0.251ms returns FALSE
T5FB0 296:186.560 JLINK_IsHalted()
T5FB0 296:187.040 - 0.496ms returns FALSE
T5FB0 296:187.200 JLINK_IsHalted()
T5FB0 296:187.584 - 0.401ms returns FALSE
TE8C4 296:259.616 JLINK_IsHalted()
TE8C4 296:260.032 - 0.439ms returns FALSE
TE8C4 296:260.160 JLINK_IsHalted()
TE8C4 296:260.480 - 0.323ms returns FALSE
TE8C4 296:369.152 JLINK_IsHalted()
TE8C4 296:369.536 - 0.382ms returns FALSE
TE8C4 296:369.632 JLINK_IsHalted()
TE8C4 296:369.888 - 0.253ms returns FALSE
TE8C4 296:478.016 JLINK_IsHalted()
TE8C4 296:478.528 - 0.516ms returns FALSE
TE8C4 296:478.688 JLINK_IsHalted()
TE8C4 296:479.040 - 0.334ms returns FALSE
TE8C4 296:588.128 JLINK_IsHalted()
TE8C4 296:588.512 - 0.385ms returns FALSE
TE8C4 296:588.608 JLINK_IsHalted()
TE8C4 296:588.864 - 0.281ms returns FALSE
TE8C4 296:697.536 JLINK_IsHalted()
TE8C4 296:697.920 - 0.399ms returns FALSE
TE8C4 296:698.048 JLINK_IsHalted()
TE8C4 296:698.400 - 0.362ms returns FALSE
TE8C4 296:806.688 JLINK_IsHalted()
TE8C4 296:807.104 - 0.438ms returns FALSE
TE8C4 296:807.200 JLINK_IsHalted()
TE8C4 296:807.552 - 0.354ms returns FALSE
TE8C4 296:915.616 JLINK_IsHalted()
TE8C4 296:916.064 - 0.476ms returns FALSE
TE8C4 296:916.192 JLINK_IsHalted()
TE8C4 296:916.512 - 0.324ms returns FALSE
TE8C4 297:025.600 JLINK_IsHalted()
TE8C4 297:026.112 - 0.499ms returns FALSE
TE8C4 297:026.336 JLINK_IsHalted()
TE8C4 297:026.688 - 0.374ms returns FALSE
TE8C4 297:134.560 JLINK_IsHalted()
TE8C4 297:135.040 - 0.480ms returns FALSE
TE8C4 297:135.104 JLINK_IsHalted()
TE8C4 297:135.392 - 0.266ms returns FALSE
T5FB0 297:189.664 JLINK_IsHalted()
T5FB0 297:190.080 - 0.398ms returns FALSE
T5FB0 297:190.144 JLINK_IsHalted()
T5FB0 297:190.400 - 0.266ms returns FALSE
TE8C4 297:243.776 JLINK_IsHalted()
TE8C4 297:244.224 - 0.466ms returns FALSE
TE8C4 297:244.352 JLINK_IsHalted()
TE8C4 297:244.672 - 0.323ms returns FALSE
TE8C4 297:353.024 JLINK_IsHalted()
TE8C4 297:353.472 - 0.471ms returns FALSE
TE8C4 297:353.632 JLINK_IsHalted()
TE8C4 297:353.984 - 0.355ms returns FALSE
TE8C4 297:462.400 JLINK_IsHalted()
TE8C4 297:463.040 - 0.644ms returns FALSE
TE8C4 297:463.200 JLINK_IsHalted()
TE8C4 297:463.680 - 0.488ms returns FALSE
TE8C4 297:571.744 JLINK_IsHalted()
TE8C4 297:572.288 - 0.545ms returns FALSE
TE8C4 297:572.384 JLINK_IsHalted()
TE8C4 297:572.896 - 0.497ms returns FALSE
TE8C4 297:681.088 JLINK_IsHalted()
TE8C4 297:681.472 - 0.383ms returns FALSE
TE8C4 297:681.568 JLINK_IsHalted()
TE8C4 297:681.888 - 0.324ms returns FALSE
TE8C4 297:791.296 JLINK_IsHalted()
TE8C4 297:791.808 - 0.501ms returns FALSE
TE8C4 297:791.936 JLINK_IsHalted()
TE8C4 297:792.320 - 0.413ms returns FALSE
TE8C4 297:900.736 JLINK_IsHalted()
TE8C4 297:901.184 - 0.432ms returns FALSE
TE8C4 297:901.248 JLINK_IsHalted()
TE8C4 297:901.504 - 0.264ms returns FALSE
TE8C4 298:009.824 JLINK_IsHalted()
TE8C4 298:010.400 - 0.559ms returns FALSE
TE8C4 298:010.496 JLINK_IsHalted()
TE8C4 298:010.816 - 0.305ms returns FALSE
TE8C4 298:118.944 JLINK_IsHalted()
TE8C4 298:119.360 - 0.440ms returns FALSE
TE8C4 298:119.456 JLINK_IsHalted()
TE8C4 298:119.744 - 0.294ms returns FALSE
T5FB0 298:191.936 JLINK_IsHalted()
T5FB0 298:192.352 - 0.405ms returns FALSE
T5FB0 298:192.416 JLINK_IsHalted()
T5FB0 298:192.704 - 0.305ms returns FALSE
TE8C4 298:228.832 JLINK_IsHalted()
TE8C4 298:229.184 - 0.345ms returns FALSE
TE8C4 298:229.248 JLINK_IsHalted()
TE8C4 298:229.536 - 0.283ms returns FALSE
TE8C4 298:337.312 JLINK_IsHalted()
TE8C4 298:337.728 - 0.411ms returns FALSE
TE8C4 298:337.792 JLINK_IsHalted()
TE8C4 298:338.080 - 0.287ms returns FALSE
TE8C4 298:446.784 JLINK_IsHalted()
TE8C4 298:447.168 - 0.412ms returns FALSE
TE8C4 298:447.264 JLINK_IsHalted()
TE8C4 298:447.552 - 0.271ms returns FALSE
TE8C4 298:556.192 JLINK_IsHalted()
TE8C4 298:556.640 - 0.450ms returns FALSE
TE8C4 298:556.736 JLINK_IsHalted()
TE8C4 298:557.088 - 0.333ms returns FALSE
TE8C4 298:666.208 JLINK_IsHalted()
TE8C4 298:666.560 - 0.350ms returns FALSE
TE8C4 298:666.624 JLINK_IsHalted()
TE8C4 298:666.944 - 0.295ms returns FALSE
TE8C4 298:774.944 JLINK_IsHalted()
TE8C4 298:775.360 - 0.414ms returns FALSE
TE8C4 298:775.392 JLINK_IsHalted()
TE8C4 298:775.680 - 0.280ms returns FALSE
TE8C4 298:884.928 JLINK_IsHalted()
TE8C4 298:885.376 - 0.447ms returns FALSE
TE8C4 298:885.472 JLINK_IsHalted()
TE8C4 298:885.824 - 0.333ms returns FALSE
TE8C4 298:994.112 JLINK_IsHalted()
TE8C4 298:994.624 - 0.485ms returns FALSE
TE8C4 298:994.720 JLINK_IsHalted()
TE8C4 298:995.040 - 0.335ms returns FALSE
TE8C4 299:103.264 JLINK_IsHalted()
TE8C4 299:103.616 - 0.356ms returns FALSE
TE8C4 299:103.648 JLINK_IsHalted()
TE8C4 299:103.904 - 0.240ms returns FALSE
T5FB0 299:193.472 JLINK_IsHalted()
T5FB0 299:193.952 - 0.488ms returns FALSE
T5FB0 299:194.048 JLINK_IsHalted()
T5FB0 299:194.400 - 0.345ms returns FALSE
TE8C4 299:212.544 JLINK_IsHalted()
TE8C4 299:213.120 - 0.563ms returns FALSE
TE8C4 299:213.248 JLINK_IsHalted()
TE8C4 299:213.600 - 0.365ms returns FALSE
TE8C4 299:322.048 JLINK_IsHalted()
TE8C4 299:322.560 - 0.486ms returns FALSE
TE8C4 299:322.624 JLINK_IsHalted()
TE8C4 299:322.976 - 0.353ms returns FALSE
TE8C4 299:431.904 JLINK_IsHalted()
TE8C4 299:432.768 - 0.843ms returns FALSE
TE8C4 299:432.832 JLINK_IsHalted()
TE8C4 299:433.088 - 0.251ms returns FALSE
TE8C4 299:540.448 JLINK_IsHalted()
TE8C4 299:540.960 - 0.518ms returns FALSE
TE8C4 299:541.120 JLINK_IsHalted()
TE8C4 299:541.536 - 0.417ms returns FALSE
TE8C4 299:649.856 JLINK_IsHalted()
TE8C4 299:650.304 - 0.448ms returns FALSE
TE8C4 299:650.496 JLINK_IsHalted()
TE8C4 299:650.880 - 0.399ms returns FALSE
TE8C4 299:759.296 JLINK_IsHalted()
TE8C4 299:759.776 - 0.477ms returns FALSE
TE8C4 299:759.808 JLINK_IsHalted()
TE8C4 299:760.224 - 0.419ms returns FALSE
TE8C4 299:868.640 JLINK_IsHalted()
TE8C4 299:868.992 - 0.327ms returns FALSE
TE8C4 299:869.024 JLINK_IsHalted()
TE8C4 299:869.248 - 0.230ms returns FALSE
TE8C4 299:978.432 JLINK_IsHalted()
TE8C4 299:978.880 - 0.421ms returns FALSE
TE8C4 299:978.944 JLINK_IsHalted()
TE8C4 299:979.232 - 0.298ms returns FALSE
TE8C4 300:088.256 JLINK_IsHalted()
TE8C4 300:088.672 - 0.431ms returns FALSE
TE8C4 300:088.768 JLINK_IsHalted()
TE8C4 300:089.120 - 0.358ms returns FALSE
T5FB0 300:195.808 JLINK_IsHalted()
T5FB0 300:196.160 - 0.366ms returns FALSE
T5FB0 300:196.256 JLINK_IsHalted()
T5FB0 300:196.544 - 0.290ms returns FALSE
TE8C4 300:196.896 JLINK_IsHalted()
TE8C4 300:197.280 - 0.405ms returns FALSE
TE8C4 300:197.344 JLINK_IsHalted()
TE8C4 300:197.632 - 0.288ms returns FALSE
TE8C4 300:306.880 JLINK_IsHalted()
TE8C4 300:307.264 - 0.392ms returns FALSE
TE8C4 300:307.392 JLINK_IsHalted()
TE8C4 300:307.648 - 0.278ms returns FALSE
TE8C4 300:416.128 JLINK_IsHalted()
TE8C4 300:416.736 - 0.621ms returns FALSE
TE8C4 300:416.864 JLINK_IsHalted()
TE8C4 300:417.184 - 0.309ms returns FALSE
TE8C4 300:525.344 JLINK_IsHalted()
TE8C4 300:525.696 - 0.372ms returns FALSE
TE8C4 300:525.760 JLINK_IsHalted()
TE8C4 300:525.984 - 0.232ms returns FALSE
TE8C4 300:635.104 JLINK_IsHalted()
TE8C4 300:635.712 - 0.603ms returns FALSE
TE8C4 300:635.840 JLINK_IsHalted()
TE8C4 300:636.224 - 0.364ms returns FALSE
TE8C4 300:744.192 JLINK_IsHalted()
TE8C4 300:744.640 - 0.430ms returns FALSE
TE8C4 300:744.736 JLINK_IsHalted()
TE8C4 300:745.056 - 0.328ms returns FALSE
TE8C4 300:853.056 JLINK_IsHalted()
TE8C4 300:853.440 - 0.389ms returns FALSE
TE8C4 300:853.472 JLINK_IsHalted()
TE8C4 300:853.792 - 0.306ms returns FALSE
TE8C4 300:963.008 JLINK_IsHalted()
TE8C4 300:963.424 - 0.405ms returns FALSE
TE8C4 300:963.520 JLINK_IsHalted()
TE8C4 300:963.808 - 0.317ms returns FALSE
TE8C4 301:072.352 JLINK_IsHalted()
TE8C4 301:072.768 - 0.401ms returns FALSE
TE8C4 301:072.832 JLINK_IsHalted()
TE8C4 301:073.120 - 0.299ms returns FALSE
TE8C4 301:181.536 JLINK_IsHalted()
TE8C4 301:181.920 - 0.373ms returns FALSE
TE8C4 301:181.984 JLINK_IsHalted()
TE8C4 301:182.272 - 0.321ms returns FALSE
T5FB0 301:197.760 JLINK_IsHalted()
T5FB0 301:198.240 - 0.464ms returns FALSE
T5FB0 301:198.336 JLINK_IsHalted()
T5FB0 301:198.720 - 0.401ms returns FALSE
TE8C4 301:290.784 JLINK_IsHalted()
TE8C4 301:291.200 - 0.446ms returns FALSE
TE8C4 301:291.392 JLINK_IsHalted()
TE8C4 301:291.776 - 0.399ms returns FALSE
TE8C4 301:399.936 JLINK_IsHalted()
TE8C4 301:400.320 - 0.384ms returns FALSE
TE8C4 301:400.384 JLINK_IsHalted()
TE8C4 301:400.640 - 0.272ms returns FALSE
TE8C4 301:509.632 JLINK_IsHalted()
TE8C4 301:510.112 - 0.476ms returns FALSE
TE8C4 301:510.240 JLINK_IsHalted()
TE8C4 301:510.624 - 0.381ms returns FALSE
TE8C4 301:619.488 JLINK_IsHalted()
TE8C4 301:619.936 - 0.459ms returns FALSE
TE8C4 301:620.032 JLINK_IsHalted()
TE8C4 301:620.384 - 0.323ms returns FALSE
TE8C4 301:728.448 JLINK_IsHalted()
TE8C4 301:728.832 - 0.364ms returns FALSE
TE8C4 301:728.960 JLINK_IsHalted()
TE8C4 301:729.248 - 0.319ms returns FALSE
TE8C4 301:837.664 JLINK_IsHalted()
TE8C4 301:838.176 - 0.506ms returns FALSE
TE8C4 301:838.272 JLINK_IsHalted()
TE8C4 301:838.528 - 0.278ms returns FALSE
TE8C4 301:946.848 JLINK_IsHalted()
TE8C4 301:947.264 - 0.405ms returns FALSE
TE8C4 301:947.328 JLINK_IsHalted()
TE8C4 301:947.616 - 0.293ms returns FALSE
TE8C4 302:056.512 JLINK_IsHalted()
TE8C4 302:056.928 - 0.400ms returns FALSE
TE8C4 302:057.056 JLINK_IsHalted()
TE8C4 302:057.408 - 0.338ms returns FALSE
TE8C4 302:166.400 JLINK_IsHalted()
TE8C4 302:166.848 - 0.463ms returns FALSE
TE8C4 302:166.912 JLINK_IsHalted()
TE8C4 302:167.232 - 0.292ms returns FALSE
T5FB0 302:200.384 JLINK_IsHalted()
T5FB0 302:200.896 - 0.495ms returns FALSE
T5FB0 302:200.992 JLINK_IsHalted()
T5FB0 302:201.312 - 0.316ms returns FALSE
TE8C4 302:274.976 JLINK_IsHalted()
TE8C4 302:275.584 - 0.605ms returns FALSE
TE8C4 302:275.648 JLINK_IsHalted()
TE8C4 302:276.032 - 0.382ms returns FALSE
TE8C4 302:384.576 JLINK_IsHalted()
TE8C4 302:385.120 - 0.533ms returns FALSE
TE8C4 302:385.280 JLINK_IsHalted()
TE8C4 302:385.696 - 0.387ms returns FALSE
TE8C4 302:494.400 JLINK_IsHalted()
TE8C4 302:494.720 - 0.352ms returns FALSE
TE8C4 302:494.784 JLINK_IsHalted()
TE8C4 302:495.008 - 0.219ms returns FALSE
TE8C4 302:603.488 JLINK_IsHalted()
TE8C4 302:603.936 - 0.431ms returns FALSE
TE8C4 302:604.000 JLINK_IsHalted()
TE8C4 302:604.256 - 0.270ms returns FALSE
TE8C4 302:713.792 JLINK_IsHalted()
TE8C4 302:714.080 - 0.324ms returns FALSE
TE8C4 302:714.176 JLINK_IsHalted()
TE8C4 302:714.400 - 0.224ms returns FALSE
TE8C4 302:822.688 JLINK_IsHalted()
TE8C4 302:823.008 - 0.334ms returns FALSE
TE8C4 302:823.104 JLINK_IsHalted()
TE8C4 302:823.360 - 0.272ms returns FALSE
TE8C4 302:932.256 JLINK_IsHalted()
TE8C4 302:932.704 - 0.446ms returns FALSE
TE8C4 302:932.768 JLINK_IsHalted()
TE8C4 302:933.056 - 0.292ms returns FALSE
TE8C4 303:041.344 JLINK_IsHalted()
TE8C4 303:041.728 - 0.405ms returns FALSE
TE8C4 303:041.824 JLINK_IsHalted()
TE8C4 303:042.112 - 0.273ms returns FALSE
TE8C4 303:150.560 JLINK_IsHalted()
TE8C4 303:151.008 - 0.443ms returns FALSE
TE8C4 303:151.072 JLINK_IsHalted()
TE8C4 303:151.424 - 0.355ms returns FALSE
T5FB0 303:201.760 JLINK_IsHalted()
T5FB0 303:202.240 - 0.452ms returns FALSE
T5FB0 303:202.336 JLINK_IsHalted()
T5FB0 303:202.720 - 0.371ms returns FALSE
TE8C4 303:259.840 JLINK_IsHalted()
TE8C4 303:260.224 - 0.422ms returns FALSE
TE8C4 303:260.352 JLINK_IsHalted()
TE8C4 303:260.672 - 0.334ms returns FALSE
TE8C4 303:368.576 JLINK_IsHalted()
TE8C4 303:368.960 - 0.364ms returns FALSE
TE8C4 303:369.024 JLINK_IsHalted()
TE8C4 303:369.280 - 0.289ms returns FALSE
TE8C4 303:478.656 JLINK_IsHalted()
TE8C4 303:479.168 - 0.505ms returns FALSE
TE8C4 303:479.232 JLINK_IsHalted()
TE8C4 303:479.648 - 0.409ms returns FALSE
TE8C4 303:587.744 JLINK_IsHalted()
TE8C4 303:588.160 - 0.398ms returns FALSE
TE8C4 303:588.224 JLINK_IsHalted()
TE8C4 303:588.576 - 0.343ms returns FALSE
TE8C4 303:698.080 JLINK_IsHalted()
TE8C4 303:700.928 - 2.835ms returns FALSE
TE8C4 303:700.992 JLINK_IsHalted()
TE8C4 303:701.312 - 0.320ms returns FALSE
TE8C4 303:806.656 JLINK_IsHalted()
TE8C4 303:807.040 - 0.372ms returns FALSE
TE8C4 303:807.136 JLINK_IsHalted()
TE8C4 303:807.424 - 0.275ms returns FALSE
TE8C4 303:916.704 JLINK_IsHalted()
TE8C4 303:917.088 - 0.377ms returns FALSE
TE8C4 303:917.152 JLINK_IsHalted()
TE8C4 303:917.408 - 0.278ms returns FALSE
TE8C4 304:025.600 JLINK_IsHalted()
TE8C4 304:026.688 - 1.082ms returns FALSE
TE8C4 304:026.784 JLINK_IsHalted()
TE8C4 304:027.136 - 0.350ms returns FALSE
TE8C4 304:134.496 JLINK_IsHalted()
TE8C4 304:134.848 - 0.352ms returns FALSE
TE8C4 304:134.944 JLINK_IsHalted()
TE8C4 304:135.264 - 0.323ms returns FALSE
T5FB0 304:204.096 JLINK_IsHalted()
T5FB0 304:204.576 - 0.440ms returns FALSE
T5FB0 304:204.608 JLINK_IsHalted()
T5FB0 304:204.896 - 0.294ms returns FALSE
TE8C4 304:244.000 JLINK_IsHalted()
TE8C4 304:244.512 - 0.512ms returns FALSE
TE8C4 304:244.576 JLINK_IsHalted()
TE8C4 304:244.864 - 0.264ms returns FALSE
TE8C4 304:352.960 JLINK_IsHalted()
TE8C4 304:353.440 - 0.445ms returns FALSE
TE8C4 304:353.536 JLINK_IsHalted()
TE8C4 304:353.856 - 0.331ms returns FALSE
TE8C4 304:462.560 JLINK_IsHalted()
TE8C4 304:463.008 - 0.439ms returns FALSE
TE8C4 304:463.072 JLINK_IsHalted()
TE8C4 304:463.424 - 0.326ms returns FALSE
TE8C4 304:572.320 JLINK_IsHalted()
TE8C4 304:572.832 - 0.512ms returns FALSE
TE8C4 304:572.928 JLINK_IsHalted()
TE8C4 304:573.248 - 0.337ms returns FALSE
TE8C4 304:681.408 JLINK_IsHalted()
TE8C4 304:681.888 - 0.467ms returns FALSE
TE8C4 304:682.464 JLINK_IsHalted()
TE8C4 304:683.328 - 0.867ms returns FALSE
TE8C4 304:790.912 JLINK_IsHalted()
TE8C4 304:791.360 - 0.425ms returns FALSE
TE8C4 304:791.392 JLINK_IsHalted()
TE8C4 304:791.680 - 0.282ms returns FALSE
TE8C4 304:900.224 JLINK_IsHalted()
TE8C4 304:900.608 - 0.371ms returns FALSE
TE8C4 304:900.672 JLINK_IsHalted()
TE8C4 304:900.960 - 0.281ms returns FALSE
TE8C4 305:009.632 JLINK_IsHalted()
TE8C4 305:010.080 - 0.415ms returns FALSE
TE8C4 305:010.112 JLINK_IsHalted()
TE8C4 305:010.400 - 0.291ms returns FALSE
TE8C4 305:119.296 JLINK_IsHalted()
TE8C4 305:119.808 - 0.480ms returns FALSE
TE8C4 305:119.936 JLINK_IsHalted()
TE8C4 305:120.448 - 0.495ms returns FALSE
T5FB0 305:207.168 JLINK_IsHalted()
T5FB0 305:207.648 - 0.485ms returns FALSE
T5FB0 305:207.744 JLINK_IsHalted()
T5FB0 305:208.032 - 0.296ms returns FALSE
TE8C4 305:228.352 JLINK_IsHalted()
TE8C4 305:228.896 - 0.548ms returns FALSE
TE8C4 305:228.992 JLINK_IsHalted()
TE8C4 305:229.280 - 0.301ms returns FALSE
TE8C4 305:338.272 JLINK_IsHalted()
TE8C4 305:338.656 - 0.402ms returns FALSE
TE8C4 305:338.752 JLINK_IsHalted()
TE8C4 305:339.008 - 0.268ms returns FALSE
TE8C4 305:447.488 JLINK_IsHalted()
TE8C4 305:447.872 - 0.373ms returns FALSE
TE8C4 305:447.872 JLINK_IsHalted()
TE8C4 305:448.128 - 0.225ms returns FALSE
TE8C4 305:556.224 JLINK_IsHalted()
TE8C4 305:556.576 - 0.365ms returns FALSE
TE8C4 305:556.640 JLINK_IsHalted()
TE8C4 305:556.928 - 0.293ms returns FALSE
TE8C4 305:666.080 JLINK_IsHalted()
TE8C4 305:667.200 - 1.120ms returns FALSE
TE8C4 305:667.296 JLINK_IsHalted()
TE8C4 305:667.584 - 0.277ms returns FALSE
TE8C4 305:775.680 JLINK_IsHalted()
TE8C4 305:776.128 - 0.420ms returns FALSE
TE8C4 305:776.224 JLINK_IsHalted()
TE8C4 305:776.576 - 0.327ms returns FALSE
TE8C4 305:884.384 JLINK_IsHalted()
TE8C4 305:884.896 - 0.513ms returns FALSE
TE8C4 305:885.024 JLINK_IsHalted()
TE8C4 305:885.376 - 0.333ms returns FALSE
TE8C4 305:994.176 JLINK_IsHalted()
TE8C4 305:994.560 - 0.397ms returns FALSE
TE8C4 305:994.624 JLINK_IsHalted()
TE8C4 305:994.944 - 0.300ms returns FALSE
TE8C4 306:103.264 JLINK_IsHalted()
TE8C4 306:103.744 - 0.471ms returns FALSE
TE8C4 306:103.872 JLINK_IsHalted()
TE8C4 306:104.128 - 0.267ms returns FALSE
T5FB0 306:208.448 JLINK_IsHalted()
T5FB0 306:208.832 - 0.376ms returns FALSE
T5FB0 306:208.864 JLINK_IsHalted()
T5FB0 306:209.088 - 0.212ms returns FALSE
TE8C4 306:213.184 JLINK_IsHalted()
TE8C4 306:213.568 - 0.376ms returns FALSE
TE8C4 306:213.600 JLINK_IsHalted()
TE8C4 306:213.920 - 0.306ms returns FALSE
TE8C4 306:321.696 JLINK_IsHalted()
TE8C4 306:322.176 - 0.503ms returns FALSE
TE8C4 306:322.368 JLINK_IsHalted()
TE8C4 306:322.752 - 0.416ms returns FALSE
TE8C4 306:431.424 JLINK_IsHalted()
TE8C4 306:431.808 - 0.409ms returns FALSE
TE8C4 306:431.840 JLINK_IsHalted()
TE8C4 306:432.096 - 0.238ms returns FALSE
TE8C4 306:541.760 JLINK_IsHalted()
TE8C4 306:542.176 - 0.408ms returns FALSE
TE8C4 306:542.240 JLINK_IsHalted()
TE8C4 306:542.528 - 0.289ms returns FALSE
TE8C4 306:650.080 JLINK_IsHalted()
TE8C4 306:650.560 - 0.459ms returns FALSE
TE8C4 306:650.688 JLINK_IsHalted()
TE8C4 306:651.104 - 0.438ms returns FALSE
TE8C4 306:759.840 JLINK_IsHalted()
TE8C4 306:760.288 - 0.470ms returns FALSE
TE8C4 306:760.384 JLINK_IsHalted()
TE8C4 306:760.672 - 0.281ms returns FALSE
TE8C4 306:869.056 JLINK_IsHalted()
TE8C4 306:869.568 - 0.493ms returns FALSE
TE8C4 306:869.664 JLINK_IsHalted()
TE8C4 306:869.952 - 0.308ms returns FALSE
TE8C4 306:978.688 JLINK_IsHalted()
TE8C4 306:979.136 - 0.435ms returns FALSE
TE8C4 306:979.264 JLINK_IsHalted()
TE8C4 306:979.616 - 0.356ms returns FALSE
TE8C4 307:087.840 JLINK_IsHalted()
TE8C4 307:088.288 - 0.424ms returns FALSE
TE8C4 307:088.352 JLINK_IsHalted()
TE8C4 307:088.704 - 0.326ms returns FALSE
TE8C4 307:197.152 JLINK_IsHalted()
TE8C4 307:197.536 - 0.380ms returns FALSE
TE8C4 307:197.600 JLINK_IsHalted()
TE8C4 307:197.888 - 0.278ms returns FALSE
T5FB0 307:210.464 JLINK_IsHalted()
T5FB0 307:210.880 - 0.407ms returns FALSE
T5FB0 307:210.976 JLINK_IsHalted()
T5FB0 307:211.328 - 0.340ms returns FALSE
TE8C4 307:306.528 JLINK_IsHalted()
TE8C4 307:306.944 - 0.416ms returns FALSE
TE8C4 307:307.040 JLINK_IsHalted()
TE8C4 307:307.392 - 0.341ms returns FALSE
TE8C4 307:416.000 JLINK_IsHalted()
TE8C4 307:416.384 - 0.371ms returns FALSE
TE8C4 307:416.448 JLINK_IsHalted()
TE8C4 307:416.736 - 0.276ms returns FALSE
TE8C4 307:525.696 JLINK_IsHalted()
TE8C4 307:526.176 - 0.454ms returns FALSE
TE8C4 307:526.336 JLINK_IsHalted()
TE8C4 307:526.624 - 0.310ms returns FALSE
TE8C4 307:634.496 JLINK_IsHalted()
TE8C4 307:634.976 - 0.490ms returns FALSE
TE8C4 307:635.072 JLINK_IsHalted()
TE8C4 307:635.488 - 0.416ms returns FALSE
TE8C4 307:744.672 JLINK_IsHalted()
TE8C4 307:745.024 - 0.358ms returns FALSE
TE8C4 307:745.088 JLINK_IsHalted()
TE8C4 307:745.376 - 0.286ms returns FALSE
TE8C4 307:853.312 JLINK_IsHalted()
TE8C4 307:853.824 - 0.511ms returns FALSE
TE8C4 307:853.984 JLINK_IsHalted()
TE8C4 307:854.336 - 0.370ms returns FALSE
TE8C4 307:962.912 JLINK_IsHalted()
TE8C4 307:963.264 - 0.364ms returns FALSE
TE8C4 307:963.328 JLINK_IsHalted()
TE8C4 307:963.616 - 0.286ms returns FALSE
TE8C4 308:072.512 JLINK_IsHalted()
TE8C4 308:072.896 - 0.415ms returns FALSE
TE8C4 308:072.960 JLINK_IsHalted()
TE8C4 308:073.280 - 0.285ms returns FALSE
TE8C4 308:181.504 JLINK_IsHalted()
TE8C4 308:182.048 - 0.529ms returns FALSE
TE8C4 308:182.144 JLINK_IsHalted()
TE8C4 308:182.528 - 0.400ms returns FALSE
T5FB0 308:212.608 JLINK_IsHalted()
T5FB0 308:213.024 - 0.402ms returns FALSE
T5FB0 308:213.120 JLINK_IsHalted()
T5FB0 308:213.440 - 0.333ms returns FALSE
TE8C4 308:291.328 JLINK_IsHalted()
TE8C4 308:291.776 - 0.449ms returns FALSE
TE8C4 308:291.872 JLINK_IsHalted()
TE8C4 308:292.192 - 0.331ms returns FALSE
TE8C4 308:400.064 JLINK_IsHalted()
TE8C4 308:400.480 - 0.437ms returns FALSE
TE8C4 308:400.576 JLINK_IsHalted()
TE8C4 308:400.896 - 0.331ms returns FALSE
TE8C4 308:510.080 JLINK_IsHalted()
TE8C4 308:510.656 - 0.556ms returns FALSE
TE8C4 308:510.816 JLINK_IsHalted()
TE8C4 308:511.232 - 0.398ms returns FALSE
TE8C4 308:620.032 JLINK_IsHalted()
TE8C4 308:620.384 - 0.367ms returns FALSE
TE8C4 308:620.480 JLINK_IsHalted()
TE8C4 308:620.832 - 0.323ms returns FALSE
TE8C4 308:727.936 JLINK_IsHalted()
TE8C4 308:728.384 - 0.434ms returns FALSE
TE8C4 308:728.416 JLINK_IsHalted()
TE8C4 308:728.704 - 0.276ms returns FALSE
TE8C4 308:837.888 JLINK_IsHalted()
TE8C4 308:838.208 - 0.334ms returns FALSE
TE8C4 308:838.272 JLINK_IsHalted()
TE8C4 308:838.496 - 0.237ms returns FALSE
TE8C4 308:946.880 JLINK_IsHalted()
TE8C4 308:947.264 - 0.390ms returns FALSE
TE8C4 308:947.328 JLINK_IsHalted()
TE8C4 308:947.648 - 0.291ms returns FALSE
TE8C4 309:056.992 JLINK_IsHalted()
TE8C4 309:057.504 - 0.512ms returns FALSE
TE8C4 309:057.600 JLINK_IsHalted()
TE8C4 309:057.888 - 0.300ms returns FALSE
TE8C4 309:165.664 JLINK_IsHalted()
TE8C4 309:166.080 - 0.409ms returns FALSE
TE8C4 309:166.176 JLINK_IsHalted()
TE8C4 309:166.528 - 0.309ms returns FALSE
T5FB0 309:215.296 JLINK_IsHalted()
T5FB0 309:215.712 - 0.423ms returns FALSE
T5FB0 309:215.776 JLINK_IsHalted()
T5FB0 309:216.064 - 0.299ms returns FALSE
TE8C4 309:274.880 JLINK_IsHalted()
TE8C4 309:275.296 - 0.390ms returns FALSE
TE8C4 309:275.328 JLINK_IsHalted()
TE8C4 309:275.616 - 0.286ms returns FALSE
TE8C4 309:384.384 JLINK_IsHalted()
TE8C4 309:384.768 - 0.399ms returns FALSE
TE8C4 309:384.800 JLINK_IsHalted()
TE8C4 309:385.024 - 0.222ms returns FALSE
TE8C4 309:494.400 JLINK_IsHalted()
TE8C4 309:494.976 - 0.553ms returns FALSE
TE8C4 309:495.136 JLINK_IsHalted()
TE8C4 309:495.808 - 0.667ms returns FALSE
TE8C4 309:603.936 JLINK_IsHalted()
TE8C4 309:604.256 - 0.320ms returns FALSE
TE8C4 309:604.384 JLINK_IsHalted()
TE8C4 309:604.672 - 0.304ms returns FALSE
TE8C4 309:712.832 JLINK_IsHalted()
TE8C4 309:713.280 - 0.454ms returns FALSE
TE8C4 309:713.344 JLINK_IsHalted()
TE8C4 309:713.728 - 0.373ms returns FALSE
TE8C4 309:822.400 JLINK_IsHalted()
TE8C4 309:822.912 - 0.528ms returns FALSE
TE8C4 309:823.104 JLINK_IsHalted()
TE8C4 309:823.456 - 0.360ms returns FALSE
TE8C4 309:932.064 JLINK_IsHalted()
TE8C4 309:933.184 - 1.117ms returns FALSE
TE8C4 309:933.280 JLINK_IsHalted()
TE8C4 309:933.696 - 0.413ms returns FALSE
TE8C4 310:041.280 JLINK_IsHalted()
TE8C4 310:041.856 - 0.586ms returns FALSE
TE8C4 310:041.952 JLINK_IsHalted()
TE8C4 310:042.432 - 0.468ms returns FALSE
TE8C4 310:150.176 JLINK_IsHalted()
TE8C4 310:150.848 - 0.684ms returns FALSE
TE8C4 310:151.008 JLINK_IsHalted()
TE8C4 310:151.392 - 0.394ms returns FALSE
T5FB0 310:216.288 JLINK_IsHalted()
T5FB0 310:216.672 - 0.378ms returns FALSE
T5FB0 310:216.768 JLINK_IsHalted()
T5FB0 310:217.088 - 0.319ms returns FALSE
TE8C4 310:259.520 JLINK_IsHalted()
TE8C4 310:260.160 - 0.612ms returns FALSE
TE8C4 310:260.256 JLINK_IsHalted()
TE8C4 310:260.768 - 0.518ms returns FALSE
TE8C4 310:369.248 JLINK_IsHalted()
TE8C4 310:369.728 - 0.482ms returns FALSE
TE8C4 310:369.856 JLINK_IsHalted()
TE8C4 310:370.240 - 0.393ms returns FALSE
TE8C4 310:478.368 JLINK_IsHalted()
TE8C4 310:478.784 - 0.425ms returns FALSE
TE8C4 310:478.912 JLINK_IsHalted()
TE8C4 310:479.360 - 0.457ms returns FALSE
TE8C4 310:588.416 JLINK_IsHalted()
TE8C4 310:588.864 - 0.446ms returns FALSE
TE8C4 310:588.928 JLINK_IsHalted()
TE8C4 310:589.248 - 0.290ms returns FALSE
TE8C4 310:696.832 JLINK_IsHalted()
TE8C4 310:697.248 - 0.420ms returns FALSE
TE8C4 310:697.312 JLINK_IsHalted()
TE8C4 310:697.600 - 0.268ms returns FALSE
TE8C4 310:806.080 JLINK_IsHalted()
TE8C4 310:806.592 - 0.505ms returns FALSE
TE8C4 310:806.720 JLINK_IsHalted()
TE8C4 310:807.104 - 0.358ms returns FALSE
TE8C4 310:916.480 JLINK_IsHalted()
TE8C4 310:917.248 - 0.748ms returns FALSE
TE8C4 310:917.312 JLINK_IsHalted()
TE8C4 310:917.568 - 0.276ms returns FALSE
TE8C4 311:025.568 JLINK_IsHalted()
TE8C4 311:025.984 - 0.396ms returns FALSE
TE8C4 311:026.112 JLINK_IsHalted()
TE8C4 311:026.464 - 0.335ms returns FALSE
TE8C4 311:134.912 JLINK_IsHalted()
TE8C4 311:139.872 - 4.984ms returns FALSE
TE8C4 311:139.936 JLINK_IsHalted()
TE8C4 311:140.224 - 0.281ms returns FALSE
T5FB0 311:218.816 JLINK_IsHalted()
T5FB0 311:219.136 - 0.350ms returns FALSE
T5FB0 311:219.232 JLINK_IsHalted()
T5FB0 311:219.520 - 0.286ms returns FALSE
TE8C4 311:243.872 JLINK_IsHalted()
TE8C4 311:244.448 - 0.559ms returns FALSE
TE8C4 311:244.576 JLINK_IsHalted()
TE8C4 311:244.928 - 0.361ms returns FALSE
TE8C4 311:353.568 JLINK_IsHalted()
TE8C4 311:354.112 - 0.527ms returns FALSE
TE8C4 311:354.240 JLINK_IsHalted()
TE8C4 311:354.656 - 0.403ms returns FALSE
TE8C4 311:462.592 JLINK_IsHalted()
TE8C4 311:463.200 - 0.598ms returns FALSE
TE8C4 311:463.360 JLINK_IsHalted()
TE8C4 311:463.808 - 0.467ms returns FALSE
TE8C4 311:571.808 JLINK_IsHalted()
TE8C4 311:572.384 - 0.577ms returns FALSE
TE8C4 311:572.544 JLINK_IsHalted()
TE8C4 311:572.896 - 0.369ms returns FALSE
TE8C4 311:681.248 JLINK_IsHalted()
TE8C4 311:681.760 - 0.511ms returns FALSE
TE8C4 311:681.920 JLINK_IsHalted()
TE8C4 311:682.304 - 0.394ms returns FALSE
TE8C4 311:791.072 JLINK_IsHalted()
TE8C4 311:791.520 - 0.419ms returns FALSE
TE8C4 311:791.680 JLINK_IsHalted()
TE8C4 311:792.256 - 0.565ms returns FALSE
TE8C4 311:900.416 JLINK_IsHalted()
TE8C4 311:900.992 - 0.563ms returns FALSE
TE8C4 311:901.120 JLINK_IsHalted()
TE8C4 311:901.536 - 0.437ms returns FALSE
TE8C4 312:009.792 JLINK_IsHalted()
TE8C4 312:010.432 - 0.640ms returns FALSE
TE8C4 312:010.592 JLINK_IsHalted()
TE8C4 312:011.168 - 0.547ms returns FALSE
TE8C4 312:118.880 JLINK_IsHalted()
TE8C4 312:119.328 - 0.440ms returns FALSE
TE8C4 312:119.424 JLINK_IsHalted()
TE8C4 312:119.680 - 0.251ms returns FALSE
T5FB0 312:220.832 JLINK_IsHalted()
T5FB0 312:221.248 - 0.443ms returns FALSE
T5FB0 312:221.376 JLINK_IsHalted()
T5FB0 312:221.696 - 0.309ms returns FALSE
TE8C4 312:228.032 JLINK_IsHalted()
TE8C4 312:228.416 - 0.386ms returns FALSE
TE8C4 312:228.512 JLINK_IsHalted()
TE8C4 312:228.864 - 0.368ms returns FALSE
TE8C4 312:337.984 JLINK_IsHalted()
TE8C4 312:338.400 - 0.407ms returns FALSE
TE8C4 312:338.464 JLINK_IsHalted()
TE8C4 312:338.752 - 0.297ms returns FALSE
TE8C4 312:447.296 JLINK_IsHalted()
TE8C4 312:447.776 - 0.475ms returns FALSE
TE8C4 312:447.936 JLINK_IsHalted()
TE8C4 312:448.320 - 0.405ms returns FALSE
TE8C4 312:556.704 JLINK_IsHalted()
TE8C4 312:557.248 - 0.579ms returns FALSE
TE8C4 312:557.376 JLINK_IsHalted()
TE8C4 312:557.760 - 0.406ms returns FALSE
TE8C4 312:665.632 JLINK_IsHalted()
TE8C4 312:666.176 - 0.543ms returns FALSE
TE8C4 312:666.304 JLINK_IsHalted()
TE8C4 312:666.592 - 0.326ms returns FALSE
TE8C4 312:775.232 JLINK_IsHalted()
TE8C4 312:775.616 - 0.374ms returns FALSE
TE8C4 312:775.680 JLINK_IsHalted()
TE8C4 312:775.936 - 0.271ms returns FALSE
TE8C4 312:884.416 JLINK_IsHalted()
TE8C4 312:884.896 - 0.492ms returns FALSE
TE8C4 312:885.056 JLINK_IsHalted()
TE8C4 312:885.408 - 0.363ms returns FALSE
TE8C4 312:993.728 JLINK_IsHalted()
TE8C4 312:994.240 - 0.507ms returns FALSE
TE8C4 312:994.368 JLINK_IsHalted()
TE8C4 312:994.752 - 0.384ms returns FALSE
TE8C4 313:103.424 JLINK_IsHalted()
TE8C4 313:103.936 - 0.482ms returns FALSE
TE8C4 313:104.032 JLINK_IsHalted()
TE8C4 313:104.320 - 0.278ms returns FALSE
TE8C4 313:213.088 JLINK_IsHalted()
TE8C4 313:213.504 - 0.425ms returns FALSE
TE8C4 313:213.568 JLINK_IsHalted()
TE8C4 313:213.952 - 0.377ms returns FALSE
T5FB0 313:223.456 JLINK_IsHalted()
T5FB0 313:224.000 - 0.518ms returns FALSE
T5FB0 313:224.128 JLINK_IsHalted()
T5FB0 313:224.480 - 0.359ms returns FALSE
TE8C4 313:321.888 JLINK_IsHalted()
TE8C4 313:322.400 - 0.502ms returns FALSE
TE8C4 313:322.560 JLINK_IsHalted()
TE8C4 313:322.944 - 0.408ms returns FALSE
TE8C4 313:431.424 JLINK_IsHalted()
TE8C4 313:431.872 - 0.465ms returns FALSE
TE8C4 313:432.032 JLINK_IsHalted()
TE8C4 313:432.416 - 0.387ms returns FALSE
TE8C4 313:540.544 JLINK_IsHalted()
TE8C4 313:541.184 - 0.625ms returns FALSE
TE8C4 313:541.344 JLINK_IsHalted()
TE8C4 313:541.792 - 0.446ms returns FALSE
TE8C4 313:650.880 JLINK_IsHalted()
TE8C4 313:651.488 - 0.573ms returns FALSE
TE8C4 313:651.520 JLINK_IsHalted()
TE8C4 313:651.872 - 0.322ms returns FALSE
TE8C4 313:760.512 JLINK_IsHalted()
TE8C4 313:761.056 - 0.540ms returns FALSE
TE8C4 313:761.216 JLINK_IsHalted()
TE8C4 313:761.568 - 0.356ms returns FALSE
TE8C4 313:869.312 JLINK_IsHalted()
TE8C4 313:869.760 - 0.454ms returns FALSE
TE8C4 313:869.824 JLINK_IsHalted()
TE8C4 313:870.208 - 0.366ms returns FALSE
TE8C4 313:978.592 JLINK_IsHalted()
TE8C4 313:979.104 - 0.513ms returns FALSE
TE8C4 313:979.296 JLINK_IsHalted()
TE8C4 313:979.616 - 0.328ms returns FALSE
TE8C4 314:087.648 JLINK_IsHalted()
TE8C4 314:088.160 - 0.509ms returns FALSE
TE8C4 314:088.320 JLINK_IsHalted()
TE8C4 314:088.736 - 0.412ms returns FALSE
TE8C4 314:197.440 JLINK_IsHalted()
TE8C4 314:197.952 - 0.517ms returns FALSE
TE8C4 314:198.112 JLINK_IsHalted()
TE8C4 314:198.496 - 0.395ms returns FALSE
T5FB0 314:225.504 JLINK_IsHalted()
T5FB0 314:226.112 - 0.582ms returns FALSE
T5FB0 314:226.208 JLINK_IsHalted()
T5FB0 314:226.592 - 0.379ms returns FALSE
TE8C4 314:306.720 JLINK_IsHalted()
TE8C4 314:307.456 - 0.734ms returns FALSE
TE8C4 314:307.584 JLINK_IsHalted()
TE8C4 314:307.968 - 0.397ms returns FALSE
TE8C4 314:416.320 JLINK_IsHalted()
TE8C4 314:416.704 - 0.404ms returns FALSE
TE8C4 314:416.768 JLINK_IsHalted()
TE8C4 314:417.088 - 0.312ms returns FALSE
TE8C4 314:524.896 JLINK_IsHalted()
TE8C4 314:525.472 - 0.570ms returns FALSE
TE8C4 314:525.632 JLINK_IsHalted()
TE8C4 314:526.112 - 0.498ms returns FALSE
TE8C4 314:634.176 JLINK_IsHalted()
TE8C4 314:634.720 - 0.565ms returns FALSE
TE8C4 314:634.880 JLINK_IsHalted()
TE8C4 314:635.392 - 0.506ms returns FALSE
TE8C4 314:744.064 JLINK_IsHalted()
TE8C4 314:744.544 - 0.486ms returns FALSE
TE8C4 314:744.704 JLINK_IsHalted()
TE8C4 314:745.024 - 0.317ms returns FALSE
TE8C4 314:853.920 JLINK_IsHalted()
TE8C4 314:854.496 - 0.588ms returns FALSE
TE8C4 314:854.688 JLINK_IsHalted()
TE8C4 314:855.104 - 0.398ms returns FALSE
TE8C4 314:962.656 JLINK_IsHalted()
TE8C4 314:963.168 - 0.492ms returns FALSE
TE8C4 314:963.264 JLINK_IsHalted()
TE8C4 314:963.552 - 0.284ms returns FALSE
TE8C4 315:072.640 JLINK_IsHalted()
TE8C4 315:073.056 - 0.408ms returns FALSE
TE8C4 315:073.120 JLINK_IsHalted()
TE8C4 315:073.408 - 0.281ms returns FALSE
TE8C4 315:181.248 JLINK_IsHalted()
TE8C4 315:181.632 - 0.397ms returns FALSE
TE8C4 315:181.696 JLINK_IsHalted()
TE8C4 315:182.144 - 0.425ms returns FALSE
T5FB0 315:228.192 JLINK_IsHalted()
T5FB0 315:228.640 - 0.471ms returns FALSE
T5FB0 315:228.736 JLINK_IsHalted()
T5FB0 315:228.992 - 0.270ms returns FALSE
TE8C4 315:291.296 JLINK_IsHalted()
TE8C4 315:291.680 - 0.380ms returns FALSE
TE8C4 315:291.744 JLINK_IsHalted()
TE8C4 315:292.000 - 0.263ms returns FALSE
TE8C4 315:400.000 JLINK_IsHalted()
TE8C4 315:400.416 - 0.446ms returns FALSE
TE8C4 315:400.512 JLINK_IsHalted()
TE8C4 315:400.864 - 0.338ms returns FALSE
TE8C4 315:510.080 JLINK_IsHalted()
TE8C4 315:510.496 - 0.416ms returns FALSE
TE8C4 315:510.624 JLINK_IsHalted()
TE8C4 315:510.976 - 0.352ms returns FALSE
TE8C4 315:619.104 JLINK_IsHalted()
TE8C4 315:619.520 - 0.427ms returns FALSE
TE8C4 315:619.648 JLINK_IsHalted()
TE8C4 315:620.000 - 0.344ms returns FALSE
TE8C4 315:727.936 JLINK_IsHalted()
TE8C4 315:728.448 - 0.498ms returns FALSE
TE8C4 315:728.544 JLINK_IsHalted()
TE8C4 315:728.896 - 0.359ms returns FALSE
TE8C4 315:837.632 JLINK_IsHalted()
TE8C4 315:838.016 - 0.411ms returns FALSE
TE8C4 315:838.080 JLINK_IsHalted()
TE8C4 315:838.368 - 0.292ms returns FALSE
TE8C4 315:946.720 JLINK_IsHalted()
TE8C4 315:947.264 - 0.537ms returns FALSE
TE8C4 315:947.392 JLINK_IsHalted()
TE8C4 315:947.712 - 0.319ms returns FALSE
TE8C4 316:056.256 JLINK_IsHalted()
TE8C4 316:056.896 - 0.660ms returns FALSE
TE8C4 316:057.056 JLINK_IsHalted()
TE8C4 316:057.568 - 0.532ms returns FALSE
TE8C4 316:166.400 JLINK_IsHalted()
TE8C4 316:168.864 - 2.457ms returns FALSE
TE8C4 316:168.928 JLINK_IsHalted()
TE8C4 316:169.152 - 0.233ms returns FALSE
T5FB0 316:229.312 JLINK_IsHalted()
T5FB0 316:229.888 - 0.584ms returns FALSE
T5FB0 316:229.984 JLINK_IsHalted()
T5FB0 316:230.304 - 0.308ms returns FALSE
TE8C4 316:274.944 JLINK_IsHalted()
TE8C4 316:275.360 - 0.409ms returns FALSE
TE8C4 316:275.424 JLINK_IsHalted()
TE8C4 316:275.712 - 0.275ms returns FALSE
TE8C4 316:384.320 JLINK_IsHalted()
TE8C4 316:384.832 - 0.503ms returns FALSE
TE8C4 316:384.960 JLINK_IsHalted()
TE8C4 316:385.344 - 0.415ms returns FALSE
TE8C4 316:493.856 JLINK_IsHalted()
TE8C4 316:494.496 - 0.637ms returns FALSE
TE8C4 316:494.624 JLINK_IsHalted()
TE8C4 316:495.008 - 0.370ms returns FALSE
TE8C4 316:603.200 JLINK_IsHalted()
TE8C4 316:603.776 - 0.592ms returns FALSE
TE8C4 316:603.936 JLINK_IsHalted()
TE8C4 316:606.592 - 2.662ms returns FALSE
TE8C4 316:712.896 JLINK_IsHalted()
TE8C4 316:713.408 - 0.489ms returns FALSE
TE8C4 316:713.536 JLINK_IsHalted()
TE8C4 316:713.888 - 0.332ms returns FALSE
TE8C4 316:822.432 JLINK_IsHalted()
TE8C4 316:822.784 - 0.361ms returns FALSE
TE8C4 316:822.848 JLINK_IsHalted()
TE8C4 316:823.072 - 0.231ms returns FALSE
TE8C4 316:931.168 JLINK_IsHalted()
TE8C4 316:931.648 - 0.455ms returns FALSE
TE8C4 316:931.680 JLINK_IsHalted()
TE8C4 316:932.000 - 0.294ms returns FALSE
TE8C4 317:040.896 JLINK_IsHalted()
TE8C4 317:041.376 - 0.482ms returns FALSE
TE8C4 317:041.536 JLINK_IsHalted()
TE8C4 317:041.888 - 0.365ms returns FALSE
TE8C4 317:150.368 JLINK_IsHalted()
TE8C4 317:151.040 - 0.690ms returns FALSE
TE8C4 317:151.168 JLINK_IsHalted()
TE8C4 317:151.520 - 0.361ms returns FALSE
T5FB0 317:232.480 JLINK_IsHalted()
T5FB0 317:233.024 - 0.522ms returns FALSE
T5FB0 317:233.088 JLINK_IsHalted()
T5FB0 317:233.376 - 0.305ms returns FALSE
TE8C4 317:259.936 JLINK_IsHalted()
TE8C4 317:260.480 - 0.541ms returns FALSE
TE8C4 317:260.608 JLINK_IsHalted()
TE8C4 317:261.088 - 0.443ms returns FALSE
TE8C4 317:368.704 JLINK_IsHalted()
TE8C4 317:369.184 - 0.496ms returns FALSE
TE8C4 317:369.344 JLINK_IsHalted()
TE8C4 317:369.792 - 0.449ms returns FALSE
TE8C4 317:479.008 JLINK_IsHalted()
TE8C4 317:479.456 - 0.440ms returns FALSE
TE8C4 317:479.520 JLINK_IsHalted()
TE8C4 317:479.776 - 0.256ms returns FALSE
TE8C4 317:587.872 JLINK_IsHalted()
TE8C4 317:588.352 - 0.479ms returns FALSE
TE8C4 317:588.416 JLINK_IsHalted()
TE8C4 317:588.800 - 0.343ms returns FALSE
TE8C4 317:697.088 JLINK_IsHalted()
TE8C4 317:697.536 - 0.418ms returns FALSE
TE8C4 317:697.600 JLINK_IsHalted()
TE8C4 317:697.984 - 0.340ms returns FALSE
TE8C4 317:806.880 JLINK_IsHalted()
TE8C4 317:807.456 - 0.584ms returns FALSE
TE8C4 317:807.616 JLINK_IsHalted()
TE8C4 317:809.344 - 1.715ms returns FALSE
TE8C4 317:916.096 JLINK_IsHalted()
TE8C4 317:916.576 - 0.454ms returns FALSE
TE8C4 317:916.640 JLINK_IsHalted()
TE8C4 317:916.992 - 0.351ms returns FALSE
TE8C4 318:027.200 JLINK_IsHalted()
TE8C4 318:027.584 - 0.426ms returns FALSE
TE8C4 318:027.648 JLINK_IsHalted()
TE8C4 318:027.968 - 0.306ms returns FALSE
TE8C4 318:134.752 JLINK_IsHalted()
TE8C4 318:153.376 - 18.607ms returns FALSE
TE8C4 318:153.472 JLINK_IsHalted()
TE8C4 318:153.888 - 0.407ms returns FALSE
T5FB0 318:235.328 JLINK_IsHalted()
T5FB0 318:235.712 - 0.387ms returns FALSE
T5FB0 318:235.744 JLINK_IsHalted()
T5FB0 318:236.032 - 0.281ms returns FALSE
TE8C4 318:260.544 JLINK_IsHalted()
TE8C4 318:261.056 - 0.486ms returns FALSE
TE8C4 318:261.120 JLINK_IsHalted()
TE8C4 318:261.440 - 0.345ms returns FALSE
TE8C4 318:369.312 JLINK_IsHalted()
TE8C4 318:369.824 - 0.500ms returns FALSE
TE8C4 318:369.952 JLINK_IsHalted()
TE8C4 318:370.272 - 0.334ms returns FALSE
TE8C4 318:479.008 JLINK_IsHalted()
TE8C4 318:479.584 - 0.607ms returns FALSE
TE8C4 318:479.776 JLINK_IsHalted()
TE8C4 318:480.160 - 0.384ms returns FALSE
TE8C4 318:587.776 JLINK_IsHalted()
TE8C4 318:588.384 - 0.612ms returns FALSE
TE8C4 318:588.576 JLINK_IsHalted()
TE8C4 318:589.024 - 0.461ms returns FALSE
TE8C4 318:697.568 JLINK_IsHalted()
TE8C4 318:698.112 - 0.537ms returns FALSE
TE8C4 318:698.272 JLINK_IsHalted()
TE8C4 318:698.624 - 0.340ms returns FALSE
TE8C4 318:806.880 JLINK_IsHalted()
TE8C4 318:807.424 - 0.548ms returns FALSE
TE8C4 318:807.584 JLINK_IsHalted()
TE8C4 318:807.968 - 0.382ms returns FALSE
TE8C4 318:915.552 JLINK_IsHalted()
TE8C4 318:915.936 - 0.385ms returns FALSE
TE8C4 318:916.032 JLINK_IsHalted()
TE8C4 318:916.288 - 0.261ms returns FALSE
TE8C4 319:025.152 JLINK_IsHalted()
TE8C4 319:025.824 - 0.667ms returns FALSE
TE8C4 319:025.984 JLINK_IsHalted()
TE8C4 319:026.464 - 0.475ms returns FALSE
TE8C4 319:134.528 JLINK_IsHalted()
TE8C4 319:137.184 - 2.662ms returns FALSE
TE8C4 319:137.280 JLINK_IsHalted()
TE8C4 319:137.568 - 0.279ms returns FALSE
T5FB0 319:237.312 JLINK_IsHalted()
T5FB0 319:237.824 - 0.518ms returns FALSE
T5FB0 319:238.016 JLINK_IsHalted()
T5FB0 319:238.464 - 0.459ms returns FALSE
TE8C4 319:244.192 JLINK_IsHalted()
TE8C4 319:244.512 - 0.340ms returns FALSE
TE8C4 319:244.608 JLINK_IsHalted()
TE8C4 319:244.960 - 0.324ms returns FALSE
TE8C4 319:353.760 JLINK_IsHalted()
TE8C4 319:354.176 - 0.406ms returns FALSE
TE8C4 319:354.272 JLINK_IsHalted()
TE8C4 319:354.656 - 0.387ms returns FALSE
TE8C4 319:462.592 JLINK_IsHalted()
TE8C4 319:463.136 - 0.561ms returns FALSE
TE8C4 319:463.296 JLINK_IsHalted()
TE8C4 319:463.712 - 0.391ms returns FALSE
TE8C4 319:571.808 JLINK_IsHalted()
TE8C4 319:572.384 - 0.557ms returns FALSE
TE8C4 319:572.544 JLINK_IsHalted()
TE8C4 319:572.960 - 0.420ms returns FALSE
TE8C4 319:681.856 JLINK_IsHalted()
TE8C4 319:682.336 - 0.454ms returns FALSE
TE8C4 319:682.784 JLINK_IsHalted()
TE8C4 319:683.712 - 0.940ms returns FALSE
TE8C4 319:790.656 JLINK_IsHalted()
TE8C4 319:791.136 - 0.485ms returns FALSE
TE8C4 319:791.296 JLINK_IsHalted()
TE8C4 319:791.712 - 0.422ms returns FALSE
TE8C4 319:900.224 JLINK_IsHalted()
TE8C4 319:900.608 - 0.410ms returns FALSE
TE8C4 319:900.704 JLINK_IsHalted()
TE8C4 319:900.992 - 0.279ms returns FALSE
TE8C4 320:009.408 JLINK_IsHalted()
TE8C4 320:009.920 - 0.537ms returns FALSE
TE8C4 320:010.080 JLINK_IsHalted()
TE8C4 320:010.432 - 0.380ms returns FALSE
TE8C4 320:118.784 JLINK_IsHalted()
TE8C4 320:119.296 - 0.513ms returns FALSE
TE8C4 320:119.392 JLINK_IsHalted()
TE8C4 320:119.776 - 0.386ms returns FALSE
TE8C4 320:228.512 JLINK_IsHalted()
TE8C4 320:228.896 - 0.383ms returns FALSE
TE8C4 320:228.992 JLINK_IsHalted()
TE8C4 320:229.312 - 0.307ms returns FALSE
T5FB0 320:239.136 JLINK_IsHalted()
T5FB0 320:239.584 - 0.458ms returns FALSE
T5FB0 320:239.680 JLINK_IsHalted()
T5FB0 320:240.064 - 0.380ms returns FALSE
TE8C4 320:337.952 JLINK_IsHalted()
TE8C4 320:338.496 - 0.521ms returns FALSE
TE8C4 320:338.624 JLINK_IsHalted()
TE8C4 320:338.912 - 0.307ms returns FALSE
TE8C4 320:447.072 JLINK_IsHalted()
TE8C4 320:447.680 - 0.576ms returns FALSE
TE8C4 320:447.808 JLINK_IsHalted()
TE8C4 320:448.096 - 0.316ms returns FALSE
TE8C4 320:556.992 JLINK_IsHalted()
TE8C4 320:557.376 - 0.397ms returns FALSE
TE8C4 320:557.504 JLINK_IsHalted()
TE8C4 320:557.824 - 0.340ms returns FALSE
TE8C4 320:666.048 JLINK_IsHalted()
TE8C4 320:667.392 - 1.361ms returns FALSE
TE8C4 320:667.488 JLINK_IsHalted()
TE8C4 320:667.840 - 0.343ms returns FALSE
TE8C4 320:774.912 JLINK_IsHalted()
TE8C4 320:775.296 - 0.396ms returns FALSE
TE8C4 320:775.360 JLINK_IsHalted()
TE8C4 320:775.680 - 0.313ms returns FALSE
TE8C4 320:884.832 JLINK_IsHalted()
TE8C4 320:885.280 - 0.423ms returns FALSE
TE8C4 320:885.344 JLINK_IsHalted()
TE8C4 320:885.696 - 0.365ms returns FALSE
TE8C4 320:994.368 JLINK_IsHalted()
TE8C4 320:994.880 - 0.499ms returns FALSE
TE8C4 320:995.040 JLINK_IsHalted()
TE8C4 320:995.552 - 0.507ms returns FALSE
TE8C4 321:103.296 JLINK_IsHalted()
TE8C4 321:103.744 - 0.421ms returns FALSE
TE8C4 321:103.808 JLINK_IsHalted()
TE8C4 321:104.160 - 0.354ms returns FALSE
TE8C4 321:212.672 JLINK_IsHalted()
TE8C4 321:213.056 - 0.378ms returns FALSE
TE8C4 321:213.120 JLINK_IsHalted()
TE8C4 321:213.408 - 0.286ms returns FALSE
T5FB0 321:242.176 JLINK_IsHalted()
T5FB0 321:242.560 - 0.397ms returns FALSE
T5FB0 321:242.624 JLINK_IsHalted()
T5FB0 321:242.944 - 0.285ms returns FALSE
TE8C4 321:322.432 JLINK_IsHalted()
TE8C4 321:322.816 - 0.412ms returns FALSE
TE8C4 321:322.912 JLINK_IsHalted()
TE8C4 321:323.264 - 0.341ms returns FALSE
TE8C4 321:431.936 JLINK_IsHalted()
TE8C4 321:432.448 - 0.516ms returns FALSE
TE8C4 321:432.608 JLINK_IsHalted()
TE8C4 321:433.024 - 0.395ms returns FALSE
TE8C4 321:540.576 JLINK_IsHalted()
TE8C4 321:541.056 - 0.487ms returns FALSE
TE8C4 321:541.152 JLINK_IsHalted()
TE8C4 321:541.504 - 0.366ms returns FALSE
TE8C4 321:650.624 JLINK_IsHalted()
TE8C4 321:651.168 - 0.541ms returns FALSE
TE8C4 321:651.232 JLINK_IsHalted()
TE8C4 321:651.488 - 0.269ms returns FALSE
TE8C4 321:759.200 JLINK_IsHalted()
TE8C4 321:760.576 - 1.357ms returns FALSE
TE8C4 321:760.672 JLINK_IsHalted()
TE8C4 321:760.960 - 0.302ms returns FALSE
TE8C4 321:869.472 JLINK_IsHalted()
TE8C4 321:869.856 - 0.368ms returns FALSE
TE8C4 321:869.920 JLINK_IsHalted()
TE8C4 321:870.240 - 0.294ms returns FALSE
TE8C4 321:978.528 JLINK_IsHalted()
TE8C4 321:979.072 - 0.524ms returns FALSE
TE8C4 321:979.200 JLINK_IsHalted()
TE8C4 321:979.712 - 0.513ms returns FALSE
TE8C4 322:087.744 JLINK_IsHalted()
TE8C4 322:088.224 - 0.467ms returns FALSE
TE8C4 322:088.384 JLINK_IsHalted()
TE8C4 322:088.832 - 0.445ms returns FALSE
TE8C4 322:197.696 JLINK_IsHalted()
TE8C4 322:198.176 - 0.501ms returns FALSE
TE8C4 322:198.336 JLINK_IsHalted()
TE8C4 322:198.848 - 0.530ms returns FALSE
T5FB0 322:244.864 JLINK_IsHalted()
T5FB0 322:246.848 - 1.997ms returns FALSE
T5FB0 322:246.912 JLINK_IsHalted()
T5FB0 322:247.232 - 0.301ms returns FALSE
TE8C4 322:306.752 JLINK_IsHalted()
TE8C4 322:307.136 - 0.391ms returns FALSE
TE8C4 322:307.200 JLINK_IsHalted()
TE8C4 322:307.488 - 0.263ms returns FALSE
TE8C4 322:415.648 JLINK_IsHalted()
TE8C4 322:416.000 - 0.340ms returns FALSE
TE8C4 322:416.064 JLINK_IsHalted()
TE8C4 322:420.832 - 4.737ms returns FALSE
TE8C4 322:524.864 JLINK_IsHalted()
TE8C4 322:525.280 - 0.430ms returns FALSE
TE8C4 322:525.376 JLINK_IsHalted()
TE8C4 322:525.792 - 0.409ms returns FALSE
TE8C4 322:634.720 JLINK_IsHalted()
TE8C4 322:635.168 - 0.441ms returns FALSE
TE8C4 322:635.232 JLINK_IsHalted()
TE8C4 322:635.616 - 0.362ms returns FALSE
TE8C4 322:743.872 JLINK_IsHalted()
TE8C4 322:744.352 - 0.460ms returns FALSE
TE8C4 322:744.544 JLINK_IsHalted()
TE8C4 322:745.024 - 0.451ms returns FALSE
TE8C4 322:853.056 JLINK_IsHalted()
TE8C4 322:853.440 - 0.406ms returns FALSE
TE8C4 322:853.568 JLINK_IsHalted()
TE8C4 322:853.888 - 0.335ms returns FALSE
TE8C4 322:962.720 JLINK_IsHalted()
TE8C4 322:963.136 - 0.456ms returns FALSE
TE8C4 322:963.232 JLINK_IsHalted()
TE8C4 322:963.520 - 0.267ms returns FALSE
TE8C4 323:072.704 JLINK_IsHalted()
TE8C4 323:073.248 - 0.536ms returns FALSE
TE8C4 323:073.408 JLINK_IsHalted()
TE8C4 323:074.432 - 1.017ms returns FALSE
TE8C4 323:181.216 JLINK_IsHalted()
TE8C4 323:181.664 - 0.457ms returns FALSE
TE8C4 323:181.760 JLINK_IsHalted()
TE8C4 323:182.176 - 0.394ms returns FALSE
T5FB0 323:248.448 JLINK_IsHalted()
T5FB0 323:248.864 - 0.437ms returns FALSE
T5FB0 323:248.928 JLINK_IsHalted()
T5FB0 323:249.344 - 0.429ms returns FALSE
TE8C4 323:291.328 JLINK_IsHalted()
TE8C4 323:291.840 - 0.547ms returns FALSE
TE8C4 323:292.032 JLINK_IsHalted()
TE8C4 323:292.352 - 0.329ms returns FALSE
TE8C4 323:400.256 JLINK_IsHalted()
TE8C4 323:401.280 - 1.068ms returns FALSE
TE8C4 323:401.376 JLINK_IsHalted()
TE8C4 323:401.664 - 0.312ms returns FALSE
TE8C4 323:510.016 JLINK_IsHalted()
TE8C4 323:510.528 - 0.506ms returns FALSE
TE8C4 323:510.720 JLINK_IsHalted()
TE8C4 323:511.168 - 0.451ms returns FALSE
TE8C4 323:618.752 JLINK_IsHalted()
TE8C4 323:619.168 - 0.414ms returns FALSE
TE8C4 323:619.264 JLINK_IsHalted()
TE8C4 323:619.584 - 0.322ms returns FALSE
TE8C4 323:727.936 JLINK_IsHalted()
TE8C4 323:728.320 - 0.408ms returns FALSE
TE8C4 323:728.352 JLINK_IsHalted()
TE8C4 323:728.736 - 0.359ms returns FALSE
TE8C4 323:838.272 JLINK_IsHalted()
TE8C4 323:838.656 - 0.402ms returns FALSE
TE8C4 323:838.752 JLINK_IsHalted()
TE8C4 323:839.040 - 0.269ms returns FALSE
TE8C4 323:947.008 JLINK_IsHalted()
TE8C4 323:947.392 - 0.388ms returns FALSE
TE8C4 323:947.456 JLINK_IsHalted()
TE8C4 323:947.744 - 0.303ms returns FALSE
TE8C4 324:056.288 JLINK_IsHalted()
TE8C4 324:056.704 - 0.402ms returns FALSE
TE8C4 324:056.768 JLINK_IsHalted()
TE8C4 324:057.120 - 0.355ms returns FALSE
TE8C4 324:166.016 JLINK_IsHalted()
TE8C4 324:166.464 - 0.451ms returns FALSE
TE8C4 324:166.528 JLINK_IsHalted()
TE8C4 324:166.816 - 0.278ms returns FALSE
T5FB0 324:250.816 JLINK_IsHalted()
T5FB0 324:251.296 - 0.484ms returns FALSE
T5FB0 324:251.360 JLINK_IsHalted()
T5FB0 324:251.616 - 0.264ms returns FALSE
TE8C4 324:275.008 JLINK_IsHalted()
TE8C4 324:275.520 - 0.488ms returns FALSE
TE8C4 324:275.648 JLINK_IsHalted()
TE8C4 324:276.032 - 0.368ms returns FALSE
TE8C4 324:384.992 JLINK_IsHalted()
TE8C4 324:385.600 - 0.576ms returns FALSE
TE8C4 324:385.728 JLINK_IsHalted()
TE8C4 324:386.624 - 0.875ms returns FALSE
TE8C4 324:494.240 JLINK_IsHalted()
TE8C4 324:494.624 - 0.406ms returns FALSE
TE8C4 324:494.688 JLINK_IsHalted()
TE8C4 324:495.040 - 0.361ms returns FALSE
TE8C4 324:603.808 JLINK_IsHalted()
TE8C4 324:604.256 - 0.464ms returns FALSE
TE8C4 324:604.352 JLINK_IsHalted()
TE8C4 324:604.608 - 0.269ms returns FALSE
TE8C4 324:712.384 JLINK_IsHalted()
TE8C4 324:712.960 - 0.576ms returns FALSE
TE8C4 324:713.120 JLINK_IsHalted()
TE8C4 324:713.536 - 0.420ms returns FALSE
TE8C4 324:822.208 JLINK_IsHalted()
TE8C4 324:822.752 - 0.530ms returns FALSE
TE8C4 324:822.848 JLINK_IsHalted()
TE8C4 324:823.168 - 0.302ms returns FALSE
TE8C4 324:931.744 JLINK_IsHalted()
TE8C4 324:932.352 - 0.609ms returns FALSE
TE8C4 324:932.768 JLINK_IsHalted()
TE8C4 324:933.824 - 1.035ms returns FALSE
TE8C4 325:040.576 JLINK_IsHalted()
TE8C4 325:041.152 - 0.578ms returns FALSE
TE8C4 325:041.312 JLINK_IsHalted()
TE8C4 325:041.760 - 0.448ms returns FALSE
TE8C4 325:149.888 JLINK_IsHalted()
TE8C4 325:150.336 - 0.438ms returns FALSE
TE8C4 325:150.432 JLINK_IsHalted()
TE8C4 325:150.784 - 0.346ms returns FALSE
T5FB0 325:252.320 JLINK_IsHalted()
T5FB0 325:252.768 - 0.452ms returns FALSE
T5FB0 325:252.864 JLINK_IsHalted()
T5FB0 325:253.216 - 0.336ms returns FALSE
TE8C4 325:259.552 JLINK_IsHalted()
TE8C4 325:260.096 - 0.534ms returns FALSE
TE8C4 325:260.224 JLINK_IsHalted()
TE8C4 325:260.608 - 0.343ms returns FALSE
TE8C4 325:369.344 JLINK_IsHalted()
TE8C4 325:369.760 - 0.405ms returns FALSE
TE8C4 325:369.792 JLINK_IsHalted()
TE8C4 325:370.112 - 0.307ms returns FALSE
TE8C4 325:478.528 JLINK_IsHalted()
TE8C4 325:478.976 - 0.466ms returns FALSE
TE8C4 325:479.104 JLINK_IsHalted()
TE8C4 325:479.456 - 0.359ms returns FALSE
TE8C4 325:587.904 JLINK_IsHalted()
TE8C4 325:588.448 - 0.535ms returns FALSE
TE8C4 325:588.576 JLINK_IsHalted()
TE8C4 325:588.960 - 0.363ms returns FALSE
TE8C4 325:697.088 JLINK_IsHalted()
TE8C4 325:697.600 - 0.533ms returns FALSE
TE8C4 325:697.728 JLINK_IsHalted()
TE8C4 325:698.112 - 0.428ms returns FALSE
TE8C4 325:807.040 JLINK_IsHalted()
TE8C4 325:807.552 - 0.539ms returns FALSE
TE8C4 325:807.680 JLINK_IsHalted()
TE8C4 325:808.064 - 0.399ms returns FALSE
TE8C4 325:915.872 JLINK_IsHalted()
TE8C4 325:917.216 - 1.327ms returns FALSE
TE8C4 325:917.280 JLINK_IsHalted()
TE8C4 325:917.568 - 0.286ms returns FALSE
TE8C4 326:026.272 JLINK_IsHalted()
TE8C4 326:026.688 - 0.449ms returns FALSE
TE8C4 326:026.816 JLINK_IsHalted()
TE8C4 326:027.104 - 0.302ms returns FALSE
TE8C4 326:134.752 JLINK_IsHalted()
TE8C4 326:135.200 - 0.445ms returns FALSE
TE8C4 326:135.296 JLINK_IsHalted()
TE8C4 326:135.616 - 0.321ms returns FALSE
TE8C4 326:244.288 JLINK_IsHalted()
TE8C4 326:244.768 - 0.470ms returns FALSE
TE8C4 326:244.864 JLINK_IsHalted()
TE8C4 326:245.184 - 0.335ms returns FALSE
T5FB0 326:254.816 JLINK_IsHalted()
T5FB0 326:255.328 - 0.503ms returns FALSE
T5FB0 326:255.392 JLINK_IsHalted()
T5FB0 326:255.680 - 0.287ms returns FALSE
TE8C4 326:353.056 JLINK_IsHalted()
TE8C4 326:353.632 - 0.588ms returns FALSE
TE8C4 326:353.824 JLINK_IsHalted()
TE8C4 326:354.208 - 0.392ms returns FALSE
TE8C4 326:462.528 JLINK_IsHalted()
TE8C4 326:462.976 - 0.431ms returns FALSE
TE8C4 326:463.040 JLINK_IsHalted()
TE8C4 326:463.328 - 0.293ms returns FALSE
TE8C4 326:572.160 JLINK_IsHalted()
TE8C4 326:572.672 - 0.511ms returns FALSE
TE8C4 326:572.832 JLINK_IsHalted()
TE8C4 326:573.152 - 0.353ms returns FALSE
TE8C4 326:681.792 JLINK_IsHalted()
TE8C4 326:682.240 - 0.457ms returns FALSE
TE8C4 326:682.336 JLINK_IsHalted()
TE8C4 326:682.656 - 0.306ms returns FALSE
TE8C4 326:790.944 JLINK_IsHalted()
TE8C4 326:791.392 - 0.461ms returns FALSE
TE8C4 326:791.488 JLINK_IsHalted()
TE8C4 326:791.840 - 0.346ms returns FALSE
TE8C4 326:900.800 JLINK_IsHalted()
TE8C4 326:901.344 - 0.519ms returns FALSE
TE8C4 326:901.440 JLINK_IsHalted()
TE8C4 326:901.824 - 0.374ms returns FALSE
TE8C4 327:009.824 JLINK_IsHalted()
TE8C4 327:010.368 - 0.555ms returns FALSE
TE8C4 327:010.560 JLINK_IsHalted()
TE8C4 327:010.944 - 0.391ms returns FALSE
TE8C4 327:119.072 JLINK_IsHalted()
TE8C4 327:119.680 - 0.592ms returns FALSE
TE8C4 327:119.808 JLINK_IsHalted()
TE8C4 327:120.192 - 0.375ms returns FALSE
TE8C4 327:228.928 JLINK_IsHalted()
TE8C4 327:229.536 - 0.621ms returns FALSE
TE8C4 327:229.728 JLINK_IsHalted()
TE8C4 327:230.176 - 0.454ms returns FALSE
T5FB0 327:257.056 JLINK_IsHalted()
T5FB0 327:257.440 - 0.388ms returns FALSE
T5FB0 327:257.504 JLINK_IsHalted()
T5FB0 327:257.792 - 0.287ms returns FALSE
TE8C4 327:338.048 JLINK_IsHalted()
TE8C4 327:338.592 - 0.531ms returns FALSE
TE8C4 327:338.784 JLINK_IsHalted()
TE8C4 327:339.136 - 0.363ms returns FALSE
TE8C4 327:447.328 JLINK_IsHalted()
TE8C4 327:448.000 - 0.647ms returns FALSE
TE8C4 327:448.064 JLINK_IsHalted()
TE8C4 327:448.288 - 0.245ms returns FALSE
TE8C4 327:556.480 JLINK_IsHalted()
TE8C4 327:557.056 - 0.546ms returns FALSE
TE8C4 327:557.184 JLINK_IsHalted()
TE8C4 327:557.568 - 0.353ms returns FALSE
TE8C4 327:666.304 JLINK_IsHalted()
TE8C4 327:666.816 - 0.489ms returns FALSE
TE8C4 327:666.976 JLINK_IsHalted()
TE8C4 327:667.296 - 0.333ms returns FALSE
TE8C4 327:776.064 JLINK_IsHalted()
TE8C4 327:776.608 - 0.568ms returns FALSE
TE8C4 327:776.768 JLINK_IsHalted()
TE8C4 327:777.088 - 0.330ms returns FALSE
TE8C4 327:884.288 JLINK_IsHalted()
TE8C4 327:884.736 - 0.453ms returns FALSE
TE8C4 327:884.864 JLINK_IsHalted()
TE8C4 327:885.248 - 0.349ms returns FALSE
TE8C4 327:994.176 JLINK_IsHalted()
TE8C4 327:994.688 - 0.510ms returns FALSE
TE8C4 327:994.784 JLINK_IsHalted()
TE8C4 327:995.200 - 0.400ms returns FALSE
TE8C4 328:103.776 JLINK_IsHalted()
TE8C4 328:104.192 - 0.401ms returns FALSE
TE8C4 328:104.256 JLINK_IsHalted()
TE8C4 328:104.640 - 0.338ms returns FALSE
TE8C4 328:213.152 JLINK_IsHalted()
TE8C4 328:213.760 - 0.600ms returns FALSE
TE8C4 328:213.856 JLINK_IsHalted()
TE8C4 328:214.208 - 0.323ms returns FALSE
T5FB0 328:258.112 JLINK_IsHalted()
T5FB0 328:258.496 - 0.368ms returns FALSE
T5FB0 328:258.528 JLINK_IsHalted()
T5FB0 328:258.816 - 0.276ms returns FALSE
TE8C4 328:322.592 JLINK_IsHalted()
TE8C4 328:323.072 - 0.491ms returns FALSE
TE8C4 328:323.232 JLINK_IsHalted()
TE8C4 328:323.616 - 0.380ms returns FALSE
TE8C4 328:431.264 JLINK_IsHalted()
TE8C4 328:431.712 - 0.463ms returns FALSE
TE8C4 328:431.872 JLINK_IsHalted()
TE8C4 328:432.224 - 0.340ms returns FALSE
TE8C4 328:541.216 JLINK_IsHalted()
TE8C4 328:541.760 - 0.529ms returns FALSE
TE8C4 328:541.920 JLINK_IsHalted()
TE8C4 328:542.272 - 0.368ms returns FALSE
TE8C4 328:650.816 JLINK_IsHalted()
TE8C4 328:651.328 - 0.516ms returns FALSE
TE8C4 328:651.456 JLINK_IsHalted()
TE8C4 328:651.744 - 0.314ms returns FALSE
TE8C4 328:760.736 JLINK_IsHalted()
TE8C4 328:761.376 - 0.619ms returns FALSE
TE8C4 328:761.536 JLINK_IsHalted()
TE8C4 328:761.952 - 0.432ms returns FALSE
TE8C4 328:869.184 JLINK_IsHalted()
TE8C4 328:869.600 - 0.421ms returns FALSE
TE8C4 328:869.696 JLINK_IsHalted()
TE8C4 328:869.952 - 0.269ms returns FALSE
TE8C4 328:979.520 JLINK_IsHalted()
TE8C4 328:980.064 - 0.551ms returns FALSE
TE8C4 328:980.192 JLINK_IsHalted()
TE8C4 328:980.736 - 0.532ms returns FALSE
TE8C4 329:088.064 JLINK_IsHalted()
TE8C4 329:088.480 - 0.444ms returns FALSE
TE8C4 329:088.576 JLINK_IsHalted()
TE8C4 329:088.832 - 0.286ms returns FALSE
TE8C4 329:196.960 JLINK_IsHalted()
TE8C4 329:197.376 - 0.390ms returns FALSE
TE8C4 329:197.472 JLINK_IsHalted()
TE8C4 329:197.760 - 0.304ms returns FALSE
T5FB0 329:260.160 JLINK_IsHalted()
T5FB0 329:260.608 - 0.458ms returns FALSE
T5FB0 329:260.704 JLINK_IsHalted()
T5FB0 329:260.960 - 0.261ms returns FALSE
TE8C4 329:306.656 JLINK_IsHalted()
TE8C4 329:307.008 - 0.366ms returns FALSE
TE8C4 329:307.104 JLINK_IsHalted()
TE8C4 329:307.456 - 0.358ms returns FALSE
TE8C4 329:415.648 JLINK_IsHalted()
TE8C4 329:416.064 - 0.412ms returns FALSE
TE8C4 329:416.128 JLINK_IsHalted()
TE8C4 329:416.512 - 0.343ms returns FALSE
TE8C4 329:525.184 JLINK_IsHalted()
TE8C4 329:525.760 - 0.552ms returns FALSE
TE8C4 329:525.952 JLINK_IsHalted()
TE8C4 329:526.432 - 0.502ms returns FALSE
TE8C4 329:635.008 JLINK_IsHalted()
TE8C4 329:635.424 - 0.414ms returns FALSE
TE8C4 329:635.488 JLINK_IsHalted()
TE8C4 329:635.776 - 0.284ms returns FALSE
TE8C4 329:744.448 JLINK_IsHalted()
TE8C4 329:744.896 - 0.444ms returns FALSE
TE8C4 329:744.960 JLINK_IsHalted()
TE8C4 329:745.280 - 0.313ms returns FALSE
TE8C4 329:853.920 JLINK_IsHalted()
TE8C4 329:854.304 - 0.398ms returns FALSE
TE8C4 329:854.400 JLINK_IsHalted()
TE8C4 329:854.752 - 0.365ms returns FALSE
TE8C4 329:963.072 JLINK_IsHalted()
TE8C4 329:963.680 - 0.611ms returns FALSE
TE8C4 329:963.840 JLINK_IsHalted()
TE8C4 329:964.160 - 0.346ms returns FALSE
TE8C4 330:072.448 JLINK_IsHalted()
TE8C4 330:072.928 - 0.475ms returns FALSE
TE8C4 330:073.024 JLINK_IsHalted()
TE8C4 330:073.472 - 0.433ms returns FALSE
TE8C4 330:181.440 JLINK_IsHalted()
TE8C4 330:182.080 - 0.608ms returns FALSE
TE8C4 330:182.112 JLINK_IsHalted()
TE8C4 330:182.400 - 0.277ms returns FALSE
T5FB0 330:264.896 JLINK_IsHalted()
T5FB0 330:266.528 - 1.589ms returns FALSE
T5FB0 330:266.592 JLINK_IsHalted()
T5FB0 330:266.880 - 0.300ms returns FALSE
TE8C4 330:290.912 JLINK_IsHalted()
TE8C4 330:291.264 - 0.327ms returns FALSE
TE8C4 330:291.296 JLINK_IsHalted()
TE8C4 330:291.616 - 0.305ms returns FALSE
TE8C4 330:401.408 JLINK_IsHalted()
TE8C4 330:414.528 - 13.130ms returns FALSE
TE8C4 330:414.560 JLINK_IsHalted()
TE8C4 330:414.784 - 0.223ms returns FALSE
TE8C4 330:509.504 JLINK_IsHalted()
TE8C4 330:510.112 - 0.631ms returns FALSE
TE8C4 330:510.272 JLINK_IsHalted()
TE8C4 330:510.720 - 0.437ms returns FALSE
TE8C4 330:619.264 JLINK_IsHalted()
TE8C4 330:619.904 - 0.627ms returns FALSE
TE8C4 330:620.064 JLINK_IsHalted()
TE8C4 330:620.480 - 0.408ms returns FALSE
TE8C4 330:728.000 JLINK_IsHalted()
TE8C4 330:728.512 - 0.500ms returns FALSE
TE8C4 330:728.640 JLINK_IsHalted()
TE8C4 330:728.960 - 0.347ms returns FALSE
TE8C4 330:838.208 JLINK_IsHalted()
TE8C4 330:838.720 - 0.494ms returns FALSE
TE8C4 330:838.880 JLINK_IsHalted()
TE8C4 330:839.296 - 0.413ms returns FALSE
TE8C4 330:947.008 JLINK_IsHalted()
TE8C4 330:947.392 - 0.389ms returns FALSE
TE8C4 330:947.424 JLINK_IsHalted()
TE8C4 330:947.680 - 0.245ms returns FALSE
TE8C4 331:056.192 JLINK_IsHalted()
TE8C4 331:056.800 - 0.599ms returns FALSE
TE8C4 331:056.928 JLINK_IsHalted()
TE8C4 331:057.280 - 0.344ms returns FALSE
TE8C4 331:165.984 JLINK_IsHalted()
TE8C4 331:168.320 - 2.344ms returns FALSE
TE8C4 331:168.480 JLINK_IsHalted()
TE8C4 331:168.768 - 0.275ms returns FALSE
T5FB0 331:270.112 JLINK_IsHalted()
T5FB0 331:270.496 - 0.396ms returns FALSE
T5FB0 331:270.592 JLINK_IsHalted()
T5FB0 331:270.848 - 0.291ms returns FALSE
TE8C4 331:275.744 JLINK_IsHalted()
TE8C4 331:276.128 - 0.394ms returns FALSE
TE8C4 331:276.224 JLINK_IsHalted()
TE8C4 331:276.512 - 0.306ms returns FALSE
TE8C4 331:384.768 JLINK_IsHalted()
TE8C4 331:385.280 - 0.542ms returns FALSE
TE8C4 331:385.376 JLINK_IsHalted()
TE8C4 331:385.728 - 0.355ms returns FALSE
TE8C4 331:493.952 JLINK_IsHalted()
TE8C4 331:494.464 - 0.497ms returns FALSE
TE8C4 331:494.560 JLINK_IsHalted()
TE8C4 331:494.880 - 0.309ms returns FALSE
TE8C4 331:604.416 JLINK_IsHalted()
TE8C4 331:604.928 - 0.530ms returns FALSE
TE8C4 331:605.120 JLINK_IsHalted()
TE8C4 331:605.440 - 0.347ms returns FALSE
TE8C4 331:712.384 JLINK_IsHalted()
TE8C4 331:712.928 - 0.549ms returns FALSE
TE8C4 331:713.056 JLINK_IsHalted()
TE8C4 331:713.568 - 0.525ms returns FALSE
TE8C4 331:821.760 JLINK_IsHalted()
TE8C4 331:822.144 - 0.398ms returns FALSE
TE8C4 331:822.208 JLINK_IsHalted()
TE8C4 331:822.432 - 0.227ms returns FALSE
TE8C4 331:931.968 JLINK_IsHalted()
TE8C4 331:932.384 - 0.417ms returns FALSE
TE8C4 331:932.480 JLINK_IsHalted()
TE8C4 331:932.800 - 0.323ms returns FALSE
TE8C4 332:041.248 JLINK_IsHalted()
TE8C4 332:041.824 - 0.592ms returns FALSE
TE8C4 332:041.952 JLINK_IsHalted()
TE8C4 332:042.368 - 0.387ms returns FALSE
TE8C4 332:150.144 JLINK_IsHalted()
TE8C4 332:150.624 - 0.479ms returns FALSE
TE8C4 332:150.752 JLINK_IsHalted()
TE8C4 332:151.104 - 0.366ms returns FALSE
TE8C4 332:259.552 JLINK_IsHalted()
TE8C4 332:260.064 - 0.521ms returns FALSE
TE8C4 332:260.160 JLINK_IsHalted()
TE8C4 332:260.544 - 0.355ms returns FALSE
T5FB0 332:271.168 JLINK_IsHalted()
T5FB0 332:271.552 - 0.378ms returns FALSE
T5FB0 332:271.648 JLINK_IsHalted()
T5FB0 332:271.936 - 0.324ms returns FALSE
TE8C4 332:368.608 JLINK_IsHalted()
TE8C4 332:368.992 - 0.380ms returns FALSE
TE8C4 332:369.056 JLINK_IsHalted()
TE8C4 332:369.344 - 0.284ms returns FALSE
TE8C4 332:478.016 JLINK_IsHalted()
TE8C4 332:478.656 - 0.607ms returns FALSE
TE8C4 332:478.752 JLINK_IsHalted()
TE8C4 332:479.200 - 0.465ms returns FALSE
TE8C4 332:587.776 JLINK_IsHalted()
TE8C4 332:588.128 - 0.356ms returns FALSE
TE8C4 332:588.224 JLINK_IsHalted()
TE8C4 332:588.544 - 0.335ms returns FALSE
TE8C4 332:697.024 JLINK_IsHalted()
TE8C4 332:697.504 - 0.460ms returns FALSE
TE8C4 332:697.600 JLINK_IsHalted()
TE8C4 332:697.920 - 0.316ms returns FALSE
TE8C4 332:806.912 JLINK_IsHalted()
TE8C4 332:807.456 - 0.536ms returns FALSE
TE8C4 332:807.552 JLINK_IsHalted()
TE8C4 332:807.904 - 0.373ms returns FALSE
TE8C4 332:915.488 JLINK_IsHalted()
TE8C4 332:915.808 - 0.348ms returns FALSE
TE8C4 332:915.904 JLINK_IsHalted()
TE8C4 332:916.160 - 0.291ms returns FALSE
TE8C4 333:024.960 JLINK_IsHalted()
TE8C4 333:025.344 - 0.421ms returns FALSE
TE8C4 333:025.440 JLINK_IsHalted()
TE8C4 333:025.728 - 0.302ms returns FALSE
TE8C4 333:134.688 JLINK_IsHalted()
TE8C4 333:143.040 - 8.345ms returns FALSE
TE8C4 333:143.104 JLINK_IsHalted()
TE8C4 333:143.360 - 0.272ms returns FALSE
TE8C4 333:244.576 JLINK_IsHalted()
TE8C4 333:245.024 - 0.455ms returns FALSE
TE8C4 333:245.152 JLINK_IsHalted()
TE8C4 333:245.536 - 0.396ms returns FALSE
T5FB0 333:273.056 JLINK_IsHalted()
T5FB0 333:273.568 - 0.522ms returns FALSE
T5FB0 333:273.664 JLINK_IsHalted()
T5FB0 333:274.048 - 0.383ms returns FALSE
TE8C4 333:353.664 JLINK_IsHalted()
TE8C4 333:354.112 - 0.427ms returns FALSE
TE8C4 333:354.176 JLINK_IsHalted()
TE8C4 333:354.496 - 0.316ms returns FALSE
TE8C4 333:462.656 JLINK_IsHalted()
TE8C4 333:463.104 - 0.450ms returns FALSE
TE8C4 333:463.232 JLINK_IsHalted()
TE8C4 333:463.616 - 0.385ms returns FALSE
TE8C4 333:571.904 JLINK_IsHalted()
TE8C4 333:572.512 - 0.618ms returns FALSE
TE8C4 333:572.672 JLINK_IsHalted()
TE8C4 333:573.184 - 0.507ms returns FALSE
TE8C4 333:681.472 JLINK_IsHalted()
TE8C4 333:681.984 - 0.506ms returns FALSE
TE8C4 333:682.112 JLINK_IsHalted()
TE8C4 333:682.528 - 0.398ms returns FALSE
TE8C4 333:791.200 JLINK_IsHalted()
TE8C4 333:791.808 - 0.591ms returns FALSE
TE8C4 333:791.872 JLINK_IsHalted()
TE8C4 333:792.160 - 0.277ms returns FALSE
TE8C4 333:900.000 JLINK_IsHalted()
TE8C4 333:900.512 - 0.494ms returns FALSE
TE8C4 333:900.672 JLINK_IsHalted()
TE8C4 333:901.056 - 0.381ms returns FALSE
TE8C4 334:009.696 JLINK_IsHalted()
TE8C4 334:010.208 - 0.519ms returns FALSE
TE8C4 334:010.368 JLINK_IsHalted()
TE8C4 334:010.688 - 0.329ms returns FALSE
TE8C4 334:118.976 JLINK_IsHalted()
TE8C4 334:119.456 - 0.458ms returns FALSE
TE8C4 334:119.552 JLINK_IsHalted()
TE8C4 334:119.872 - 0.336ms returns FALSE
TE8C4 334:228.800 JLINK_IsHalted()
TE8C4 334:229.216 - 0.433ms returns FALSE
TE8C4 334:229.312 JLINK_IsHalted()
TE8C4 334:229.664 - 0.343ms returns FALSE
T5FB0 334:274.816 JLINK_IsHalted()
T5FB0 334:275.264 - 0.443ms returns FALSE
T5FB0 334:275.296 JLINK_IsHalted()
T5FB0 334:275.584 - 0.283ms returns FALSE
TE8C4 334:337.536 JLINK_IsHalted()
TE8C4 334:338.176 - 0.640ms returns FALSE
TE8C4 334:338.336 JLINK_IsHalted()
TE8C4 334:339.392 - 1.074ms returns FALSE
TE8C4 334:447.360 JLINK_IsHalted()
TE8C4 334:447.872 - 0.513ms returns FALSE
TE8C4 334:447.936 JLINK_IsHalted()
TE8C4 334:448.224 - 0.305ms returns FALSE
TE8C4 334:556.096 JLINK_IsHalted()
TE8C4 334:556.544 - 0.424ms returns FALSE
TE8C4 334:556.640 JLINK_IsHalted()
TE8C4 334:556.960 - 0.329ms returns FALSE
TE8C4 334:666.176 JLINK_IsHalted()
TE8C4 334:666.624 - 0.475ms returns FALSE
TE8C4 334:666.688 JLINK_IsHalted()
TE8C4 334:666.976 - 0.300ms returns FALSE
TE8C4 334:775.360 JLINK_IsHalted()
TE8C4 334:776.000 - 0.650ms returns FALSE
TE8C4 334:776.128 JLINK_IsHalted()
TE8C4 334:776.608 - 0.458ms returns FALSE
TE8C4 334:884.384 JLINK_IsHalted()
TE8C4 334:884.864 - 0.490ms returns FALSE
TE8C4 334:884.960 JLINK_IsHalted()
TE8C4 334:885.280 - 0.307ms returns FALSE
TE8C4 334:994.272 JLINK_IsHalted()
TE8C4 334:994.880 - 0.629ms returns FALSE
TE8C4 334:995.072 JLINK_IsHalted()
TE8C4 334:995.488 - 0.428ms returns FALSE
TE8C4 335:103.616 JLINK_IsHalted()
TE8C4 335:104.192 - 0.573ms returns FALSE
TE8C4 335:104.352 JLINK_IsHalted()
TE8C4 335:104.864 - 0.498ms returns FALSE
TE8C4 335:213.152 JLINK_IsHalted()
TE8C4 335:213.632 - 0.473ms returns FALSE
TE8C4 335:213.728 JLINK_IsHalted()
TE8C4 335:214.080 - 0.367ms returns FALSE
T5FB0 335:276.224 JLINK_IsHalted()
T5FB0 335:276.736 - 0.514ms returns FALSE
T5FB0 335:276.832 JLINK_IsHalted()
T5FB0 335:277.120 - 0.276ms returns FALSE
TE8C4 335:322.304 JLINK_IsHalted()
TE8C4 335:322.720 - 0.434ms returns FALSE
TE8C4 335:322.880 JLINK_IsHalted()
TE8C4 335:323.200 - 0.335ms returns FALSE
TE8C4 335:431.712 JLINK_IsHalted()
TE8C4 335:432.032 - 0.339ms returns FALSE
TE8C4 335:432.096 JLINK_IsHalted()
TE8C4 335:432.320 - 0.236ms returns FALSE
TE8C4 335:541.408 JLINK_IsHalted()
TE8C4 335:541.952 - 0.540ms returns FALSE
TE8C4 335:542.048 JLINK_IsHalted()
TE8C4 335:542.464 - 0.418ms returns FALSE
TE8C4 335:650.848 JLINK_IsHalted()
TE8C4 335:651.296 - 0.457ms returns FALSE
TE8C4 335:651.392 JLINK_IsHalted()
TE8C4 335:651.808 - 0.415ms returns FALSE
TE8C4 335:759.872 JLINK_IsHalted()
TE8C4 335:761.856 - 1.987ms returns FALSE
TE8C4 335:761.984 JLINK_IsHalted()
TE8C4 335:762.304 - 0.345ms returns FALSE
TE8C4 335:868.672 JLINK_IsHalted()
TE8C4 335:869.120 - 0.470ms returns FALSE
TE8C4 335:869.216 JLINK_IsHalted()
TE8C4 335:869.568 - 0.352ms returns FALSE
TE8C4 335:978.816 JLINK_IsHalted()
TE8C4 335:979.200 - 0.379ms returns FALSE
TE8C4 335:979.232 JLINK_IsHalted()
TE8C4 335:979.520 - 0.294ms returns FALSE
TE8C4 336:088.000 JLINK_IsHalted()
TE8C4 336:088.416 - 0.429ms returns FALSE
TE8C4 336:088.512 JLINK_IsHalted()
TE8C4 336:088.768 - 0.281ms returns FALSE
TE8C4 336:197.504 JLINK_IsHalted()
TE8C4 336:197.952 - 0.428ms returns FALSE
TE8C4 336:198.016 JLINK_IsHalted()
TE8C4 336:198.304 - 0.304ms returns FALSE
T5FB0 336:277.248 JLINK_IsHalted()
T5FB0 336:277.664 - 0.400ms returns FALSE
T5FB0 336:277.728 JLINK_IsHalted()
T5FB0 336:278.176 - 0.428ms returns FALSE
TE8C4 336:306.880 JLINK_IsHalted()
TE8C4 336:307.296 - 0.420ms returns FALSE
TE8C4 336:307.392 JLINK_IsHalted()
TE8C4 336:307.648 - 0.283ms returns FALSE
TE8C4 336:416.832 JLINK_IsHalted()
TE8C4 336:417.920 - 1.115ms returns FALSE
TE8C4 336:417.984 JLINK_IsHalted()
TE8C4 336:418.304 - 0.306ms returns FALSE
TE8C4 336:525.344 JLINK_IsHalted()
TE8C4 336:525.824 - 0.466ms returns FALSE
TE8C4 336:525.952 JLINK_IsHalted()
TE8C4 336:526.304 - 0.346ms returns FALSE
TE8C4 336:634.304 JLINK_IsHalted()
TE8C4 336:634.816 - 0.484ms returns FALSE
TE8C4 336:634.848 JLINK_IsHalted()
TE8C4 336:635.136 - 0.302ms returns FALSE
TE8C4 336:743.872 JLINK_IsHalted()
TE8C4 336:744.544 - 0.669ms returns FALSE
TE8C4 336:744.704 JLINK_IsHalted()
TE8C4 336:745.152 - 0.449ms returns FALSE
TE8C4 336:853.152 JLINK_IsHalted()
TE8C4 336:853.568 - 0.419ms returns FALSE
TE8C4 336:853.632 JLINK_IsHalted()
TE8C4 336:853.920 - 0.290ms returns FALSE
TE8C4 336:963.104 JLINK_IsHalted()
TE8C4 336:963.648 - 0.521ms returns FALSE
TE8C4 336:963.776 JLINK_IsHalted()
TE8C4 336:964.224 - 0.455ms returns FALSE
TE8C4 337:072.160 JLINK_IsHalted()
TE8C4 337:072.800 - 0.630ms returns FALSE
TE8C4 337:072.864 JLINK_IsHalted()
TE8C4 337:073.248 - 0.374ms returns FALSE
TE8C4 337:181.408 JLINK_IsHalted()
TE8C4 337:181.856 - 0.454ms returns FALSE
TE8C4 337:181.952 JLINK_IsHalted()
TE8C4 337:182.400 - 0.433ms returns FALSE
T5FB0 337:279.264 JLINK_IsHalted()
T5FB0 337:279.616 - 0.358ms returns FALSE
T5FB0 337:279.680 JLINK_IsHalted()
T5FB0 337:279.968 - 0.309ms returns FALSE
TE8C4 337:291.552 JLINK_IsHalted()
TE8C4 337:292.000 - 0.479ms returns FALSE
TE8C4 337:292.096 JLINK_IsHalted()
TE8C4 337:292.384 - 0.280ms returns FALSE
TE8C4 337:400.128 JLINK_IsHalted()
TE8C4 337:400.608 - 0.484ms returns FALSE
TE8C4 337:400.704 JLINK_IsHalted()
TE8C4 337:401.024 - 0.338ms returns FALSE
TE8C4 337:509.792 JLINK_IsHalted()
TE8C4 337:510.304 - 0.511ms returns FALSE
TE8C4 337:510.400 JLINK_IsHalted()
TE8C4 337:510.752 - 0.361ms returns FALSE
TE8C4 337:619.520 JLINK_IsHalted()
TE8C4 337:620.032 - 0.518ms returns FALSE
TE8C4 337:620.192 JLINK_IsHalted()
TE8C4 337:620.544 - 0.355ms returns FALSE
TE8C4 337:728.416 JLINK_IsHalted()
TE8C4 337:728.896 - 0.478ms returns FALSE
TE8C4 337:729.088 JLINK_IsHalted()
TE8C4 337:729.472 - 0.405ms returns FALSE
TE8C4 337:838.208 JLINK_IsHalted()
TE8C4 337:838.688 - 0.489ms returns FALSE
TE8C4 337:838.880 JLINK_IsHalted()
TE8C4 337:839.232 - 0.362ms returns FALSE
TE8C4 337:946.816 JLINK_IsHalted()
TE8C4 337:947.232 - 0.405ms returns FALSE
TE8C4 337:947.296 JLINK_IsHalted()
TE8C4 337:947.584 - 0.305ms returns FALSE
TE8C4 338:056.096 JLINK_IsHalted()
TE8C4 338:056.544 - 0.446ms returns FALSE
TE8C4 338:056.640 JLINK_IsHalted()
TE8C4 338:056.992 - 0.321ms returns FALSE
TE8C4 338:165.568 JLINK_IsHalted()
TE8C4 338:165.984 - 0.444ms returns FALSE
TE8C4 338:166.080 JLINK_IsHalted()
TE8C4 338:166.336 - 0.253ms returns FALSE
TE8C4 338:275.424 JLINK_IsHalted()
TE8C4 338:275.872 - 0.430ms returns FALSE
TE8C4 338:275.904 JLINK_IsHalted()
TE8C4 338:276.288 - 0.356ms returns FALSE
T5FB0 338:281.248 JLINK_IsHalted()
T5FB0 338:281.632 - 0.394ms returns FALSE
T5FB0 338:281.696 JLINK_IsHalted()
T5FB0 338:282.016 - 0.296ms returns FALSE
TE8C4 338:384.640 JLINK_IsHalted()
TE8C4 338:385.088 - 0.451ms returns FALSE
TE8C4 338:385.184 JLINK_IsHalted()
TE8C4 338:385.568 - 0.379ms returns FALSE
TE8C4 338:493.760 JLINK_IsHalted()
TE8C4 338:494.336 - 0.574ms returns FALSE
TE8C4 338:494.496 JLINK_IsHalted()
TE8C4 338:494.912 - 0.417ms returns FALSE
TE8C4 338:604.224 JLINK_IsHalted()
TE8C4 338:604.608 - 0.377ms returns FALSE
TE8C4 338:604.672 JLINK_IsHalted()
TE8C4 338:604.960 - 0.298ms returns FALSE
TE8C4 338:713.152 JLINK_IsHalted()
TE8C4 338:713.664 - 0.489ms returns FALSE
TE8C4 338:713.792 JLINK_IsHalted()
TE8C4 338:714.080 - 0.323ms returns FALSE
TE8C4 338:822.368 JLINK_IsHalted()
TE8C4 338:822.976 - 0.603ms returns FALSE
TE8C4 338:823.168 JLINK_IsHalted()
TE8C4 338:823.520 - 0.381ms returns FALSE
TE8C4 338:931.136 JLINK_IsHalted()
TE8C4 338:931.616 - 0.471ms returns FALSE
TE8C4 338:931.712 JLINK_IsHalted()
TE8C4 338:932.032 - 0.348ms returns FALSE
TE8C4 339:040.416 JLINK_IsHalted()
TE8C4 339:040.800 - 0.391ms returns FALSE
TE8C4 339:040.896 JLINK_IsHalted()
TE8C4 339:041.184 - 0.272ms returns FALSE
TE8C4 339:150.144 JLINK_IsHalted()
TE8C4 339:150.592 - 0.439ms returns FALSE
TE8C4 339:150.688 JLINK_IsHalted()
TE8C4 339:151.040 - 0.328ms returns FALSE
TE8C4 339:259.808 JLINK_IsHalted()
TE8C4 339:260.384 - 0.572ms returns FALSE
TE8C4 339:260.544 JLINK_IsHalted()
TE8C4 339:260.992 - 0.450ms returns FALSE
T5FB0 339:284.544 JLINK_IsHalted()
T5FB0 339:284.928 - 0.395ms returns FALSE
T5FB0 339:284.992 JLINK_IsHalted()
T5FB0 339:285.248 - 0.264ms returns FALSE
TE8C4 339:369.120 JLINK_IsHalted()
TE8C4 339:369.664 - 0.524ms returns FALSE
TE8C4 339:369.792 JLINK_IsHalted()
TE8C4 339:370.144 - 0.383ms returns FALSE
TE8C4 339:478.624 JLINK_IsHalted()
TE8C4 339:478.976 - 0.345ms returns FALSE
TE8C4 339:479.040 JLINK_IsHalted()
TE8C4 339:479.360 - 0.293ms returns FALSE
TE8C4 339:587.808 JLINK_IsHalted()
TE8C4 339:588.352 - 0.525ms returns FALSE
TE8C4 339:588.512 JLINK_IsHalted()
TE8C4 339:588.864 - 0.371ms returns FALSE
TE8C4 339:697.408 JLINK_IsHalted()
TE8C4 339:697.920 - 0.531ms returns FALSE
TE8C4 339:698.080 JLINK_IsHalted()
TE8C4 339:698.432 - 0.346ms returns FALSE
TE8C4 339:806.400 JLINK_IsHalted()
TE8C4 339:806.944 - 0.553ms returns FALSE
TE8C4 339:807.072 JLINK_IsHalted()
TE8C4 339:807.552 - 0.454ms returns FALSE
TE8C4 339:915.904 JLINK_IsHalted()
TE8C4 339:916.352 - 0.471ms returns FALSE
TE8C4 339:916.480 JLINK_IsHalted()
TE8C4 339:916.768 - 0.328ms returns FALSE
TE8C4 340:025.120 JLINK_IsHalted()
TE8C4 340:025.664 - 0.547ms returns FALSE
TE8C4 340:025.792 JLINK_IsHalted()
TE8C4 340:026.240 - 0.450ms returns FALSE
TE8C4 340:134.592 JLINK_IsHalted()
TE8C4 340:135.264 - 0.706ms returns FALSE
TE8C4 340:135.424 JLINK_IsHalted()
TE8C4 340:135.872 - 0.427ms returns FALSE
TE8C4 340:244.160 JLINK_IsHalted()
TE8C4 340:244.704 - 0.537ms returns FALSE
TE8C4 340:244.896 JLINK_IsHalted()
TE8C4 340:245.216 - 0.331ms returns FALSE
T5FB0 340:286.720 JLINK_IsHalted()
T5FB0 340:287.104 - 0.386ms returns FALSE
T5FB0 340:287.168 JLINK_IsHalted()
T5FB0 340:287.456 - 0.298ms returns FALSE
TE8C4 340:352.960 JLINK_IsHalted()
TE8C4 340:353.440 - 0.458ms returns FALSE
TE8C4 340:353.504 JLINK_IsHalted()
TE8C4 340:353.760 - 0.265ms returns FALSE
TE8C4 340:462.784 JLINK_IsHalted()
TE8C4 340:463.200 - 0.394ms returns FALSE
TE8C4 340:463.232 JLINK_IsHalted()
TE8C4 340:463.456 - 0.226ms returns FALSE
TE8C4 340:572.160 JLINK_IsHalted()
TE8C4 340:572.736 - 0.592ms returns FALSE
TE8C4 340:572.896 JLINK_IsHalted()
TE8C4 340:573.312 - 0.410ms returns FALSE
TE8C4 340:681.152 JLINK_IsHalted()
TE8C4 340:681.568 - 0.404ms returns FALSE
TE8C4 340:681.632 JLINK_IsHalted()
TE8C4 340:681.824 - 0.223ms returns FALSE
TE8C4 340:790.464 JLINK_IsHalted()
TE8C4 340:790.944 - 0.472ms returns FALSE
TE8C4 340:791.104 JLINK_IsHalted()
TE8C4 340:791.520 - 0.428ms returns FALSE
TE8C4 340:900.736 JLINK_IsHalted()
TE8C4 340:901.184 - 0.456ms returns FALSE
TE8C4 340:901.248 JLINK_IsHalted()
TE8C4 340:901.536 - 0.279ms returns FALSE
TE8C4 341:010.176 JLINK_IsHalted()
TE8C4 341:010.880 - 0.708ms returns FALSE
TE8C4 341:011.040 JLINK_IsHalted()
TE8C4 341:011.488 - 0.415ms returns FALSE
TE8C4 341:119.264 JLINK_IsHalted()
TE8C4 341:119.776 - 0.512ms returns FALSE
TE8C4 341:119.808 JLINK_IsHalted()
TE8C4 341:120.128 - 0.307ms returns FALSE
TE8C4 341:228.320 JLINK_IsHalted()
TE8C4 341:228.896 - 0.573ms returns FALSE
TE8C4 341:229.056 JLINK_IsHalted()
TE8C4 341:229.536 - 0.483ms returns FALSE
T5FB0 341:288.000 JLINK_IsHalted()
T5FB0 341:288.352 - 0.358ms returns FALSE
T5FB0 341:288.416 JLINK_IsHalted()
T5FB0 341:288.704 - 0.286ms returns FALSE
TE8C4 341:337.632 JLINK_IsHalted()
TE8C4 341:337.984 - 0.357ms returns FALSE
TE8C4 341:338.016 JLINK_IsHalted()
TE8C4 341:338.240 - 0.219ms returns FALSE
TE8C4 341:447.104 JLINK_IsHalted()
TE8C4 341:447.744 - 0.599ms returns FALSE
TE8C4 341:447.872 JLINK_IsHalted()
TE8C4 341:448.384 - 0.496ms returns FALSE
TE8C4 341:556.672 JLINK_IsHalted()
TE8C4 341:557.152 - 0.466ms returns FALSE
TE8C4 341:557.184 JLINK_IsHalted()
TE8C4 341:557.600 - 0.406ms returns FALSE
TE8C4 341:666.016 JLINK_IsHalted()
TE8C4 341:666.496 - 0.475ms returns FALSE
TE8C4 341:666.688 JLINK_IsHalted()
TE8C4 341:667.392 - 0.711ms returns FALSE
TE8C4 341:775.296 JLINK_IsHalted()
TE8C4 341:775.680 - 0.359ms returns FALSE
TE8C4 341:775.808 JLINK_IsHalted()
TE8C4 341:776.192 - 0.360ms returns FALSE
TE8C4 341:885.120 JLINK_IsHalted()
TE8C4 341:885.664 - 0.583ms returns FALSE
TE8C4 341:885.824 JLINK_IsHalted()
TE8C4 341:886.208 - 0.369ms returns FALSE
TE8C4 341:994.528 JLINK_IsHalted()
TE8C4 341:994.976 - 0.458ms returns FALSE
TE8C4 341:995.136 JLINK_IsHalted()
TE8C4 341:995.584 - 0.445ms returns FALSE
TE8C4 342:103.328 JLINK_IsHalted()
TE8C4 342:103.904 - 0.598ms returns FALSE
TE8C4 342:104.064 JLINK_IsHalted()
TE8C4 342:104.512 - 0.426ms returns FALSE
TE8C4 342:212.416 JLINK_IsHalted()
TE8C4 342:212.960 - 0.516ms returns FALSE
TE8C4 342:213.056 JLINK_IsHalted()
TE8C4 342:213.472 - 0.398ms returns FALSE
T5FB0 342:289.888 JLINK_IsHalted()
T5FB0 342:290.368 - 0.480ms returns FALSE
T5FB0 342:290.496 JLINK_IsHalted()
T5FB0 342:290.752 - 0.286ms returns FALSE
TE8C4 342:322.240 JLINK_IsHalted()
TE8C4 342:322.752 - 0.523ms returns FALSE
TE8C4 342:322.944 JLINK_IsHalted()
TE8C4 342:323.648 - 0.700ms returns FALSE
TE8C4 342:431.712 JLINK_IsHalted()
TE8C4 342:432.096 - 0.403ms returns FALSE
TE8C4 342:432.192 JLINK_IsHalted()
TE8C4 342:432.480 - 0.299ms returns FALSE
TE8C4 342:541.024 JLINK_IsHalted()
TE8C4 342:541.504 - 0.442ms returns FALSE
TE8C4 342:541.568 JLINK_IsHalted()
TE8C4 342:541.920 - 0.359ms returns FALSE
TE8C4 342:650.560 JLINK_IsHalted()
TE8C4 342:651.008 - 0.468ms returns FALSE
TE8C4 342:651.104 JLINK_IsHalted()
TE8C4 342:651.456 - 0.320ms returns FALSE
TE8C4 342:760.000 JLINK_IsHalted()
TE8C4 342:760.640 - 0.639ms returns FALSE
TE8C4 342:760.768 JLINK_IsHalted()
TE8C4 342:761.184 - 0.412ms returns FALSE
TE8C4 342:869.376 JLINK_IsHalted()
TE8C4 342:870.080 - 0.695ms returns FALSE
TE8C4 342:870.304 JLINK_IsHalted()
TE8C4 342:870.976 - 0.692ms returns FALSE
TE8C4 342:978.592 JLINK_IsHalted()
TE8C4 342:979.008 - 0.395ms returns FALSE
TE8C4 342:979.104 JLINK_IsHalted()
TE8C4 342:979.392 - 0.311ms returns FALSE
TE8C4 343:087.872 JLINK_IsHalted()
TE8C4 343:088.256 - 0.381ms returns FALSE
TE8C4 343:088.320 JLINK_IsHalted()
TE8C4 343:088.576 - 0.275ms returns FALSE
TE8C4 343:197.248 JLINK_IsHalted()
TE8C4 343:197.664 - 0.418ms returns FALSE
TE8C4 343:197.728 JLINK_IsHalted()
TE8C4 343:197.984 - 0.251ms returns FALSE
T5FB0 343:291.424 JLINK_IsHalted()
T5FB0 343:291.968 - 0.538ms returns FALSE
T5FB0 343:292.032 JLINK_IsHalted()
T5FB0 343:292.320 - 0.284ms returns FALSE
TE8C4 343:306.336 JLINK_IsHalted()
TE8C4 343:306.752 - 0.408ms returns FALSE
TE8C4 343:306.816 JLINK_IsHalted()
TE8C4 343:307.104 - 0.315ms returns FALSE
TE8C4 343:416.128 JLINK_IsHalted()
TE8C4 343:416.480 - 0.377ms returns FALSE
TE8C4 343:416.544 JLINK_IsHalted()
TE8C4 343:416.832 - 0.289ms returns FALSE
TE8C4 343:525.088 JLINK_IsHalted()
TE8C4 343:525.504 - 0.419ms returns FALSE
TE8C4 343:525.600 JLINK_IsHalted()
TE8C4 343:525.984 - 0.388ms returns FALSE
TE8C4 343:634.688 JLINK_IsHalted()
TE8C4 343:635.136 - 0.452ms returns FALSE
TE8C4 343:635.264 JLINK_IsHalted()
TE8C4 343:635.552 - 0.325ms returns FALSE
TE8C4 343:743.872 JLINK_IsHalted()
TE8C4 343:744.352 - 0.487ms returns FALSE
TE8C4 343:744.512 JLINK_IsHalted()
TE8C4 343:744.864 - 0.372ms returns FALSE
TE8C4 343:852.992 JLINK_IsHalted()
TE8C4 343:853.632 - 0.626ms returns FALSE
TE8C4 343:853.760 JLINK_IsHalted()
TE8C4 343:854.112 - 0.336ms returns FALSE
TE8C4 343:962.304 JLINK_IsHalted()
TE8C4 343:962.944 - 0.642ms returns FALSE
TE8C4 343:963.008 JLINK_IsHalted()
TE8C4 343:963.232 - 0.224ms returns FALSE
TE8C4 344:071.712 JLINK_IsHalted()
TE8C4 344:072.096 - 0.371ms returns FALSE
TE8C4 344:072.128 JLINK_IsHalted()
TE8C4 344:072.416 - 0.271ms returns FALSE
TE8C4 344:181.120 JLINK_IsHalted()
TE8C4 344:181.728 - 0.614ms returns FALSE
TE8C4 344:181.888 JLINK_IsHalted()
TE8C4 344:182.336 - 0.451ms returns FALSE
TE8C4 344:290.464 JLINK_IsHalted()
TE8C4 344:290.912 - 0.467ms returns FALSE
TE8C4 344:291.008 JLINK_IsHalted()
TE8C4 344:291.424 - 0.398ms returns FALSE
T5FB0 344:293.824 JLINK_IsHalted()
T5FB0 344:294.336 - 0.534ms returns FALSE
T5FB0 344:294.496 JLINK_IsHalted()
T5FB0 344:294.848 - 0.331ms returns FALSE
TE8C4 344:399.936 JLINK_IsHalted()
TE8C4 344:400.544 - 0.583ms returns FALSE
TE8C4 344:400.704 JLINK_IsHalted()
TE8C4 344:401.088 - 0.393ms returns FALSE
TE8C4 344:509.344 JLINK_IsHalted()
TE8C4 344:509.824 - 0.482ms returns FALSE
TE8C4 344:509.920 JLINK_IsHalted()
TE8C4 344:510.272 - 0.335ms returns FALSE
TE8C4 344:618.912 JLINK_IsHalted()
TE8C4 344:619.360 - 0.456ms returns FALSE
TE8C4 344:619.520 JLINK_IsHalted()
TE8C4 344:619.968 - 0.443ms returns FALSE
TE8C4 344:728.160 JLINK_IsHalted()
TE8C4 344:728.640 - 0.466ms returns FALSE
TE8C4 344:728.768 JLINK_IsHalted()
TE8C4 344:729.152 - 0.368ms returns FALSE
TE8C4 344:838.048 JLINK_IsHalted()
TE8C4 344:838.592 - 0.537ms returns FALSE
TE8C4 344:838.784 JLINK_IsHalted()
TE8C4 344:839.104 - 0.342ms returns FALSE
TE8C4 344:947.200 JLINK_IsHalted()
TE8C4 344:947.552 - 0.374ms returns FALSE
TE8C4 344:947.648 JLINK_IsHalted()
TE8C4 344:947.904 - 0.262ms returns FALSE
TE8C4 345:056.576 JLINK_IsHalted()
TE8C4 345:057.088 - 0.544ms returns FALSE
TE8C4 345:057.216 JLINK_IsHalted()
TE8C4 345:057.504 - 0.304ms returns FALSE
TE8C4 345:165.600 JLINK_IsHalted()
TE8C4 345:166.016 - 0.426ms returns FALSE
TE8C4 345:166.080 JLINK_IsHalted()
TE8C4 345:166.400 - 0.289ms returns FALSE
TE8C4 345:275.360 JLINK_IsHalted()
TE8C4 345:275.968 - 0.568ms returns FALSE
TE8C4 345:276.096 JLINK_IsHalted()
TE8C4 345:276.640 - 0.533ms returns FALSE
T5FB0 345:296.704 JLINK_IsHalted()
T5FB0 345:297.152 - 0.421ms returns FALSE
T5FB0 345:297.216 JLINK_IsHalted()
T5FB0 345:297.472 - 0.288ms returns FALSE
TE8C4 345:384.768 JLINK_IsHalted()
TE8C4 345:385.408 - 0.623ms returns FALSE
TE8C4 345:385.568 JLINK_IsHalted()
TE8C4 345:386.048 - 0.492ms returns FALSE
TE8C4 345:494.208 JLINK_IsHalted()
TE8C4 345:494.624 - 0.420ms returns FALSE
TE8C4 345:494.688 JLINK_IsHalted()
TE8C4 345:495.072 - 0.367ms returns FALSE
TE8C4 345:603.008 JLINK_IsHalted()
TE8C4 345:604.160 - 1.157ms returns FALSE
TE8C4 345:604.288 JLINK_IsHalted()
TE8C4 345:604.640 - 0.354ms returns FALSE
TE8C4 345:712.960 JLINK_IsHalted()
TE8C4 345:713.472 - 0.493ms returns FALSE
TE8C4 345:713.632 JLINK_IsHalted()
TE8C4 345:714.048 - 0.408ms returns FALSE
TE8C4 345:822.336 JLINK_IsHalted()
TE8C4 345:822.912 - 0.596ms returns FALSE
TE8C4 345:823.104 JLINK_IsHalted()
TE8C4 345:823.424 - 0.342ms returns FALSE
TE8C4 345:931.872 JLINK_IsHalted()
TE8C4 345:932.416 - 0.543ms returns FALSE
TE8C4 345:932.512 JLINK_IsHalted()
TE8C4 345:932.864 - 0.364ms returns FALSE
TE8C4 346:040.864 JLINK_IsHalted()
TE8C4 346:041.408 - 0.523ms returns FALSE
TE8C4 346:041.536 JLINK_IsHalted()
TE8C4 346:041.952 - 0.397ms returns FALSE
TE8C4 346:149.792 JLINK_IsHalted()
TE8C4 346:150.208 - 0.426ms returns FALSE
TE8C4 346:150.304 JLINK_IsHalted()
TE8C4 346:150.592 - 0.281ms returns FALSE
TE8C4 346:259.456 JLINK_IsHalted()
TE8C4 346:259.968 - 0.510ms returns FALSE
TE8C4 346:260.128 JLINK_IsHalted()
TE8C4 346:260.544 - 0.424ms returns FALSE
T5FB0 346:298.144 JLINK_IsHalted()
T5FB0 346:298.624 - 0.482ms returns FALSE
T5FB0 346:298.688 JLINK_IsHalted()
T5FB0 346:298.976 - 0.274ms returns FALSE
TE8C4 346:369.024 JLINK_IsHalted()
TE8C4 346:369.792 - 0.747ms returns FALSE
TE8C4 346:369.984 JLINK_IsHalted()
TE8C4 346:370.400 - 0.440ms returns FALSE
TE8C4 346:478.112 JLINK_IsHalted()
TE8C4 346:478.624 - 0.512ms returns FALSE
TE8C4 346:478.784 JLINK_IsHalted()
TE8C4 346:479.296 - 0.500ms returns FALSE
TE8C4 346:587.584 JLINK_IsHalted()
TE8C4 346:588.000 - 0.439ms returns FALSE
TE8C4 346:588.096 JLINK_IsHalted()
TE8C4 346:588.448 - 0.363ms returns FALSE
TE8C4 346:697.024 JLINK_IsHalted()
TE8C4 346:697.568 - 0.555ms returns FALSE
TE8C4 346:697.664 JLINK_IsHalted()
TE8C4 346:697.952 - 0.298ms returns FALSE
TE8C4 346:806.752 JLINK_IsHalted()
TE8C4 346:807.264 - 0.521ms returns FALSE
TE8C4 346:807.360 JLINK_IsHalted()
TE8C4 346:807.712 - 0.361ms returns FALSE
TE8C4 346:915.456 JLINK_IsHalted()
TE8C4 346:915.904 - 0.447ms returns FALSE
TE8C4 346:916.032 JLINK_IsHalted()
TE8C4 346:916.320 - 0.296ms returns FALSE
TE8C4 347:025.664 JLINK_IsHalted()
TE8C4 347:026.208 - 0.533ms returns FALSE
TE8C4 347:026.304 JLINK_IsHalted()
TE8C4 347:026.784 - 0.476ms returns FALSE
TE8C4 347:135.136 JLINK_IsHalted()
TE8C4 347:135.680 - 0.555ms returns FALSE
TE8C4 347:135.840 JLINK_IsHalted()
TE8C4 347:136.192 - 0.325ms returns FALSE
TE8C4 347:244.160 JLINK_IsHalted()
TE8C4 347:244.608 - 0.448ms returns FALSE
TE8C4 347:244.704 JLINK_IsHalted()
TE8C4 347:244.960 - 0.266ms returns FALSE
T5FB0 347:300.672 JLINK_IsHalted()
T5FB0 347:301.600 - 0.921ms returns FALSE
T5FB0 347:301.664 JLINK_IsHalted()
T5FB0 347:301.952 - 0.295ms returns FALSE
TE8C4 347:354.080 JLINK_IsHalted()
TE8C4 347:354.496 - 0.413ms returns FALSE
TE8C4 347:354.560 JLINK_IsHalted()
TE8C4 347:354.848 - 0.262ms returns FALSE
TE8C4 347:463.232 JLINK_IsHalted()
TE8C4 347:463.712 - 0.466ms returns FALSE
TE8C4 347:463.808 JLINK_IsHalted()
TE8C4 347:464.256 - 0.415ms returns FALSE
TE8C4 347:572.288 JLINK_IsHalted()
TE8C4 347:572.896 - 0.609ms returns FALSE
TE8C4 347:573.056 JLINK_IsHalted()
TE8C4 347:573.536 - 0.491ms returns FALSE
TE8C4 347:681.568 JLINK_IsHalted()
TE8C4 347:681.984 - 0.441ms returns FALSE
TE8C4 347:682.080 JLINK_IsHalted()
TE8C4 347:682.368 - 0.278ms returns FALSE
TE8C4 347:791.008 JLINK_IsHalted()
TE8C4 347:791.424 - 0.441ms returns FALSE
TE8C4 347:791.552 JLINK_IsHalted()
TE8C4 347:791.840 - 0.305ms returns FALSE
TE8C4 347:900.672 JLINK_IsHalted()
TE8C4 347:901.152 - 0.483ms returns FALSE
TE8C4 347:901.280 JLINK_IsHalted()
TE8C4 347:901.760 - 0.481ms returns FALSE
TE8C4 348:009.408 JLINK_IsHalted()
TE8C4 348:009.920 - 0.468ms returns FALSE
TE8C4 348:010.048 JLINK_IsHalted()
TE8C4 348:010.432 - 0.368ms returns FALSE
TE8C4 348:119.424 JLINK_IsHalted()
TE8C4 348:119.872 - 0.454ms returns FALSE
TE8C4 348:119.968 JLINK_IsHalted()
TE8C4 348:120.320 - 0.361ms returns FALSE
TE8C4 348:228.032 JLINK_IsHalted()
TE8C4 348:228.512 - 0.493ms returns FALSE
TE8C4 348:228.672 JLINK_IsHalted()
TE8C4 348:229.056 - 0.366ms returns FALSE
T5FB0 348:303.040 JLINK_IsHalted()
T5FB0 348:303.744 - 0.676ms returns FALSE
T5FB0 348:303.904 JLINK_IsHalted()
T5FB0 348:304.384 - 0.486ms returns FALSE
TE8C4 348:338.112 JLINK_IsHalted()
TE8C4 348:338.880 - 0.759ms returns FALSE
TE8C4 348:338.912 JLINK_IsHalted()
TE8C4 348:339.232 - 0.311ms returns FALSE
TE8C4 348:446.784 JLINK_IsHalted()
TE8C4 348:447.360 - 0.583ms returns FALSE
TE8C4 348:447.520 JLINK_IsHalted()
TE8C4 348:447.840 - 0.324ms returns FALSE
TE8C4 348:556.416 JLINK_IsHalted()
TE8C4 348:557.024 - 0.620ms returns FALSE
TE8C4 348:557.216 JLINK_IsHalted()
TE8C4 348:557.632 - 0.441ms returns FALSE
TE8C4 348:665.856 JLINK_IsHalted()
TE8C4 348:666.336 - 0.503ms returns FALSE
TE8C4 348:666.432 JLINK_IsHalted()
TE8C4 348:666.720 - 0.273ms returns FALSE
TE8C4 348:775.744 JLINK_IsHalted()
TE8C4 348:776.352 - 0.588ms returns FALSE
TE8C4 348:776.480 JLINK_IsHalted()
TE8C4 348:776.768 - 0.313ms returns FALSE
TE8C4 348:885.024 JLINK_IsHalted()
TE8C4 348:885.440 - 0.421ms returns FALSE
TE8C4 348:885.536 JLINK_IsHalted()
TE8C4 348:885.792 - 0.262ms returns FALSE
TE8C4 348:994.848 JLINK_IsHalted()
TE8C4 348:995.232 - 0.383ms returns FALSE
TE8C4 348:995.264 JLINK_IsHalted()
TE8C4 348:995.520 - 0.231ms returns FALSE
TE8C4 349:103.392 JLINK_IsHalted()
TE8C4 349:103.808 - 0.425ms returns FALSE
TE8C4 349:103.904 JLINK_IsHalted()
TE8C4 349:104.160 - 0.262ms returns FALSE
TE8C4 349:213.248 JLINK_IsHalted()
TE8C4 349:213.760 - 0.507ms returns FALSE
TE8C4 349:213.856 JLINK_IsHalted()
TE8C4 349:214.336 - 0.490ms returns FALSE
T5FB0 349:305.280 JLINK_IsHalted()
T5FB0 349:305.920 - 0.661ms returns FALSE
T5FB0 349:305.984 JLINK_IsHalted()
T5FB0 349:306.240 - 0.256ms returns FALSE
TE8C4 349:322.048 JLINK_IsHalted()
TE8C4 349:322.464 - 0.419ms returns FALSE
TE8C4 349:322.560 JLINK_IsHalted()
TE8C4 349:322.912 - 0.330ms returns FALSE
TE8C4 349:432.032 JLINK_IsHalted()
TE8C4 349:432.544 - 0.511ms returns FALSE
TE8C4 349:432.640 JLINK_IsHalted()
TE8C4 349:432.992 - 0.334ms returns FALSE
TE8C4 349:541.408 JLINK_IsHalted()
TE8C4 349:541.984 - 0.588ms returns FALSE
TE8C4 349:542.144 JLINK_IsHalted()
TE8C4 349:542.528 - 0.370ms returns FALSE
TE8C4 349:649.984 JLINK_IsHalted()
TE8C4 349:650.496 - 0.521ms returns FALSE
TE8C4 349:650.592 JLINK_IsHalted()
TE8C4 349:651.040 - 0.453ms returns FALSE
TE8C4 349:759.808 JLINK_IsHalted()
TE8C4 349:760.224 - 0.437ms returns FALSE
TE8C4 349:760.288 JLINK_IsHalted()
TE8C4 349:760.704 - 0.433ms returns FALSE
TE8C4 349:868.928 JLINK_IsHalted()
TE8C4 349:869.280 - 0.357ms returns FALSE
TE8C4 349:869.344 JLINK_IsHalted()
TE8C4 349:869.632 - 0.291ms returns FALSE
TE8C4 349:978.112 JLINK_IsHalted()
TE8C4 349:978.528 - 0.417ms returns FALSE
TE8C4 349:978.656 JLINK_IsHalted()
TE8C4 349:978.944 - 0.315ms returns FALSE
TE8C4 350:087.424 JLINK_IsHalted()
TE8C4 350:087.840 - 0.416ms returns FALSE
TE8C4 350:088.000 JLINK_IsHalted()
TE8C4 350:088.320 - 0.346ms returns FALSE
TE8C4 350:197.344 JLINK_IsHalted()
TE8C4 350:197.760 - 0.407ms returns FALSE
TE8C4 350:197.824 JLINK_IsHalted()
TE8C4 350:198.112 - 0.281ms returns FALSE
TE8C4 350:306.208 JLINK_IsHalted()
TE8C4 350:306.624 - 0.420ms returns FALSE
TE8C4 350:306.688 JLINK_IsHalted()
TE8C4 350:306.976 - 0.294ms returns FALSE
T5FB0 350:308.416 JLINK_IsHalted()
T5FB0 350:308.736 - 0.311ms returns FALSE
T5FB0 350:308.768 JLINK_IsHalted()
T5FB0 350:308.992 - 0.224ms returns FALSE
TE8C4 350:416.224 JLINK_IsHalted()
TE8C4 350:416.640 - 0.402ms returns FALSE
TE8C4 350:416.704 JLINK_IsHalted()
TE8C4 350:416.992 - 0.296ms returns FALSE
TE8C4 350:525.216 JLINK_IsHalted()
TE8C4 350:525.632 - 0.408ms returns FALSE
TE8C4 350:525.696 JLINK_IsHalted()
TE8C4 350:525.984 - 0.297ms returns FALSE
TE8C4 350:634.784 JLINK_IsHalted()
TE8C4 350:635.232 - 0.464ms returns FALSE
TE8C4 350:635.328 JLINK_IsHalted()
TE8C4 350:635.616 - 0.285ms returns FALSE
TE8C4 350:744.640 JLINK_IsHalted()
TE8C4 350:745.184 - 0.561ms returns FALSE
TE8C4 350:745.376 JLINK_IsHalted()
TE8C4 350:745.792 - 0.443ms returns FALSE
TE8C4 350:853.664 JLINK_IsHalted()
TE8C4 350:854.048 - 0.404ms returns FALSE
TE8C4 350:854.112 JLINK_IsHalted()
TE8C4 350:854.400 - 0.289ms returns FALSE
TE8C4 350:963.296 JLINK_IsHalted()
TE8C4 350:963.840 - 0.537ms returns FALSE
TE8C4 350:963.968 JLINK_IsHalted()
TE8C4 350:964.288 - 0.342ms returns FALSE
TE8C4 351:072.128 JLINK_IsHalted()
TE8C4 351:072.576 - 0.456ms returns FALSE
TE8C4 351:072.704 JLINK_IsHalted()
TE8C4 351:073.088 - 0.391ms returns FALSE
TE8C4 351:181.728 JLINK_IsHalted()
TE8C4 351:182.144 - 0.418ms returns FALSE
TE8C4 351:182.208 JLINK_IsHalted()
TE8C4 351:182.496 - 0.280ms returns FALSE
TE8C4 351:290.944 JLINK_IsHalted()
TE8C4 351:291.456 - 0.470ms returns FALSE
TE8C4 351:291.616 JLINK_IsHalted()
TE8C4 351:292.000 - 0.372ms returns FALSE
T5FB0 351:310.144 JLINK_IsHalted()
T5FB0 351:310.528 - 0.349ms returns FALSE
T5FB0 351:310.560 JLINK_IsHalted()
T5FB0 351:310.880 - 0.298ms returns FALSE
TE8C4 351:400.384 JLINK_IsHalted()
TE8C4 351:400.768 - 0.339ms returns FALSE
TE8C4 351:400.832 JLINK_IsHalted()
TE8C4 351:401.120 - 0.268ms returns FALSE
TE8C4 351:509.536 JLINK_IsHalted()
TE8C4 351:509.984 - 0.463ms returns FALSE
TE8C4 351:510.080 JLINK_IsHalted()
TE8C4 351:510.368 - 0.261ms returns FALSE
TE8C4 351:619.296 JLINK_IsHalted()
TE8C4 351:619.744 - 0.431ms returns FALSE
TE8C4 351:619.808 JLINK_IsHalted()
TE8C4 351:620.096 - 0.280ms returns FALSE
TE8C4 351:728.352 JLINK_IsHalted()
TE8C4 351:728.960 - 0.580ms returns FALSE
TE8C4 351:729.088 JLINK_IsHalted()
TE8C4 351:729.600 - 0.502ms returns FALSE
TE8C4 351:838.272 JLINK_IsHalted()
TE8C4 351:838.784 - 0.482ms returns FALSE
TE8C4 351:838.848 JLINK_IsHalted()
TE8C4 351:839.200 - 0.361ms returns FALSE
TE8C4 351:947.584 JLINK_IsHalted()
TE8C4 351:948.096 - 0.500ms returns FALSE
TE8C4 351:948.160 JLINK_IsHalted()
TE8C4 351:948.544 - 0.385ms returns FALSE
TE8C4 352:056.800 JLINK_IsHalted()
TE8C4 352:057.184 - 0.376ms returns FALSE
TE8C4 352:057.280 JLINK_IsHalted()
TE8C4 352:057.632 - 0.348ms returns FALSE
TE8C4 352:165.952 JLINK_IsHalted()
TE8C4 352:166.368 - 0.392ms returns FALSE
TE8C4 352:166.432 JLINK_IsHalted()
TE8C4 352:166.720 - 0.298ms returns FALSE
TE8C4 352:276.288 JLINK_IsHalted()
TE8C4 352:276.800 - 0.478ms returns FALSE
TE8C4 352:276.864 JLINK_IsHalted()
TE8C4 352:277.216 - 0.362ms returns FALSE
T5FB0 352:311.520 JLINK_IsHalted()
T5FB0 352:311.904 - 0.379ms returns FALSE
T5FB0 352:312.032 JLINK_IsHalted()
T5FB0 352:312.416 - 0.404ms returns FALSE
TE8C4 352:384.448 JLINK_IsHalted()
TE8C4 352:384.928 - 0.485ms returns FALSE
TE8C4 352:385.088 JLINK_IsHalted()
TE8C4 352:385.568 - 0.440ms returns FALSE
TE8C4 352:494.368 JLINK_IsHalted()
TE8C4 352:494.784 - 0.406ms returns FALSE
TE8C4 352:494.912 JLINK_IsHalted()
TE8C4 352:495.296 - 0.354ms returns FALSE
TE8C4 352:603.712 JLINK_IsHalted()
TE8C4 352:604.128 - 0.398ms returns FALSE
TE8C4 352:604.224 JLINK_IsHalted()
TE8C4 352:604.544 - 0.331ms returns FALSE
TE8C4 352:713.152 JLINK_IsHalted()
TE8C4 352:713.600 - 0.455ms returns FALSE
TE8C4 352:713.696 JLINK_IsHalted()
TE8C4 352:714.048 - 0.325ms returns FALSE
TE8C4 352:822.560 JLINK_IsHalted()
TE8C4 352:823.072 - 0.521ms returns FALSE
TE8C4 352:823.232 JLINK_IsHalted()
TE8C4 352:823.552 - 0.337ms returns FALSE
TE8C4 352:931.936 JLINK_IsHalted()
TE8C4 352:932.288 - 0.331ms returns FALSE
TE8C4 352:932.320 JLINK_IsHalted()
TE8C4 352:932.672 - 0.349ms returns FALSE
TE8C4 353:040.864 JLINK_IsHalted()
TE8C4 353:041.280 - 0.411ms returns FALSE
TE8C4 353:041.344 JLINK_IsHalted()
TE8C4 353:041.600 - 0.288ms returns FALSE
TE8C4 353:150.272 JLINK_IsHalted()
TE8C4 353:150.688 - 0.432ms returns FALSE
TE8C4 353:150.752 JLINK_IsHalted()
TE8C4 353:151.040 - 0.271ms returns FALSE
TE8C4 353:259.616 JLINK_IsHalted()
TE8C4 353:259.936 - 0.315ms returns FALSE
TE8C4 353:260.000 JLINK_IsHalted()
TE8C4 353:260.320 - 0.305ms returns FALSE
T5FB0 353:313.728 JLINK_IsHalted()
T5FB0 353:314.112 - 0.402ms returns FALSE
T5FB0 353:314.208 JLINK_IsHalted()
T5FB0 353:314.560 - 0.361ms returns FALSE
TE8C4 353:369.376 JLINK_IsHalted()
TE8C4 353:369.760 - 0.381ms returns FALSE
TE8C4 353:369.792 JLINK_IsHalted()
TE8C4 353:370.048 - 0.230ms returns FALSE
TE8C4 353:478.688 JLINK_IsHalted()
TE8C4 353:479.104 - 0.447ms returns FALSE
TE8C4 353:479.232 JLINK_IsHalted()
TE8C4 353:479.552 - 0.326ms returns FALSE
TE8C4 353:588.192 JLINK_IsHalted()
TE8C4 353:588.704 - 0.511ms returns FALSE
TE8C4 353:588.800 JLINK_IsHalted()
TE8C4 353:589.120 - 0.305ms returns FALSE
TE8C4 353:696.992 JLINK_IsHalted()
TE8C4 353:697.344 - 0.314ms returns FALSE
TE8C4 353:697.344 JLINK_IsHalted()
TE8C4 353:697.600 - 0.220ms returns FALSE
TE8C4 353:807.040 JLINK_IsHalted()
TE8C4 353:807.552 - 0.508ms returns FALSE
TE8C4 353:807.680 JLINK_IsHalted()
TE8C4 353:808.128 - 0.447ms returns FALSE
TE8C4 353:915.968 JLINK_IsHalted()
TE8C4 353:916.480 - 0.495ms returns FALSE
TE8C4 353:916.640 JLINK_IsHalted()
TE8C4 353:917.024 - 0.389ms returns FALSE
TE8C4 354:025.120 JLINK_IsHalted()
TE8C4 354:025.440 - 0.355ms returns FALSE
TE8C4 354:025.504 JLINK_IsHalted()
TE8C4 354:025.728 - 0.228ms returns FALSE
TE8C4 354:135.424 JLINK_IsHalted()
TE8C4 354:135.840 - 0.400ms returns FALSE
TE8C4 354:135.872 JLINK_IsHalted()
TE8C4 354:136.096 - 0.228ms returns FALSE
TE8C4 354:243.872 JLINK_IsHalted()
TE8C4 354:244.288 - 0.408ms returns FALSE
TE8C4 354:244.320 JLINK_IsHalted()
TE8C4 354:244.672 - 0.360ms returns FALSE
T5FB0 354:316.480 JLINK_IsHalted()
T5FB0 354:316.864 - 0.381ms returns FALSE
T5FB0 354:316.896 JLINK_IsHalted()
T5FB0 354:317.216 - 0.294ms returns FALSE
TE8C4 354:353.344 JLINK_IsHalted()
TE8C4 354:353.728 - 0.405ms returns FALSE
TE8C4 354:353.792 JLINK_IsHalted()
TE8C4 354:354.080 - 0.286ms returns FALSE
TE8C4 354:462.912 JLINK_IsHalted()
TE8C4 354:463.456 - 0.536ms returns FALSE
TE8C4 354:463.648 JLINK_IsHalted()
TE8C4 354:464.064 - 0.406ms returns FALSE
TE8C4 354:571.776 JLINK_IsHalted()
TE8C4 354:572.352 - 0.561ms returns FALSE
TE8C4 354:572.480 JLINK_IsHalted()
TE8C4 354:572.896 - 0.420ms returns FALSE
TE8C4 354:681.408 JLINK_IsHalted()
TE8C4 354:681.856 - 0.462ms returns FALSE
TE8C4 354:681.984 JLINK_IsHalted()
TE8C4 354:682.336 - 0.346ms returns FALSE
TE8C4 354:791.392 JLINK_IsHalted()
TE8C4 354:791.840 - 0.443ms returns FALSE
TE8C4 354:791.936 JLINK_IsHalted()
TE8C4 354:792.192 - 0.253ms returns FALSE
TE8C4 354:900.320 JLINK_IsHalted()
TE8C4 354:900.736 - 0.401ms returns FALSE
TE8C4 354:900.800 JLINK_IsHalted()
TE8C4 354:901.088 - 0.278ms returns FALSE
TE8C4 355:009.600 JLINK_IsHalted()
TE8C4 355:010.112 - 0.528ms returns FALSE
TE8C4 355:010.240 JLINK_IsHalted()
TE8C4 355:010.592 - 0.321ms returns FALSE
TE8C4 355:119.360 JLINK_IsHalted()
TE8C4 355:120.608 - 1.270ms returns FALSE
TE8C4 355:120.736 JLINK_IsHalted()
TE8C4 355:121.088 - 0.346ms returns FALSE
TE8C4 355:228.448 JLINK_IsHalted()
TE8C4 355:228.960 - 0.525ms returns FALSE
TE8C4 355:229.120 JLINK_IsHalted()
TE8C4 355:229.504 - 0.397ms returns FALSE
T5FB0 355:320.640 JLINK_IsHalted()
T5FB0 355:321.088 - 0.459ms returns FALSE
T5FB0 355:321.152 JLINK_IsHalted()
T5FB0 355:321.440 - 0.287ms returns FALSE
TE8C4 355:338.080 JLINK_IsHalted()
TE8C4 355:338.528 - 0.440ms returns FALSE
TE8C4 355:338.560 JLINK_IsHalted()
TE8C4 355:338.848 - 0.276ms returns FALSE
TE8C4 355:448.352 JLINK_IsHalted()
TE8C4 355:448.832 - 0.496ms returns FALSE
TE8C4 355:448.928 JLINK_IsHalted()
TE8C4 355:449.248 - 0.295ms returns FALSE
TE8C4 355:556.992 JLINK_IsHalted()
TE8C4 355:557.568 - 0.542ms returns FALSE
TE8C4 355:557.664 JLINK_IsHalted()
TE8C4 355:558.144 - 0.484ms returns FALSE
TE8C4 355:665.888 JLINK_IsHalted()
TE8C4 355:666.336 - 0.443ms returns FALSE
TE8C4 355:666.464 JLINK_IsHalted()
TE8C4 355:666.848 - 0.370ms returns FALSE
TE8C4 355:775.680 JLINK_IsHalted()
TE8C4 355:776.224 - 0.552ms returns FALSE
TE8C4 355:776.320 JLINK_IsHalted()
TE8C4 355:776.736 - 0.415ms returns FALSE
TE8C4 355:885.376 JLINK_IsHalted()
TE8C4 355:885.824 - 0.450ms returns FALSE
TE8C4 355:885.952 JLINK_IsHalted()
TE8C4 355:886.240 - 0.275ms returns FALSE
TE8C4 355:994.592 JLINK_IsHalted()
TE8C4 355:995.072 - 0.471ms returns FALSE
TE8C4 355:995.104 JLINK_IsHalted()
TE8C4 355:995.552 - 0.421ms returns FALSE
TE8C4 356:103.360 JLINK_IsHalted()
TE8C4 356:103.904 - 0.539ms returns FALSE
TE8C4 356:103.968 JLINK_IsHalted()
TE8C4 356:104.320 - 0.355ms returns FALSE
TE8C4 356:212.384 JLINK_IsHalted()
TE8C4 356:212.864 - 0.481ms returns FALSE
TE8C4 356:212.928 JLINK_IsHalted()
TE8C4 356:213.312 - 0.369ms returns FALSE
TE8C4 356:321.088 JLINK_ClrBPEx(BPHandle = 0x00000003)
TE8C4 356:321.440   CPU is running
TE8C4 356:323.104 - 2.014ms returns 0x00
T5FB0 356:323.200 JLINK_IsHalted()
T5FB0 356:323.456 - 0.244ms returns FALSE
T5FB0 356:323.520 JLINK_IsHalted()
T5FB0 356:323.744 - 0.245ms returns FALSE
TE8C4 356:323.840 JLINK_IsHalted()
TE8C4 356:324.160 - 0.336ms returns FALSE
TE8C4 356:324.256 JLINK_IsHalted()
TE8C4 356:324.544 - 0.273ms returns FALSE
T3D64 356:325.408 JLINK_ExecCommand("SetRestartOnClose = 1", ...). 
T3D64 356:325.504 - 0.002ms returns 0x00
T3D64 356:325.536 JLINK_ClrBPEx(BPHandle = 0xFFFFFFFF)
T3D64 356:325.568 - 0.039ms returns 0x00
T3D64 356:325.600 JLINK_IsHalted()
T3D64 356:325.920 - 0.305ms returns FALSE
T3D64 356:326.016 JLINK_STRACE_Read(..., NumItems = 0x10000)
T3D64 358:395.968 - 2069.949ms NumItemsRead = 0xFFFFFFFF
T3D64 358:396.864 JLINK_GoEx(MaxEmulInsts = 0, Flags = 0x01)
T3D64 358:397.120   
  ***** Error: 
T3D64 358:397.216   CPU is not halted
T3D64 358:397.248 - 0.388ms
T3D64 358:397.280 JLINK_ReadReg(AARCH32_CPSR)
T3D64 358:397.600   CPU is running
T3D64 358:397.664   
  ***** Error: 
T3D64 358:397.760   Cannot read register 149 (AARCH32_CPSR) while CPU is running
T3D64 358:397.824 - 0.528ms returns 0x00000000
T3D64 358:402.816 JLINK_Close()
T3D64 358:422.432 - 19.599ms
T3D64 358:422.496   
T3D64 358:422.560   Closed
